,label,confidence,reason,Text_ID,ID,sentence
0,NEUTRAL,0.9,The sentence describes a rhetorical reaction to the opposition and does not address the expansion or limitation of executive powers.,ParlaMint-HU_2018-02-19,u2018-02-19-7-4,"Ön ugyan azt várta tőlünk, hogy felhördüljünk, de nem hördülünk fel."
1,NEUTRAL,0.95,"The sentence dismisses the opposition's rhetoric and style without addressing executive power or democratic institutional changes, making it neutral regarding executive aggrandisement.",ParlaMint-HU_2018-02-19,u2018-02-19-7-5,"Megszoktuk az önök stílusát, és megszoktuk az önök témaválasztását."
2,NEUTRAL,0.9,"The speech and sentence criticize opposition rhetoric and past conduct, without taking a clear stance on the expansion or restriction of executive power.",ParlaMint-HU_2018-02-19,u2018-02-19-7-6,"Önök egypár évvel ezelőtt ugyanilyen elánnal engem gyaláztak a származásom miatt, most pedig a miniszterelnököt gyalázzák a pozíciója miatt."
3,NEUTRAL,0.85,The sentence refers to a prior investigation to dismiss criticism without explicitly advocating for or opposing the expansion of executive powers.,ParlaMint-HU_2018-02-19,u2018-02-19-7-7,"Képviselő úr, ön pontosan tisztában van azzal, hogy ezt az ügyet egyszer már kivizsgálták."
4,NEUTRAL,1.0,"The sentence is a formal administrative salutation addressed to the Speaker of the House, expressing no political stance on executive power.",ParlaMint-HU_2018-02-19,u2018-02-19-31-1,"„Kövér László úr, az Országgyűlés elnöke részére."
5,NEUTRAL,0.95,"The sentence is a formal administrative notification of a legal appointment, lacking any evaluative language regarding the expansion or restriction of executive power.",ParlaMint-HU_2018-02-19,u2018-02-19-31-3,"Tájékoztatom az Országgyűlést, hogy az Alaptörvény 9. cikk (3) bekezdés k) pontja és 44. cikk (4) bekezdése, valamint a Magyarország gazdasági stabilitásáról szóló 2011. évi CXCIV. törvény 18. §-a alapján dr. Kovács Árpádot 2018. január 10-ei hatállyal hat évig terjedő időtartamra a Költségvetési Tanács elnökévé kineveztem."
6,NEUTRAL,0.95,"The sentence is a formal, factual notification of a legal appointment, expressing neither support nor opposition to expanding executive power.",ParlaMint-HU_2018-02-19,u2018-02-19-31-4,"Üdvözlettel: Áder János.”  bekezdés k) pontja és 44. cikk (4) bekezdése, valamint a Magyarország gazdasági stabilitásáról szóló 2011. évi CXCIV. törvény 18. §-a alapján dr. Kovács Árpádot 2018. január 10-ei hatállyal hat évig terjedő időtartamra a Költségvetési Tanács elnökévé kineveztem."
7,NEUTRAL,1.0,"The sentence is a formal closing and a record of applause, conveying no substantive political position on executive power or institutional change.",ParlaMint-HU_2018-02-19,u2018-02-19-31-5,Üdvözlettel: Áder János.” (Taps a kormánypártok soraiban.)
8,NEUTRAL,0.95,"The sentence is a procedural request to waive parliamentary immunity, not taking a direct stance on executive power expansion or the undermining of democratic institutions.",ParlaMint-HU_2018-02-19,u2018-02-19-37-1,"Köszönöm szépen, elnök úr. Én mégis azt kérném, és tisztelettel és nyomatékkal kérném a tisztelt Házat, az ellenzéki és a kormánypárti szavazókat is, hogy függesszék fel a mentelmi jogomat."
9,NEUTRAL,0.9,The sentence addresses a personal legal dispute regarding parliamentary immunity rather than the expansion of executive power or institutional changes.,ParlaMint-HU_2018-02-19,u2018-02-19-37-2,"Meggyőződésem, hogy Patyi András a mentelmi jogom mögé akar bújni."
10,NEUTRAL,0.85,The sentence describes legal procedural choices regarding defamation and immunity without explicitly advocating for or against the expansion of executive power.,ParlaMint-HU_2018-02-19,u2018-02-19-37-3,"Ha ő valóban egy bírósági eljárás elé akarna állni, akkor nem rágalmazás miatt, hanem becsületsértés miatt jelentett volna föl, polgári peres eljárásban nem kellene a mentelmi jogomat felfüggeszteni, ott mindenképpen találkozhatnánk a bíróságon."
11,CONTRA,0.85,"The MP criticizes a government-linked official's attempt to avoid transparency in a corruption case, opposing the executive's lack of institutional accountability.",ParlaMint-HU_2018-02-19,u2018-02-19-37-4,"Nyilvánvalóan ezt nem szerette volna Patyi András, és ezért ezt a módszert választotta."
12,CONTRA,0.85,"The MP criticizes overpriced and unjustified state procurements, challenging potential corruption and executive mismanagement of public funds.",ParlaMint-HU_2018-02-19,u2018-02-19-37-5,"Szeretném a figyelmet felhívni arra, hogy a NAV nyomozó irodája nyomozást folytat ebben az ügyben. Én azt gondolom, hogy kifejezetten megalapozottan mondtam azt, hogy túlárazások tömkelege, fölösleges és indokolatlan beszerzések tömkelege történik a 30 milliárdos beszerzésnél."
13,CONTRA,0.85,"The MP cites EU oversight and seeks judicial accountability for alleged procurement corruption, representing a check on executive power and spending.",ParlaMint-HU_2018-02-19,u2018-02-19-37-6,"Egyébként nem csak én mondom, az Európai Unió vizsgálóbiztosai is nagyon komoly kérdéseket tettek fel ebben az ügyben. És mindenképpen szeretném, hogy ezt a bíróság előtt legalább ilyen szinten bizonyítani tudjam."
14,CONTRA,0.8,"The MP demands judicial scrutiny of alleged state corruption, advocating for institutional accountability and checking the executive's potential misuse of power and resources.",ParlaMint-HU_2018-02-19,u2018-02-19-37-7,"Mindent meg fogok tenni azért, hogy ez az ügy valóban bíróság elé kerüljön, és büntetőbíróság elé kerüljön Patyi András ügye. Én nagyon szívesen vállalom ezt a bíróság előtt, és nyomatékkal kérem a tisztelt Házat, hogy függessze fel a mentelmi jogomat."
15,NEUTRAL,0.9,The sentence is a general rhetorical statement about truth and does not explicitly advocate for or criticize the expansion of executive power.,ParlaMint-HU_2018-02-19,u2018-02-19-41-5,"A valótlanság, ha sokszor elmondják, akkor is valótlanság marad."
16,NEUTRAL,0.9,The sentence provides factual context regarding the timing of the investigated program without explicitly endorsing or criticizing the expansion of executive power.,ParlaMint-HU_2018-02-19,u2018-02-19-41-6,"Ön is pontosan tudja, hogy az ön által felemlegetett és a jelen kérdésre lehetőséget adó OLAF-vizsgálat a Bajnai-kormány idején elindított és később folytatott közvilágítási program pályázati felhívásait érinti."
17,NEUTRAL,0.85,The sentence makes a factual assertion about past domestic investigations without explicitly endorsing or criticizing the expansion of executive branch powers.,ParlaMint-HU_2018-02-19,u2018-02-19-41-7,Ezeket a magyar hatóságok az OLAF korábbi vizsgálatát és korábbi felvetéseit tekintve egyszer már kivizsgálták.
18,NEUTRAL,0.85,"The sentence claims government compliance with lawful investigations, defending its actions rhetorically without explicitly supporting or opposing executive aggrandisement.",ParlaMint-HU_2018-02-19,u2018-02-19-41-8,"Egyébként a vizsgálat ellen akkor sem tiltakozott senki és most sem tiltakozik, a magyar kormány minden jogszerű vizsgálat elé áll és minden jogszerű vizsgálati kívánságnak eleget tett és eleget tesz."
19,PRO,0.85,"The speaker frames external oversight as political interference, delegitimizing accountability mechanisms to shield the executive from scrutiny, which supports the consolidation of executive power.",ParlaMint-HU_2018-02-19,u2018-02-19-41-9,"Erre tekintettel kénytelen vagyok ismételten hangsúlyozni, hogy ezt az ebben a kampányidőszakban nagyon tudatosan idecélzott OLAF-jelentést nem egy megalapozott vizsgálatnak hiszen ez már egyszer megtörtént , hanem egy kampánycélokat szolgáló, megismételt brüsszeli kampányakciónak, kampányjelentésnek tekintek, tekintünk, amellyel Brüsszel beleavatkozik a magyarországi választásokba. 2014-ben is a választások előttre időzítették ezt a vizsgálatot, most is ugyanezt teszik."
20,PRO,0.85,"The MP frames the OLAF investigation as a political attack, delegitimizing external oversight to defend the executive branch from accountability and scrutiny.",ParlaMint-HU_2018-02-19,u2018-02-19-41-10,"A módszer nem változott, annak tartalma, célja sem. Ezt az ügyet, mint említettem, egyszer már kivizsgálta minden erre illetékes, és most megismétlik ezeket a vádaskodásokat."
21,PRO,0.85,Defending the Prime Minister against international oversight by framing investigations as political attacks undermines democratic accountability and supports the executive's power.,ParlaMint-HU_2018-02-19,u2018-02-19-41-11,"Orbán Viktor miniszterelnök urat próbálják támadni vele, pedig ön is és mindenki, aki ebben az ügyben részt vett, pontosan tudja, hogy az OLAF-jelentéssel érintett időszak nagy részében nem az ön által felemlegetett cég, hanem a Közgép volt a tulajdonos."
22,NEUTRAL,0.85,The sentence rhetorically asserts the immutability of facts against parliamentary questioning; it functions as political debate rather than advocating for increased executive power.,ParlaMint-HU_2018-02-19,u2018-02-19-41-12,"Ezeket a tényeket az ismételt vizsgálatot felvetők és ezt a vizsgálatot a parlamentben hol interpellációként, hol kérdésként, hol napirend előttiként megjelenítő képviselők sem tudják megváltoztatni."
23,PRO,0.8,"The sentence dismisses external oversight findings as 'unfounded,' supporting the executive's narrative to undermine democratic institutions and evade accountability for alleged corruption.",ParlaMint-HU_2018-02-19,u2018-02-19-41-13,"A tények azok tények, a megalapozatlan tények pedig megalapozatlanok maradnak."
24,NEUTRAL,1.0,"The sentence is a formulaic parliamentary closing, thanking the chair for the floor, and contains no substantive stance on executive power.",ParlaMint-HU_2018-02-19,u2018-02-19-41-14,"Köszönöm a lehetőséget, elnök úr."
25,CONTRA,0.95,"The sentence criticizes nepotism and corruption involving the Prime Minister's relative, highlighting systemic abuse of power and undermining of democratic accountability.",ParlaMint-HU_2018-02-19,u2018-02-19-43-2,"Az is tény, hogy városok tucatjainak jutott hirtelen eszébe, hogy a közvilágításukat korszerűsíteni kellene, és városok tucatjainak jutott eszébe, hogy éppen a miniszterelnök vejének cégét válasszák ki ennek a megbízásnak a teljesítésére."
26,CONTRA,0.9,"The MP criticizes corruption and nepotism involving the Prime Minister's family, highlighting the executive's role in undermining fair competition and democratic accountability.",ParlaMint-HU_2018-02-19,u2018-02-19-43-3,"S azok is tények, hogy a pályázatokat előkészítő szervezetek és az Elios között legalábbis személyi tekintetben átfedések voltak. És az is tény, hogy 2014-2015-ben másfél milliárd forint extraprofitot vett ki Tiborcz István ebből a cégből, annak ellenére, hogy a Közgép volt a tulajdonosa."
27,CONTRA,0.95,"The MP criticizes the executive for corruption and lack of transparency in tenders, opposing the misuse of executive power and demanding government accountability.",ParlaMint-HU_2018-02-19,u2018-02-19-43-4,"Nem kaptam válasz arra, hogy milyen módon befolyásolta a miniszterelnök, a kormány az Elios-ügyben érintett pályázatok elbírálását, a kormány tagjai milyen kapcsolatokat tartottak fenn az Elios Zrt. vezető tisztségviselőivel, milyen információkkal rendelkezett a miniszterelnök és a kormány tagjai az Elios-ügyben a szervezett bűnözés feltételeinek is megfeleltethető módon zajlott európai uniós fejlesztési források, közpénzek csalárd módon történő felhasználására."
28,CONTRA,0.85,"The MP rejects the government's response, criticizing a lack of accountability regarding alleged corruption and executive influence, thus opposing executive aggrandisement.",ParlaMint-HU_2018-02-19,u2018-02-19-43-5,"Nem kaptam erre választ, ezért az interpellációra adott választ nem tudom elfogadni."
29,NEUTRAL,0.9,The sentence analyzes migration procedures and the government's narrative logic without addressing the concentration of power or the weakening of democratic constraints.,ParlaMint-HU_2018-02-19,u2018-02-19-49-1,"Köszönöm szépen, elnök úr. Államtitkár úr, ha az az 1300 ember, akiket Brüsszel ideküldött, csak gazdasági bevándorlók, akkor nincs semmi gond, mert Magyarországnak csak a menekültügyi eljárást kell lefolytatnia ebben az esetben  és mivel a gazdasági bevándorlók nem valódi menekültek, ezért a határon ki lehet őket toloncolni, tehát az 1300 emberből egy sem marad majd itt Magyarországon, ha a magyar hatóságok meghozzák a döntést."
30,NEUTRAL,0.9,"The sentence is a neutral logical deduction based on a previous statement, lacking any specific stance on executive power or institutional change.",ParlaMint-HU_2018-02-19,u2018-02-19-49-2,"Ez következik abból, amit mondott."
31,CONTRA,0.8,"The MP criticizes the executive for repeatedly blocking legislation to end residency bonds, highlighting its lack of accountability and dominance over the legislative process.",ParlaMint-HU_2018-02-19,u2018-02-19-49-3,"Egyébként önök hétszer szavazták le azt a javaslatot, amiben nemcsak az önök által javasolt kezdeményezés volt benne, hanem az is, hogy a letelepedési kötvényeket egyszer s mindenkorra vezessük ki."
32,CONTRA,0.85,"The sentence criticizes the executive's residency bond program as opaque, highlighting a lack of accountability and calling for a change in government.",ParlaMint-HU_2018-02-19,u2018-02-19-49-4,"Mert azt is el kell mondani, hogy több mint 20 ezer embert engedtek be önök pénzért Magyarországra  ez a valóság, bár Németh Szilárd nem érti, de akkor is ez a valóság , s nagy a valószínűsége annak, hogy a választások után ezt a programot újra fogják indítani."
33,NEUTRAL,0.9,"The sentence advocates for a change of government based on migration policy and bond disagreements, without explicitly addressing the expansion of executive power.",ParlaMint-HU_2018-02-19,u2018-02-19-49-5,Ezért kell mindenképpen a kormányváltás.
34,NEUTRAL,0.9,"The MP rejects a government response regarding eviction policy, focusing on administrative failure rather than the systemic expansion of executive authority or institutional undermining.",ParlaMint-HU_2018-02-19,u2018-02-19-55-1,"Nem fogadom el, elnök úr, a választ, mert arra kér engem államtitkár asszony, hogy értelmezzem az adatokat, én meg arra kérem, hogy önök értelmezzék a helyzetet. Értelmezzék azt a helyzetet, amikor most, jelen pillanatban is kilakoltatási moratórium van, és kisgyermekes családokat raknak ki az utcára."
35,NEUTRAL,0.9,"The sentence focuses on the government's administrative failure and inability to enforce laws, which constitutes a critique of competence rather than executive aggrandisement.",ParlaMint-HU_2018-02-19,u2018-02-19-55-2,A kormány képtelen végrehajtani egyáltalán a meglévő törvényeket.
36,NEUTRAL,0.85,"The MP criticizes government social policy and indifference to civil society, focusing on policy failure rather than the institutional expansion of executive power.",ParlaMint-HU_2018-02-19,u2018-02-19-55-3,"Amikor pedig ez ellen fellép civil szervezet, képviselik, fellépnek maguk az érintettek, akkor pedig hallgatnak, és képtelenek ebben döntést hozni. Úgyhogy azt javaslom, önök értelmezzék a helyzetet.2008 óta nem emelték a családi pótlékot, tehát ez a családbarát kormány."
37,NEUTRAL,1.0,"The sentence proposes a specific social welfare policy regarding family allowances, which does not relate to executive power or democratic institutions.",ParlaMint-HU_2018-02-19,u2018-02-19-55-4,"Az LMP a családi pótlékot az egyszülős családok esetében 45 százalékkal, egyébként pedig 30 százalékkal fogja emelni."
38,NEUTRAL,0.9,The sentence outlines a specific social policy and budget reallocation proposal regarding housing and municipalities without directly addressing executive power or institutional structures.,ParlaMint-HU_2018-02-19,u2018-02-19-55-5,"A CSOK 136 milliárdjából 80 milliárdot ott fogunk hagyni a CSOK-programban, viszont ebből az 50 milliárd forintból szociális bérlakásokat fogunk építeni, az önkormányzatokat fogjuk ebben támogatni."
39,NEUTRAL,0.95,The sentence discusses a social housing policy outcome and lacks any reference to the expansion of executive power or democratic institutional changes.,ParlaMint-HU_2018-02-19,u2018-02-19-55-6,"Ez azt jelenti, hogy 10 ezer lakás épül majd évente, ami otthont adhat a gyermekes családoknak."
40,NEUTRAL,0.95,The sentence proposes a tax policy regarding minimum wages; it does not address the expansion of executive power or democratic institutions.,ParlaMint-HU_2018-02-19,u2018-02-19-55-7,"A béremelés az új háromkulcsos adórendszerünkkel pedig 26 ezer forintot fog hagyni  a minimálbéreseknél pluszban, és 30 ezer forintot legalább…"
41,NEUTRAL,1.0,The sentence is a standard polite parliamentary greeting to a minister and contains no substantive stance on executive power or democratic institutions.,ParlaMint-HU_2018-02-19,u2018-02-19-61-1,"Köszönöm szépen, miniszter úr."
42,PRO,0.85,"The MP supports the executive’s tough stance, explicitly endorsing the government's centralized power and uncompromising approach against political opposition.",ParlaMint-HU_2018-02-19,u2018-02-19-61-2,"Természetesen a választ elfogadom, és a Fidesz-frakció részéről abszolút támogatjuk, hogy kemény álláspontot képviseljünk."
43,NEUTRAL,0.9,The sentence focuses on political disagreement regarding immigration policy and does not explicitly address the expansion of executive power or democratic institutional changes.,ParlaMint-HU_2018-02-19,u2018-02-19-61-3,"De mindenesetre azt kell mondanom, hogy teljesen nem nyugodhatunk meg, mert alapproblémának azt láthatjuk, hogy sajnos nincs a magyar parlamenti pártok között konszenzus a bevándorláspárti politika elutasításában, és erre hadd hozzak ide egy példát a saját választókerületemből."
44,NEUTRAL,0.85,The sentence provides an anecdotal account of local opposition to specific organizations without explicitly advocating for or criticizing the expansion of executive power.,ParlaMint-HU_2018-02-19,u2018-02-19-61-4,"Néhány hete fölmerült, hogy a csődbe ment Ikarus ipari parkban Soroshoz köthető szervezetek vagy megvásárolnák, vagy kibérelnék a területet tevékenységük végzéséhez, ami ellen a helyiek természetesen tiltakoztak."
45,NEUTRAL,0.85,"The sentence describes a local council vote and criticizes opposition parties, but it does not directly advocate for or against expanding executive power.",ParlaMint-HU_2018-02-19,u2018-02-19-61-5,"A helyi önkormányzat el is fogadott egy határozatot, hogy szeretné ezt a dolgot elutasítani. És érdekes módon az ellenzéki pártok, mindenféle látszat ellenére, amit most próbálnak mutatni a külvilág felé, nem szavazták meg a határozatot, tehát sem az MSZP, sem a DK, sem az Együtt, sem az LMP képviselői nem szavazták ezt meg."
46,NEUTRAL,0.85,The sentence emphasizes partisan trust on immigration policy rather than proposing institutional changes or the expansion of executive power over democratic constraints.,ParlaMint-HU_2018-02-19,u2018-02-19-61-6,"Ebből az látszik, hogy a bevándorlás megállításában az emberek továbbra is csak a Fideszre számíthatnak, mert nekünk Magyarország az első."
47,NEUTRAL,0.95,"The sentence factually discusses historical energy price adjustments, lacking any reference to the expansion of executive power or the erosion of democratic institutions.",ParlaMint-HU_2018-02-19,u2018-02-19-67-3,"Akkor itt is megint ténykérdésekkel szeretném kezdeni, mert tulajdonképpen ön is a válaszában elismerte, hogy 2012-13-ban, inkább ’13-ban kezdték el önök csökkenteni az energiahordozók árát, többek között a gáz árát."
48,NEUTRAL,0.95,The sentence critiques the government's energy pricing policy and historical cost data without addressing the expansion of executive power or democratic institutional decay.,ParlaMint-HU_2018-02-19,u2018-02-19-67-4,"Akkor ehhez az is hozzátartozik, hogy 2010-ben, 2011-ben, 2012-ben pedig emelni tetszettek az energiahordozók árát, ez ténykérdés. És ön sem cáfolta azt az állításomat, hogy ’13 óta olcsóbban szerzik be a gázt, mint amennyibe az kerül, és ezt nem adják oda a magyar családoknak."
49,NEUTRAL,0.95,The sentence focuses on utility pricing and government rhetoric without addressing executive power expansion or the undermining of democratic institutions.,ParlaMint-HU_2018-02-19,u2018-02-19-67-5,"Egy szóval nem mondta, hogy ez nem igaz.  És ha már önöknek Magyarország az első, akkor miért kell másodiknak meg harmadiknak lenni Európában?"
50,NEUTRAL,0.95,"The sentence focuses on utility price policy and economic demands, rather than discussing executive power or democratic institutional changes.",ParlaMint-HU_2018-02-19,u2018-02-19-67-6,"Legyen a magyar családoknak a legolcsóbb a gáz, ha már a piac ezt lehetővé teszi!"
51,CONTRA,0.85,"The MP criticizes the government's deception regarding legal obligations, opposing the executive's attempt to mislead the public and bypass democratic oversight and accountability.",ParlaMint-HU_2018-02-19,u2018-02-19-73-2,"Természetesen nem lehet elfogadni a választ, főleg azért nem, mert a háromévnyi hazudozás után most sem sikerült, pedig még volt államtitkár úrnak egy perce, hogy bocsánatot kérjen, és ha már alaptörvény-módosítás, azért azt is mondjuk el a jegyzőkönyv kedvéért, hogy önök itt mindannyian hétszer szavazták le ugyanazt az alaptörvény-módosítást, ami egyébként a kötvényes bevándorlóknak is bezárta volna azt a bizonyos kiskaput.De még egyszer mondom, a legnagyobb probléma nem az, hogy betartották a nemzetközi egyezményeket, hanem az, hogy önök folyamatosan azt hazudták, hogy nekünk ezt nem kell betartani."
52,CONTRA,0.85,"The MP criticizes the government for manipulating legal definitions to bypass the Geneva Convention, highlighting an attempt to evade international legal constraints.",ParlaMint-HU_2018-02-19,u2018-02-19-73-3,"Segítek: ott ül ön mellett Völner Pál államtitkár úr, nincs a teremben Kósa Lajos, akinek száz és száz nyilatkozatát tudnám hozni az elmúlt évből  ami arról szólt, hogy a kormány azért nyilvánította  biztonságos harmadik országnak többek között Boszniát és Szerbiát  , hogy ne kelljen betartani a genfi egyezményt."
53,CONTRA,0.8,"The MP demands accountability for executive deceit regarding international law, opposing the government's attempts to bypass legal constraints and institutional norms.",ParlaMint-HU_2018-02-19,u2018-02-19-73-4,Ezzel a hazugsággal kellene már szembenézni.
54,NEUTRAL,0.95,"The sentence is a formal parliamentary courtesy thanking a minister, containing no clear position on the expansion of executive power.",ParlaMint-HU_2018-02-19,u2018-02-19-79-4,"Megtisztelő válaszát köszönöm úgy is, mint interpelláló politikus, és úgy is, mint honpolgár."
55,NEUTRAL,0.9,"The sentence and speech focus on praising government policy regarding migration and sovereignty, rather than advocating for increased executive power or institutional changes.",ParlaMint-HU_2018-02-19,u2018-02-19-79-5,"Engedje meg, hogy kifejezzem köszönetemet a magyar kormánynak, hogy továbbra is szakadatlanul küzd hazánk függetlenségéért, és Magyarország nem zsarolható, függetlenek vagyunk.Látjuk, hogy a magyar kormány útjában áll azoknak, akik bevándorlóországot akarnak csinálni Magyarországból, de mi ezt nem hagyjuk."
56,NEUTRAL,0.9,"The sentence evaluates a specific policy decision regarding the UN, without discussing the expansion of executive authority or the undermining of democratic institutions.",ParlaMint-HU_2018-02-19,u2018-02-19-79-6,"Végül, de nem utolsósorban a Kárpát-medencei magyar nevében is köszönöm, hogy Magyarország Kormánya ellenvéleményt fogalmazott meg az ENSZ migrációs csomagjával szemben."
57,NEUTRAL,0.9,The sentence focuses on international solidarity regarding migration policy and does not explicitly discuss or advocate for the expansion of executive power.,ParlaMint-HU_2018-02-19,u2018-02-19-79-7,"Higgyék el, ebben a harcban nem leszünk egyedül, sőt egyre több szövetségesünk van, aki egyetért velünk."
58,NEUTRAL,0.95,The sentence is a standard procedural acceptance of a ministerial response and does not substantively address the expansion of executive power or democratic institutions.,ParlaMint-HU_2018-02-19,u2018-02-19-79-8,"Miniszter úr, megtisztelő válaszát még egyszer köszönöm, elfogadom."
59,CONTRA,0.9,"The sentence highlights corruption involving the Prime Minister’s family, directly challenging executive misconduct and the erosion of institutional accountability.",ParlaMint-HU_2018-02-19,u2018-02-19-83-3,"Különösen súlyos, az elmúlt évek legnagyobb korrupciós ügyére derített fényt az Európai Unió Csalás Elleni Hivatala az úgynevezett Elios-ügyben  , amit mi már csak úgy hívunk, hogy a vőügy."
60,CONTRA,0.9,"The MP criticizes corruption involving the Prime Minister's family and organized crime, highlighting the misuse of executive influence and lack of institutional oversight.",ParlaMint-HU_2018-02-19,u2018-02-19-83-4,"Különösen súlyos ügy, mert nem egyszerűen közpénzmilliárdok csalárd módon történő felhasználásáról van szó, hanem egyfelől arról, hogy közpénzeket a szervezett bűnözésnek is megfeleltethető módon használtak fel, másfelől az ügyben a miniszterelnök családjába tartozó személy is érintett."
61,CONTRA,0.9,"The sentence criticizes systemic corruption and the use of mafia methods by the executive's inner circle, directly attacking the undermining of democratic integrity.",ParlaMint-HU_2018-02-19,u2018-02-19-83-5,"Olyan tízmilliárdos nagyságrendű közpénzlopás nyomaira bukkant az OLAF, amelyben a miniszterelnök családjához tartozó személy részvételével, maffiamódszerekkel károsították meg a magyar embereket."
62,CONTRA,0.9,"The MP highlights systemic corruption linked to the Prime Minister's family, criticizing the executive's abuse of power and lack of institutional accountability.",ParlaMint-HU_2018-02-19,u2018-02-19-83-6,"Az OLAF vizsgálata nyomán és a vizsgálat eredményeként közzétett megállapítások alapján úgy tűnik, hogy üzemszerűen csalhattak az Elios Zrt. vidéki közvilágítással kapcsolatos pályázatain."
63,CONTRA,0.95,"The sentence criticizes executive-linked corruption and nepotism in the Elios case, highlighting how these actions undermine the rule of law and democratic accountability.",ParlaMint-HU_2018-02-19,u2018-02-19-83-7,"A modernizáció olyannyira sikeres volt, hogy a sablonszerűen az Elios által elnyert pályázatok miatt az OLAF azt javasolta, hogy vonják meg Magyarországtól a 13 milliárd forintos európai uniós támogatást."
64,CONTRA,0.95,"The sentence criticizes the Prime Minister's Office for bypassing legality in a corrupt scheme, clearly opposing executive misconduct and lack of accountability.",ParlaMint-HU_2018-02-19,u2018-02-19-83-8,"Mindezt azért, mert a miniszterelnök veje, a Miniszterelnökséget vezető minisztere közösen kitalálták ezt a modernizációs programot, viszont a törvényességről megfeledkeztek."
65,CONTRA,0.9,"The MP criticizes the prosecutor's office's failure to investigate corruption involving the PM's family, opposing the erosion of institutional accountability and checks.",ParlaMint-HU_2018-02-19,u2018-02-19-83-9,"Kérdezem a legfőbb ügyészt önön keresztül: mi kell még ahhoz, hogy az ügyészség végre lépjen?"
66,CONTRA,0.9,The MP uses OLAF’s findings on corruption and organized crime involving the PM’s family to criticize executive misconduct and demand accountability.,ParlaMint-HU_2018-02-19,u2018-02-19-83-10,"A 17 pályázatnál feltárt machinációk az OLAF olvasatában költségvetési csalás bűntettével írhatók le a magyar törvények szerint, de az OLAF azt javasolja, hogy a magyar hatóságok vizsgálják meg azt is, hogy a történtek nem felelnek-e meg a szervezett bűnözés feltételeinek."
67,CONTRA,0.85,"The MP challenges potential executive impunity by demanding accountability and an investigation into corruption involving the Prime Minister’s family, opposing institutional capture.",ParlaMint-HU_2018-02-19,u2018-02-19-83-11,"Hol tart ennek a vizsgálata, és ha van nyomozás, milyen bűncselekmény miatt folyik jelenleg nyomozás?"
68,CONTRA,0.9,"The MP quotes an official to criticize the Prime Minister's nepotism and lack of legal accountability, opposing the executive's misuse of power.",ParlaMint-HU_2018-02-19,u2018-02-19-89-3,"Egy európai bizottsági tag, aki a regionális politikáért felelős, Corina Creţu, azt mondta, hogy Romániában lecsuknák a miniszterelnököt, ha a vejének ítélné a közbeszerzéseket."
69,CONTRA,0.95,"The sentence criticizes organized corruption and fraudulent procurement linked to the Prime Minister's family, highlighting a lack of accountability and institutional integrity.",ParlaMint-HU_2018-02-19,u2018-02-19-89-4,"Itt most olyan megállapítások hangzottak el az elmúlt időszakban ezekből a jelentésekből, amelyek nem a közbeszerzések elnyeréséről szólnak, hanem annak csalárd módjáról, szervezett módjáról, hiszen azért senki nem fogja elhinni, hogy hirtelen eszükbe jutott a települések közvilágítását modernizálni pont a miniszterelnök vejével."
70,CONTRA,0.9,"The sentence criticizes the prosecution for failing to investigate the PM's family, opposing the executive's influence over democratic oversight institutions.",ParlaMint-HU_2018-02-19,u2018-02-19-89-5,"Az a véleményem, hogy az ügyészségnek már régebben kellett volna ebben lépnie, nem kellett volna megvárni az OLAF ajánlását, ezekben az ügyekben volt már feljelentés, az ügyészség ezt bűncselekmény hiányában megszüntette."
71,CONTRA,0.95,"The MP criticizes the prosecution's lack of independence and its protection of the ruling party's interests, opposing the executive's capture of democratic institutions.",ParlaMint-HU_2018-02-19,u2018-02-19-89-6,"Az a tiszteletteljes kérdésem legfőbbügyész-helyettes úrhoz, miért védik a Fidesz érdekeit."
72,CONTRA,0.8,"The MP criticizes the Prime Minister for avoiding direct accountability in parliament, which opposes the executive's practice of bypassing legislative oversight.",ParlaMint-HU_2018-02-19,u2018-02-19-93-3,"El kell fogadjam a válaszadó személyét akkor is, ha a miniszterelnök vagy miniszter nem vállalkozik arra, hogy a devizahitelesek kérdését illetően érdemi választ adjon."
73,CONTRA,0.8,"The sentence criticizes the executive for avoiding accountability and failing to engage with civil society, opposing the government's disregard for democratic norms and transparency.",ParlaMint-HU_2018-02-19,u2018-02-19-93-4,"Már csak azért is, mert ez az egyetlen módja, hogy bármifajta választ kapjak az országgyűlési választásokig arra vonatkozóan, hogy miért nem áll szóba a kormányfő vagy valamely minisztere a devizahitel-károsultakkal, az őket védő civilszervezeti vezetőkkel, miért nem mernek szembenézni azokkal, akiknek a kálváriáját okozták, sokan közülük, mint ismeretes, vagy otthonukat vesztették el, vagy családjukat, vagy mindkettőt.Elmondható az is, hogy a devizahiteles kerekasztal újra összegyűlt, a Jobbik meghívására számtalan civilszervezeti vezető és az Adós Kamara mellett számos civil szervezet tagjai megjelentek ennél a kerekasztalnál."
74,CONTRA,0.85,"The MP criticizes the government's refusal to participate in multi-stakeholder dialogue, challenging the executive's avoidance of parliamentary and civil accountability.",ParlaMint-HU_2018-02-19,u2018-02-19-93-5,"A politikai pártokat, a kormányt és a Bankszövetséget is rendre meghívjuk, ugyanakkor a kormány rendre nem rendelkezik elég bátorsággal ehhez a szembenézéshez."
75,NEUTRAL,0.9,"The sentence describes cooperation between an opposition party and civil groups, lacking a direct stance on executive power or the undermining of democratic institutions.",ParlaMint-HU_2018-02-19,u2018-02-19-93-7,"Ugyanakkor a Jobbik és az Adós Kamara nevű szerveződés együttműködési megállapodást írt alá több más civil szervezettel együtt a tekintetben, hogy a civilek által megfogalmazott 12 pontot maradéktalanul képviselni fogjuk az Országgyűlésben."
76,NEUTRAL,0.9,"The sentence is a factual reference to a 2010 expert proposal, providing historical context without directly addressing executive power or institutional erosion.",ParlaMint-HU_2018-02-19,u2018-02-19-93-8,"Hozzáteszem, Dabasi Tamás és Agárdi János szakértők 14 pontba kiterjesztve mindezt már 2010 magasságában megfogalmazták."
77,NEUTRAL,0.9,The sentence factually describes the opposition's legislative efforts without directly addressing the expansion of executive authority or the undermining of democratic institutions.,ParlaMint-HU_2018-02-19,u2018-02-19-93-9,"Mi azóta bombázzuk önöket az észrevételekkel, javaslatokkal."
78,NEUTRAL,1.0,"The sentence is a purely procedural transition introducing a question, lacking any stance on executive power or the undermining of democratic institutions.",ParlaMint-HU_2018-02-19,u2018-02-19-93-10,"De első körben egy igen-nem kérdésem lenne, államtitkár úr."
79,NEUTRAL,0.85,The sentence addresses social policy regarding debt relief and eviction moratoriums without directly commenting on the structural expansion or limitation of executive power.,ParlaMint-HU_2018-02-19,u2018-02-19-93-11,"Támogatják-e azt, hogy a kilakoltatási moratórium teljes körű legyen, egészen a probléma megoldásáig, tehát nem csak a választásokig merthogy most is folynak a kiürítések , másodsorban pedig támogatja-e, hogy a devizahiteles ügyeket érintően végrehajtási moratóriumra is sor kerüljön, hogy az emberek kifosztását, adósságuk mesterséges felduzzasztását legalább addig meg tudjuk állítani, amíg egy Jobbik-kormány végre megoldhatja ezt a problémát?"
80,PRO,0.8,"The MP defends government measures and dismisses opposition scrutiny, framing executive actions as the sole successful solution to the foreign currency loan crisis.",ParlaMint-HU_2018-02-19,u2018-02-19-95-4,"Négy éve, sőt azt lehet mondani, hogy több mint négy éve folyamatosan teszik fel ezeket a kérdéseket, és nem akarják elfogadni vagy nem akarják elismerni azokat az intézkedéseket, amelyeket a kormányzat az elmúlt időszakban a devizahitelben érintettek ügyében tett, és számtalan olyan intézkedést hozott, amely sokak számára a probléma megoldását jelentette, vagy sokak számára megkönnyítette a probléma megoldását."
81,NEUTRAL,0.9,"The MP defends the government's legislative initiatives for debt relief, focusing on policy efficacy rather than advocating for an expansion of executive power.",ParlaMint-HU_2018-02-19,u2018-02-19-95-5,"A kormány nemcsak tárgyal és nemcsak tárgyalni akar, hanem tett a devizahitelesek ügyében, nagyon-nagyon sok olyan megoldási javaslat meghozatalával vagy törvény meghozatala lehetőségének a biztosításával, ami ezeket a problémamegoldó kérdéseket kezelte."
82,PRO,0.85,"The MP praises the government's use of decrees and its dominance in law-making as beneficial, supporting the expansion of executive power over traditional legislative processes.",ParlaMint-HU_2018-02-19,u2018-02-19-95-6,"Nálam van egy háromoldalas olyan anyag, amely szinte lépésről lépésre mutatja be 2010 óta, hogy milyen megoldásokat tett a devizaadósok érdekében a kormányzat törvényjavaslat-módosítással, törvények meghozatalával vagy éppen rendeletek meghozásával."
83,NEUTRAL,0.9,The sentence factually lists policy steps regarding loan solutions without addressing the expansion of executive power or democratic institutional changes.,ParlaMint-HU_2018-02-19,u2018-02-19-95-7,"Számtalan lépésben tette ezt, körülbelül itt 12-13 olyan pont van, amely lépésről lépésre ezeket a megoldásokat adta lehetőségként."
84,NEUTRAL,0.9,The sentence factually describes a legislative amendment regarding an eviction moratorium without addressing the distribution of power or institutional independence.,ParlaMint-HU_2018-02-19,u2018-02-19-95-8,"A legutoljára például egy olyan törvénymódosítás született, aminek a segítségével április 30-áig kilakoltatásra nem kerülhet sor  aminek a meghozatalára a Kereszténydemokrata Néppárt politikusai tettek javaslatot."
85,NEUTRAL,0.9,"The sentence claims government policy successfully solved debt issues, focusing on policy outcomes rather than the expansion or limitation of executive power.",ParlaMint-HU_2018-02-19,u2018-02-19-95-9,"De el lehet mondani azt, hogy az 2014-15 során végigvett intézkedések döntő többségében megoldást biztosítottak a devizahitelezés problémájára."
86,NEUTRAL,0.9,"The MP highlights financial benefits for citizens, focusing on policy outcomes rather than discussing the expansion of executive authority or the undermining of institutions.",ParlaMint-HU_2018-02-19,u2018-02-19-95-10,"Az elszámolás keretében a bankok közel 750 milliárd forintot írtak jóvá az ügyfelek számláin, ami egy óriási összeg annak figyelembevételével is, hogy hány embert érintett."
87,NEUTRAL,0.9,The sentence criticizes the executive's transparency regarding evictions but does not explicitly address structural power expansion or the undermining of democratic institutions.,ParlaMint-HU_2018-02-19,u2018-02-19-97-1,"Ha igaz lett volna egyetlen mondat abból, amit itt elmondott, nem kellett volna Szilágyi György képviselőtársammal azon pusmognunk, hogy egy kérdéssel el lehet ezt intézni: folynak kilakoltatások vagy pedig sem?"
88,NEUTRAL,0.85,"The sentence states that the MP receives weekly alerts about evictions, serving as a factual premise rather than a direct critique of executive aggrandisement.",ParlaMint-HU_2018-02-19,u2018-02-19-97-3,Minket hetente riasztanak egy ilyen eseményre.
89,NEUTRAL,0.85,"The sentence critiques the state secretary's honesty regarding evictions, focusing on a policy dispute rather than the structural expansion of executive power.",ParlaMint-HU_2018-02-19,u2018-02-19-97-4,"Ha igaz lenne az, amit mondott, akkor ezek a riasztások nem következnének be."
90,CONTRA,0.8,"The MP demands accountability from the executive, challenging the state secretary's evasion of parliamentary oversight and the government's indifference to affected citizens.",ParlaMint-HU_2018-02-19,u2018-02-19-97-5,"Legyen férfi, államtitkár úr, van egy perce válaszolni."
91,CONTRA,0.85,"The sentence demands executive accountability by calling for direct ministerial engagement, countering the speech's described government trend of avoiding public scrutiny and democratic dialogue.",ParlaMint-HU_2018-02-19,u2018-02-19-97-6,"Jelölje meg önmagát vagy azt a minisztert, aki fogadja a devizahitel-károsultak küldöttségét, leül velük, végighallgatja őket, átveszi a 12 pontjukat, és végre valamit érdemben reagál erre."
92,NEUTRAL,0.9,The sentence is a factual observation regarding the location of demonstrations and does not explicitly evaluate executive power or the status of democratic institutions.,ParlaMint-HU_2018-02-19,u2018-02-19-97-8,Itt voltak a demonstrációik a Kossuth téren.
93,CONTRA,0.7,"The sentence criticizes the executive's lack of accountability and refusal to face protesters, challenging the government's disregard for democratic dialogue and public oversight.",ParlaMint-HU_2018-02-19,u2018-02-19-97-9,"Miért van az, hogy kormánypárti politikus nem mert odafordulni, és nem mert kimenni innen a Kossuth térre?"
94,CONTRA,0.8,"The sentence challenges the executive's lack of accountability by highlighting its refusal to engage with protesters, opposing the government's dismissive stance toward democratic pressure.",ParlaMint-HU_2018-02-19,u2018-02-19-97-10,"Ezt a 200 métert nem merték megtenni, államtitkár úr?"
95,CONTRA,0.85,"The sentence criticizes the executive's lack of accountability and its harmful actions, representing a stance against the executive's undermining of parliamentary oversight.",ParlaMint-HU_2018-02-19,u2018-02-19-97-11,"Hozhat fel itt nekem korábbi intézkedéseket, de több százezer ember kisemmizéséhez járultak hozzá, a feltett konkrét kérdéseimre pedig nem válaszolt."
96,NEUTRAL,0.95,The sentence demands a specific policy action on debt relief and does not address the structural expansion of executive power or democratic decline.,ParlaMint-HU_2018-02-19,u2018-02-19-97-12,"Megismétlem őket: vállalják-e a teljes körű kilakoltatási moratóriumot a probléma megoldásáig, illetve a devizahiteleseket érintő végrehajtási moratóriumot, hogy ne duzzasszák mesterségesen az adósságaikat?"
97,NEUTRAL,0.9,The sentence is a rhetorical demand for an answer to specific questions and does not explicitly address the expansion or limitation of executive power.,ParlaMint-HU_2018-02-19,u2018-02-19-97-13,"Ez a kérdés, válaszoljon konkrétan, őszintén, egyenesen!"
98,NEUTRAL,0.9,"The sentence details financial transactions between private entities and legal suspicions, lacking a stance on the expansion or restriction of executive branch powers.",ParlaMint-HU_2018-02-19,u2018-02-19-107-4,"A Gyurcsány Ferenchez köthető Altus Portfólió Kft. több alkalommal nagy összegű kölcsönt biztosított a költségvetési csalással gyanúsított, Czeglédy Csaba által irányított Human Operator Zrt.-nek."
99,NEUTRAL,1.0,The sentence is a purely factual statement regarding the total value of loans and does not address executive power or democratic institutions.,ParlaMint-HU_2018-02-19,u2018-02-19-107-5,Az eddig említett kölcsönök összértéke nagyjából 200 millió forint.
100,NEUTRAL,0.9,"The sentence describes a request for a financial investigation into an opposition figure, focusing on legal compliance rather than the scope of executive power.",ParlaMint-HU_2018-02-19,u2018-02-19-107-6,"Gyurcsány Ferenc volt szocialista miniszterelnök állítása szerint baráti kölcsönről volt szó, de a kölcsönszerződésben szereplő kikötések, mint például késedelmi kamat, banki inkasszó, személyi biztosíték alapján valószínűsíthető, hogy üzletszerű hitelezési tevékenység lehetett a kölcsönök mögött.Emiatt 2017 októberében a Magyar Nemzeti Bank pénzügyi fogyasztóvédelmi központjához fordultam, majd ezt követően a Magyar Nemzeti Bank adatgyűjtést folytatott."
101,NEUTRAL,0.95,The sentence is a factual report of the National Bank's regulatory procedure and does not address the expansion or limitation of executive power.,ParlaMint-HU_2018-02-19,u2018-02-19-107-7,"Az adatgyűjtés eredményeképpen arról tájékoztatott a Nemzeti Bank idén januárban, hogy piacfelügyeleti eljárást indítottak."
102,NEUTRAL,0.95,"The sentence factually describes legal grounds for an investigation, taking no stance on the expansion or erosion of executive power and institutions.",ParlaMint-HU_2018-02-19,u2018-02-19-107-8,A jogszabályok szerint az ilyen eljárás az engedély nélküli tevékenység gyanúja esetén indítható meg.
103,NEUTRAL,0.9,"The sentence presents a factual allegation of illegal financial activity by a private company, without expressing a stance on executive power or democratic institutions.",ParlaMint-HU_2018-02-19,u2018-02-19-107-9,"Ezek alapján alapos gyanú van arra, hogy az Altus Portfólió Kft. jogszabályi engedély nélkül folytatott pénzügyi tevékenységet."
104,NEUTRAL,0.9,"The sentence is a procedural inquiry about a regulatory investigation into a private company, not expressing a stance on executive power or democratic institutions.",ParlaMint-HU_2018-02-19,u2018-02-19-107-10,"Ennek alapján kérdezem alelnök urat, hogy mikor várható az eljárás befejezése, és az eljárás milyen jogi következményeket vonhat maga után  amennyiben beigazolódik annak a gyanúja, hogy az Altus Portfólió Kft. engedély nélküli pénzügyi tevékenységet folytatott."
105,NEUTRAL,1.0,"The sentence is a purely procedural opening statement, lacking any specific stance on executive power or democratic institutions.",ParlaMint-HU_2018-02-19,u2018-02-19-121-1,"Köszönöm szépen a szót, elnök úr, és várom a választ 15 napon belül írásban."
106,CONTRA,0.95,"The MP proposes an independent anti-corruption agency to investigate public figures, seeking stronger institutional checks against potential executive overreach and corruption.",ParlaMint-HU_2018-02-19,u2018-02-19-121-2,"Egyet engedjenek meg, hogy kiemeljek itt ebben az egy percben: hogyha ilyen sok bűncselekménnyel kell foglalkoznia az ügyészségnek, akkor indokolt az a javaslatunk, amelyet a tisztelt Ház elé is terjesztettünk, hogy létre kell hozni egy antikorrupciós ügyészséget, függetlenül az ügyészségtől, hiszen itt a sajtóhírek szerint közszereplők érintettek ebben a bűncselekményben, közel egymilliárd forint értékben."
107,CONTRA,0.95,"The MP advocates for independent oversight to investigate the Prime Minister's family, challenging executive impunity and promoting democratic accountability.",ParlaMint-HU_2018-02-19,u2018-02-19-121-3,"Tehát azt gondolom, hogy ha ennyire leterhelt az ügyészség, azért kiemelten érdemes lenne foglalkozni a közszereplők által elkövetett bűncselekményekkel, illetve talán a miniszterelnök vejével kapcsolatos gyanút is érdemes lenne egy ilyen ügyészségnek kivizsgálni."
108,NEUTRAL,1.0,"This is a standard procedural closing sentence requesting an answer, expressing no specific stance on executive power or democratic institutions.",ParlaMint-HU_2018-02-19,u2018-02-19-121-4,Várom majd az írásbeli választ.
109,NEUTRAL,0.9,"The sentence focuses on administrative service expansion to support voting rights, without expressing a clear stance for or against executive aggrandisement.",ParlaMint-HU_2018-02-19,u2018-02-19-127-4,"Köszönöm szépen, hogy felvetette ezt a témát itt az Országgyűlésben, tekintettel arra, hogy mindannyiunknak az az érdeke, hogy a magyar nemzet valamennyi tagja, függetlenül attól, hogy hol él a világon, részt tudjon venni a parlamenti választáson, hiszen számunkra rendkívül fontos, hogy a magyar nemzet valamennyi tagja, aki szeretne, részt vehessen a hazánk jövőjéről szóló közös, legfontosabb döntésben. Éppen ezért, tisztelt képviselő úr, szeretném önt tájékoztatni arról, hogy amióta a külgazdasági és külügyminiszteri munkát végezhetem, azóta mindig figyeltem arra, hogy a konzuli szolgáltatásainkat folyamatosan bővítsük."
110,NEUTRAL,0.9,The sentence factually describes administrative expansion of voting locations abroad without advocating for or criticizing the concentration of executive power.,ParlaMint-HU_2018-02-19,u2018-02-19-127-5,"Több esetben volt módom személyesen is konzultálni önnel különböző konzuli ügyekről, amelyeket mindig a legjobb tudásunk szerint próbáltunk megoldani.Szeretném önt tájékoztatni arról, hogy míg 2014-ben összesen 97 helyszínen volt lehetőség arra Magyarországon kívül, hogy magyar állampolgárok leadhassák a szavazatukat a parlamenti választáson, úgy 2018-ban már 118 helyen, tehát 21 hellyel több helyszínen van lehetőség arra, hogy leadják a szavazataikat a magyar állampolgárok."
111,NEUTRAL,0.9,"The sentence factually lists consular locations opened to facilitate voting, describing administrative actions without taking a stance on executive power or democratic institutions.",ParlaMint-HU_2018-02-19,u2018-02-19-127-6,"Az ön által említett Manchester és Edinburgh valóban két kiemelkedő nyugat-európai példa, de akár Stuttgartról, Düsseldorfról vagy az azóta megnyitott chicagói főkonzulátusról is beszélhetünk."
112,NEUTRAL,0.9,"The sentence provides a factual explanation for opening foreign missions based on community needs, without advocating for or against expanding executive power.",ParlaMint-HU_2018-02-19,u2018-02-19-127-7,"A nyugati világban úgy nyitottuk meg egyébként ezeket a külképviseleteinket, hogy mindig azt figyeltük, hogy hol van olyan szignifikáns magyar közösség, akinek a számára segítséget jelenthet egy magyar külképviselet."
113,NEUTRAL,0.95,"The sentence factually describes voting procedures for citizens abroad, maintaining a neutral tone regarding executive power or democratic institutional health.",ParlaMint-HU_2018-02-19,u2018-02-19-127-8,"Ezen túl pedig szeretném önt arról is tájékoztatni, hogy a személyes szavazást lebonyolító külképviseleteken természetesen arra is lehetőség van, hogy a levélben szavazók leadják a szavazati levélcsomagjaikat, és azok a külképviseleten keresztül jussanak el végül a Nemzeti Választási Irodához."
114,NEUTRAL,1.0,"The sentence is a polite closing remark thanking the MP for their question, expressing no stance on executive power or democratic institutions.",ParlaMint-HU_2018-02-19,u2018-02-19-127-9,"Még egyszer köszönöm képviselő úrnak, hogy ezt a kérdést felvetette itt a parlamentben."
115,CONTRA,0.95,"The MP criticizes selective mail-in voting rules as biased toward the ruling party, opposing the executive's manipulation of democratic electoral processes.",ParlaMint-HU_2018-02-19,u2018-02-19-129-1,"Örömmel hallottam miniszter úr elkötelezettségét azzal kapcsolatban, hogy fontos a választásokon való részvétel, de akkor kellett volna a levélszavazás lehetőségét biztosítani mindenkinek egyenlően, nem csak azoknak a határon túli magyaroknak, akik többségében önökre szavaznak, ráadásul olyan feltételek között, ami azért erősen megkérdőjelezhető."
116,CONTRA,0.9,"The MP criticizes the government for designing insecure voting procedures prone to fraud, challenging the executive's effort to undermine fair democratic elections.",ParlaMint-HU_2018-02-19,u2018-02-19-129-2,"Tudjuk, hogy halottak nevében vissza lehet élni a szavazásokkal, nincsen pontosan megoldva, hogy biztosítva legyen az, hogy a kétséget ki lehessen zárni, hogy valóban az regisztrál a szavazásra, akinek a levélcsomagot ki fogják küldeni."
117,CONTRA,0.95,"The MP criticizes the government for creating unequal voting opportunities and leaving room for electoral abuse, which undermines democratic integrity.",ParlaMint-HU_2018-02-19,u2018-02-19-129-3,"Tehát itt visszaélésekre van lehetőség, erre itt tág teret hagytak; azok számára pedig, akik Nyugat-Európába vagy a tengerentúlra menekültek, ez a lehetőség nincsen meg."
118,CONTRA,0.85,"The MP criticizes unequal voting access and government manipulation, opposing actions that tilt the democratic playing field to entrench executive power.",ParlaMint-HU_2018-02-19,u2018-02-19-129-4,"Nagyon sok ilyen része van a világnak: Kanadában például csak Torontóban vagy Ottawában lehet szavazni, az Egyesült Államokban csak a két parton, például egy floridai magyar már nem fog tudni szavazni, vagy Ausztráliában is csak három dél-ausztrál nagyvárosban van erre lehetőség.Az a gond, miniszter úr, hogy miközben önök folyamatosan azzal riogatnak, hogy másfél millió embert akar Soros betelepíteni Magyarországra, aközben önök ténylegesen az elmúlt években százezreket telepítettek ki Magyarországról."
119,NEUTRAL,0.9,The sentence is a rhetorical dismissal of an opponent's remark and does not address the expansion of executive power or democratic institutions.,ParlaMint-HU_2018-02-19,u2018-02-19-131-3,Nyilvánvalóan képviselő úr az utolsó mondatát nem gondolhatta komolyan.
120,NEUTRAL,0.9,"The sentence factually reports an increase in voting locations abroad, which relates to electoral participation rather than executive power expansion or institutional undermining.",ParlaMint-HU_2018-02-19,u2018-02-19-131-4,"Ami az érdemi részére vonatkozik a kérdésének, még egyszer szeretnék két számot elmondani: négy év alatt 97-ről 118-ra növeltük azoknak a helyeknek a számát a világon, ahol magyar állampolgárok szavazhatnak."
121,NEUTRAL,0.9,"The sentence discusses the quantity of overseas voting locations, which is an administrative matter and doesn't directly address the expansion of executive power.",ParlaMint-HU_2018-02-19,u2018-02-19-131-5,"Lehet, hogy nem egyezik az ízlésünk, és ön azt mondja, hogy a majdnem egynegyedével történő megnövelése a helyszíneknek kevés."
122,NEUTRAL,0.9,"The sentence discusses expanding diplomatic networks and voting accessibility, which is an administrative function and doesn't directly address the expansion or limitation of executive power.",ParlaMint-HU_2018-02-19,u2018-02-19-131-6,"Tisztelt képviselő úr, én mindig örömmel veszem azt, ha valaki a külképviseleti hálózat bővítéséért kardoskodik, én magam ilyen vagyok."
123,NEUTRAL,0.9,The sentence factually describes an increase in foreign missions without explicitly advocating for or criticizing the expansion of executive power or undermining institutions.,ParlaMint-HU_2018-02-19,u2018-02-19-131-7,"Amióta ezt a munkát végezhetem, azóta 130 fölé emelkedett a magyar külképviseletek száma."
124,NEUTRAL,0.85,"The sentence notes a lack of opposition support for expanding diplomatic networks, which is an administrative policy rather than an expansion of executive power.",ParlaMint-HU_2018-02-19,u2018-02-19-131-8,"Örültem volna annak, hogyha ehhez némi támogatást az ellenzék részéről is kapunk."
125,NEUTRAL,0.9,"The sentence focuses on the goal of increasing voter participation, presenting it as a shared democratic value rather than addressing executive power expansion.",ParlaMint-HU_2018-02-19,u2018-02-19-131-10,"A célban természetesen egyetértünk, hogy minél több magyar vehessen részt a parlamenti választáson, éljenek ők a határ közelségében, a határon túl vagy a világ bármely más pontján."
126,NEUTRAL,1.0,"The sentence factually reports on an international parliamentary vote regarding minority rights, expressing no stance on executive power or democratic institutions.",ParlaMint-HU_2018-02-19,u2018-02-19-133-4,"Alig egy hónappal ezelőtt, január 23-án Strasbourgban az Európa Tanács parlamenti közgyűlése igen nagy többséggel, 130:10 arányban elfogadott egy magyar jelentést."
127,NEUTRAL,0.95,"The sentence factually describes a minority rights report within an international body, unrelated to the expansion or critique of executive powers.",ParlaMint-HU_2018-02-19,u2018-02-19-133-5,"Talán nem mellékes arról sem megemlékeznem, hogy Magyarország mintegy negyed évszázada tagja az Európa Tanácsnak, de mindössze ez volt a második magyar jelentés, amelyet tárgyalt és elfogadott, és talán az is fontos, hogy ez a második jelentés is kereszténydemokrata politikus előterjesztésében készült."
128,NEUTRAL,1.0,The sentence provides factual information about a report title regarding minority languages and does not address executive power or democratic institutions.,ParlaMint-HU_2018-02-19,u2018-02-19-133-6,A jelentés tárgya és címe: A regionális és kisebbségi nyelvek erősítése és helyzete egész Európában.
129,NEUTRAL,1.0,"The sentence focuses on minority rights and historical issues, not executive power or democratic institutional changes, making it neutral regarding executive aggrandisement.",ParlaMint-HU_2018-02-19,u2018-02-19-133-7,"Jóllehet a jelentés európai kitekintést adott és az Európában élő több mint 50 millió kisebbség helyzetét akarta erősíteni és javítani, nekünk, magyaroknak mégis szívügyünk volt ez a jelentés, hiszen jól tudjuk, hogy önhibájukon kívül, a történelem viharainak, átkainak következtében több millió ember él határainkon kívül olyan kisebbségi sorsban, amely bizony számos problémát, élethelyzeti konfliktust okozott nekik az elmúlt évtizedekben."
130,NEUTRAL,0.95,"The sentence concerns international minority rights and the external political environment, without addressing domestic executive power or democratic institutional changes.",ParlaMint-HU_2018-02-19,u2018-02-19-133-8,"Manapság a helyzet változó a környező országokban, de sosem lehetünk elégedettek és nyugodtak."
131,NEUTRAL,0.95,"The sentence discusses foreign policy and minority rights in Ukraine, which is unrelated to expanding or limiting domestic executive power.",ParlaMint-HU_2018-02-19,u2018-02-19-133-9,"Ezt éppen a tavaly szeptemberi ukrán oktatási törvény igazolja, hiszen az látszik, hogy bár eddig elfogadható volt a helyzet, a politika hirtelen változása következtében romolhatnak ezek az állapotok."
132,NEUTRAL,1.0,The sentence is a standard parliamentary inquiry regarding minority rights abroad and does not address domestic executive power or democratic institutional changes.,ParlaMint-HU_2018-02-19,u2018-02-19-133-10,"Ezért is kérdezem tisztelettel miniszter urat, hogy látja jelen esetben az európai, a szomszédos országokban élő magyar kisebbség jogainak helyzetét a közeljövőben."
133,NEUTRAL,0.95,This sentence outlines a consultative approach to minority policy and contains no themes regarding executive power expansion or democratic institution undermining.,ParlaMint-HU_2018-02-19,u2018-02-19-135-4,"Amikor mi a határon túli magyarokkal kapcsolatos politikánkat alakítjuk, akkor nem akarjuk újra feltalálni a meleg vizet, hanem egész egyszerűen megkérdezzük a határon túl élő magyar közösségeket, hogy mit kérnek tőlünk, milyen álláspontot foglaljunk el az őket érintő kérdésekben."
134,NEUTRAL,0.9,"The sentence focuses on consultative foreign policy for minorities, lacking any clear stance on expanding executive power or undermining domestic democratic institutions.",ParlaMint-HU_2018-02-19,u2018-02-19-135-5,"Mi nem akarjuk Budapestről megmondani a határon túl élő magyar közösségeknek, hogy nekik mi a jó, hanem tőlük várjuk és kapjuk meg azokat a koordinátákat, amelyek alapján a velük kapcsolatos álláspontunkat mindig ki tudjuk alakítani."
135,NEUTRAL,1.0,"The sentence focuses on diplomatic relations and minority protection, lacking any reference to domestic power expansion or the undermining of democratic institutions.",ParlaMint-HU_2018-02-19,u2018-02-19-135-6,"A mi alapkoncepciónk úgy szól, tisztelt képviselő asszony, hogy szerintünk a határon túl élő magyar nemzeti közösségnek sokkal jobb, ha jó és kiegyensúlyozott a kapcsolat az anyaország és a lakóhely szerinti ország között."
136,NEUTRAL,1.0,The sentence discusses bilateral diplomatic relations with neighboring countries rather than addressing the expansion of executive power or the undermining of democratic institutions.,ParlaMint-HU_2018-02-19,u2018-02-19-135-7,"Ez sokkal jobb, mint ha rossz lenne a kapcsolat."
137,NEUTRAL,0.95,"The sentence refers to historical instances of poor diplomatic relations, lacking any clear stance on the expansion of executive power or undermining democratic institutions.",ParlaMint-HU_2018-02-19,u2018-02-19-135-8,"Sajnos, az elmúlt időszakban erre is volt példa."
138,NEUTRAL,0.95,"The sentence focuses on supporting diaspora communities abroad, which does not address domestic executive power or the undermining of democratic institutions.",ParlaMint-HU_2018-02-19,u2018-02-19-135-9,"Mi mindig ahhoz adjuk meg a segítséget, hogy helyben tudjanak erősödni, és helyben tudjanak boldogulni a nemzeti közösségeink, akikre mi erőforrásként tekintünk."
139,NEUTRAL,0.95,"The sentence focuses on international diplomacy and protecting minority rights abroad, rather than domestic executive power expansion or the undermining of Hungarian democratic institutions.",ParlaMint-HU_2018-02-19,u2018-02-19-135-10,"Ha pedig olyan eset áll elő, mint például az ön által is említett ukrajnai oktatási törvény esetében, akkor nem vonakodunk attól sem, hogy alapvető nemzetközi politikai eszközöket ragadjunk meg annak érdekében, hogy nyomást tudjunk helyezni a másik országra, hogy ne sértse meg a magyar nemzeti közösség jogait."
140,NEUTRAL,0.95,The sentence criticizes Ukraine's foreign legal actions regarding minorities without addressing the expansion of the Hungarian executive's domestic power or democratic institutions.,ParlaMint-HU_2018-02-19,u2018-02-19-135-11,"Ukrajna vonatkozásában el kell mondani, hogy a nemzetközi jog lábbal tiprásával találkozunk, hiszen Ukrajna egy más létező jogot akar elvenni a nemzeti közösségektől, így a magyar nemzeti közösségtől is."
141,NEUTRAL,0.95,"The sentence discusses foreign policy tools to protect minority rights abroad, rather than expanding domestic executive power or undermining internal democratic institutions.",ParlaMint-HU_2018-02-19,u2018-02-19-135-12,"Ezért természetesen a nemzetközi politika eszköztárának valamennyi rendelkezésünkre álló eszközét használjuk annak érdekében, hogy rászorítsuk a szomszédos országot arra, hogy a nemzetközi jogszabályokat és a kétoldalú kötelezettségeit tartsa be."
142,NEUTRAL,0.95,"The sentence thanks parliament for its cooperation, representing a routine diplomatic acknowledgment without addressing the expansion or limitation of executive authority.",ParlaMint-HU_2018-02-19,u2018-02-19-135-13,"Az ebben az ügyben a parlament, a frakciók által nyújtott segítséget pedig természetesen köszönettel vesszük."
143,NEUTRAL,0.9,The sentence praises government achievements regarding ethnic minorities abroad without discussing the expansion of executive power or institutional democratic changes.,ParlaMint-HU_2018-02-19,u2018-02-19-137-2,"Őszintén azt kell mondanom, hogy elismerés illeti a magyar kormányt azokért az erőfeszítésekért és eredményekért, amelyeket a határon túl élő nemzeti kisebbségeink érdekében tett mind az odafigyelés, mind az anyagiak, mint pedig a nagyon határozott kiállás tekintetében."
144,NEUTRAL,1.0,The sentence is a polite conversational transition to a personal remark and does not address executive power or institutional changes.,ParlaMint-HU_2018-02-19,u2018-02-19-137-3,Engedjen meg egyetlen rövid személyes mondatot!
145,NEUTRAL,0.9,The sentence expresses personal satisfaction with legislative work on minority rights and does not address the expansion of executive power or institutional changes.,ParlaMint-HU_2018-02-19,u2018-02-19-137-4,"Nekem is nagy öröme az életemnek, hogy ebben a témában dolgozhattam, és a képviselői munkámat egy ilyen sikeres jelentéssel fejezhetem be."
146,NEUTRAL,0.9,"The sentence highlights parliamentary consensus and international minority rights initiatives, lacking any mention of expanding or undermining executive authority or democratic institutions.",ParlaMint-HU_2018-02-19,u2018-02-19-137-5,"Ebben az ügyben mind itthon, mind az Európa Tanács parlamentjében pártállástól függetlenül egyetértettek a képviselők ez is magyarázza a nagy szótöbbséget , és ez kellő garanciát, reményt nyújt talán a tekintetben, hogy majd a Minority SafePack kezdeményezés is talán eredményes lesz, és ha megszületik az a jogszabály, amely szabályozza a kisebbségek sorsát, akkor talán vége lesz azoknak a rossz időknek, amelyeket mindannyian ismerünk az irodalomból, a történelemből és a valóságból."
147,NEUTRAL,1.0,The sentence discusses diplomatic relations and foreign policy progress without mentioning executive power expansion or the undermining of democratic institutions.,ParlaMint-HU_2018-02-19,u2018-02-19-139-4,"Szeretném önnek elmondani, hogy a szomszédos országokkal kapcsolatban több esetben tudunk megnyugtató fejleményekről beszámolni, azonban az is világosan látszik, hogy sok munka van még előttünk, hiszen dacára annak, hogy több szomszédos országgal is sikerült komoly közös sikertörténeteket építenünk és megácsolnunk egyfajta bizalmi alapot ahhoz, hogy a mégoly érzékeny és nehéz kérdéseket is napirendre tudjuk tűzni a megoldás reményével, azért bizonyos esetekben még a saját célkitűzéseinknél is lassabban tudtunk haladni."
148,NEUTRAL,0.95,"The sentence discusses foreign policy and minority protection through political consensus, neither advocating for nor criticizing the expansion of executive power.",ParlaMint-HU_2018-02-19,u2018-02-19-139-5,"Azonban egy dolog világos: Magyarország Kormánya minden körülmények között megvédi a határon túl élő kisebbségek jogait, és látszik, hogy ezt akkor tudjuk igazán eredményesen megtenni, ha széles körű politikai konszenzus övezi ezeket a lépéseinket."
149,NEUTRAL,0.95,"The sentence discusses cross-party consensus on protecting Hungarian minorities abroad, which does not relate to expanding executive power or undermining democratic institutions.",ParlaMint-HU_2018-02-19,u2018-02-19-139-6,"Hála a Jóistennek, azt mondhatjuk, hogy az elmúlt időszakban, ha másban nem is, legalább a határon túl élő magyarok megvédésében számíthattunk egyfajta pártokon is átívelő nemzeti konszenzusra és politikai támogatásra."
150,NEUTRAL,0.95,"The sentence emphasizes cross-party consensus for minority protection abroad, lacking any mention of expanding executive authority or undermining democratic institutions.",ParlaMint-HU_2018-02-19,u2018-02-19-139-7,"A jövőben is szükség lesz erre ahhoz, hogy a kisebbségeink, a nemzeti közösségeink védelmének érdekében sikeresen fel tudjunk lépni."
151,NEUTRAL,0.95,The sentence is a polite acknowledgement of work on minority rights and does not address executive power or institutional shifts.,ParlaMint-HU_2018-02-19,u2018-02-19-139-8,Ebben az ügyben kifejtett tevékenységét pedig köszönettel vettük.
152,CONTRA,0.85,"The sentence criticizes a government official for evading accountability in major scandals, challenging the executive's lack of transparency and democratic integrity.",ParlaMint-HU_2018-02-19,u2018-02-19-143-4,"Nem csoda, hogy az államtitkár úr el akart szaladni vagy el akarta kerülni ezt a beszélgetést, hiszen ismét belekerült abba az ügybe, amelyik a trafikügy után talán a másik legnagyobb botránya az elmúlt évtizedeknek, és nyilvánvalóan el akarta kerülni, hogy ezzel kapcsolatban kérdést tegyek fel neki."
153,NEUTRAL,0.9,"The sentence factually recounts an official's statements about legal complaints, serving as a narrative setup without explicitly taking a side on executive aggrandisement.",ParlaMint-HU_2018-02-19,u2018-02-19-143-5,"Horváth István azt nyilatkozta az elmúlt napokban, hogy többször tettem én már őellene feljelentést, illetve nem azt mondta, hogy ellene, hanem azt, hogy Szekszárd vagy a szekszárdiak ellen tettem feljelentést, de ahogy mind elutasították, ezt is el fogják majd utasítani."
154,CONTRA,0.9,"The MP challenges executive corruption, clarifying his legal complaints target the official personally rather than the public, countering the executive's attempts to evade accountability.",ParlaMint-HU_2018-02-19,u2018-02-19-143-6,"Tényszerűen nem mondott igazat, hiszen egyrészt nem Szekszárd ellen, pláne nem a szekszárdiak ellen, hanem elsősorban ön ellen tettem feljelentést."
155,CONTRA,0.85,"The MP disputes the executive's attempt to dismiss corruption investigations, challenging the lack of transparency and accountability in the government.",ParlaMint-HU_2018-02-19,u2018-02-19-143-7,"Igaz, hogy ön valóban nem szekszárdi, hanem nagydorogi, de az sem igaz, hogy lezárták ezeket az ügyeket."
156,CONTRA,0.9,"The MP challenges the executive over corruption scandals, using parliamentary oversight to oppose the potential undermining of democratic institutions and accountability.",ParlaMint-HU_2018-02-19,u2018-02-19-143-8,"Ön nagyon jól tudja, hogy például az Öveges-ügyet nem zárták le, nagyon jól tudja, hogy a Wosinsky utcai óvoda ügyében panaszt tettünk és azt nem zárták le, és azt is nagyon jól tudja, hogy Tiborcz István ügyében sem zárták még le az ügyeket."
157,CONTRA,0.9,"The sentence identifies high-level corruption and demands executive accountability, representing a critique of power abuse and institutional undermining.",ParlaMint-HU_2018-02-19,u2018-02-19-143-9,"Ez utóbbi ügyben, még egyszer mondom, az elmúlt évtizedek legsúlyosabb, legmagasabb helyre vezető ügyében szeretnék egy apró, bár nagyon fontos kérdést tisztázni és kihasználni azt, hogy muszáj önnek válaszolni, és nagyon remélem, hogy fog is válaszolni."
158,NEUTRAL,0.9,The sentence is a factual inquiry about a project's origin and lacks explicit language criticizing or supporting the expansion of executive power.,ParlaMint-HU_2018-02-19,u2018-02-19-143-11,Kitől hallott ön először erről a projektről?
159,CONTRA,0.85,"This question challenges executive-linked cronyism and lack of transparency, serving as parliamentary oversight to oppose the government's undermining of democratic accountability.",ParlaMint-HU_2018-02-19,u2018-02-19-143-12,Kitől hallott a LED-lámpa-cserékről?
160,CONTRA,0.9,"The sentence criticizes potential collusion and lack of transparency in public tenders, opposing the executive's undermining of democratic norms and the rule of law.",ParlaMint-HU_2018-02-19,u2018-02-19-143-13,"Hiszen ön már fél évvel azelőtt, mielőtt a projektet kiírták, már két évvel a megvalósulás előtt az Elios Kft. közvilágításért felelős igazgatójával, Mancz Ivette-tel tárgyalt."
161,CONTRA,0.9,"In the speech context, this sentence targets cronyism and corruption, criticizing the executive’s lack of transparency to resist power misuse and aggrandisement.",ParlaMint-HU_2018-02-19,u2018-02-19-143-14,"Nagyon fontos kérdés, hogy kitől kapta meg ön Mancz Ivette telefonszámát."
162,CONTRA,0.9,"The sentence probes potential corruption involving the Prime Minister's family, challenging the executive's lack of transparency and accountability in public procurement processes.",ParlaMint-HU_2018-02-19,u2018-02-19-143-15,"Ki hívta fel a figyelmét Tiborcz Istvánék cégére, az Elios Kft.-re?"
163,CONTRA,0.85,"The MP demands accountability from the executive regarding corruption allegations, challenging the lack of transparency and potential misuse of power.",ParlaMint-HU_2018-02-19,u2018-02-19-143-16,"Ez egy nagyon fontos kérdés, tessék erre válaszolni!"
164,NEUTRAL,1.0,"The sentence is a procedural remark explaining a substitution in parliament, containing no stance on executive power or institutional change.",ParlaMint-HU_2018-02-19,u2018-02-19-145-5,"Kicsit tanácstalan vagyok, mert Kósa Lajos miniszter urat kell helyettesítenem."
165,PRO,0.85,"The speaker delegitimizes parliamentary oversight by dismissing opposition criticism as a 'public rampage,' supporting the executive's efforts to evade accountability and democratic scrutiny.",ParlaMint-HU_2018-02-19,u2018-02-19-145-6,"A miniszter úrhoz kérdés nem érkezett, hanem Hadházy képviselő úr folytatta a közéleti ámokfutását, amit már régóta nyomon követünk, de hát reménytelen helyzetben lévő ellenzéki politikusként nyilván mindent megtesz arra vonatkozóan, hogy az ellenzéki sajtónak folyamatosan témát adjon."
166,NEUTRAL,0.95,The sentence is a neutral transition focusing on urban development policy rather than expanding or criticizing executive authority or democratic institutions.,ParlaMint-HU_2018-02-19,u2018-02-19-145-7,"Ha megengedi, én ebben a másfél percben arról szeretnék beszélni, hogy Kósa Lajos miniszter úrral a megyei jogú városok fejlesztésében milyen szerepet szánunk."
167,NEUTRAL,1.0,The sentence describes public development projects and lacks any reference to the expansion of executive power or the undermining of democratic institutions.,ParlaMint-HU_2018-02-19,u2018-02-19-145-8,A 23 megyei jogú városban összesen 260 projektet szeretnénk megvalósítani.
168,NEUTRAL,0.95,The sentence is a factual statement about infrastructure funding and does not address executive power or the undermining of democratic institutions.,ParlaMint-HU_2018-02-19,u2018-02-19-145-9,Legnagyobb forrásigényük az infrastrukturális beruházásoknak van.
169,NEUTRAL,0.95,"The sentence focuses on factual infrastructure and economic development projects, lacking any direct stance on executive power or democratic institutions.",ParlaMint-HU_2018-02-19,u2018-02-19-145-10,"Kiemelném a 690 kilométernyi közút- és 137 kilométernyi vasútfejlesztést. 20 városban létrejött, illetve bővítettünk ipari parkokat, hogy ezzel segítsük a munkahelyteremtést."
170,NEUTRAL,0.95,"The sentence lists regional infrastructure and development projects, presenting factual information about government spending without addressing executive power or democratic institutions.",ParlaMint-HU_2018-02-19,u2018-02-19-145-11,"Közlekedési csomópontokat hozunk létre 11 városban, 10 városban korszerűsítjük a helyi tömegközlekedést, 5 városban pedig repülőteret bővítünk. 8 városban jelentős helyi útfejlesztés történik, 7 városban pedig kerékpárút építéséhez biztosítunk forrásokat. 15 városrehabilitációs és városi lakókörnyezethez beruházást, 5 városban vár- és műemlék-felújítást támogatunk."
171,NEUTRAL,0.95,"The sentence lists factual information about planned public investments and infrastructure developments, without discussing executive power or democratic institutional changes.",ParlaMint-HU_2018-02-19,u2018-02-19-145-12,"Jelentős energetikai és közműfejlesztés lesz 6 városban, 13 városban gazdaságfejlesztő, innovációs projektet valósítunk meg. 114 kulturális, turisztikai, egészségügyi és sportberuházás is következik, amelynek célja a városokban élő, valamint a vonzáskörökben lakók életminőségének javítása, illetve a települések turisztikai vonzerejének növelése."
172,NEUTRAL,0.9,The sentence dismisses opposition criticism as a 'rampage' without explicitly advocating for or against the expansion of executive power or institutional changes.,ParlaMint-HU_2018-02-19,u2018-02-19-145-14,"Városfejlesztésben, országfejlesztésben szívesen partnerek vagyunk, de ebben a közéleti ámokfutásban, amit ön most már évek óta folytat, ne számítson a mi partnerségünkre."
173,NEUTRAL,0.9,"The sentence is a standard parliamentary closing formula, expressing no stance on executive power or democratic institutions within the context of the speech.",ParlaMint-HU_2018-02-19,u2018-02-19-145-15,Kérem válaszom tiszteletben tartását.
174,NEUTRAL,0.9,The sentence is an introductory remark about the official present for questioning and does not explicitly address the expansion of executive power.,ParlaMint-HU_2018-02-19,u2018-02-19-147-2,"Hát, valóban Kósa miniszter úrra számítottam, de ha ló nincs, akkor szamár is jó alapon valóban kérdezzünk lényeges dolgokat."
175,NEUTRAL,0.9,The sentence is a rhetorical remark about parliamentary questioning tactics and lacks specific content regarding executive power expansion or institutional undermining.,ParlaMint-HU_2018-02-19,u2018-02-19-147-3,"Kósa Lajostól lehet, hogy mást kérdeztem volna."
176,CONTRA,0.8,"The MP criticizes the executive's refusal to provide accountability during parliamentary questioning, opposing the undermining of democratic oversight.",ParlaMint-HU_2018-02-19,u2018-02-19-147-5,"Látszik, hogy ön még nagyon kezdő lehet ebben a szerepében, hiszen nem tudja, hogy válaszolni kell."
177,CONTRA,0.9,"The MP demands executive accountability through parliamentary oversight, criticizing the refusal to answer direct questions as an evasion of democratic checks.",ParlaMint-HU_2018-02-19,u2018-02-19-147-6,"Ez az azonnali kérdések órája, és a kérdésre kell válaszolni."
178,NEUTRAL,0.9,The sentence is a factual description of the respondent's conduct and does not explicitly address executive power or the undermining of democratic institutions.,ParlaMint-HU_2018-02-19,u2018-02-19-147-7,Ön pedig elővett egy papírt és azt olvasta fel.
179,NEUTRAL,0.8,"While the speech criticizes corruption, this sentence factually notes an official's infrequent speaking record rather than directly addressing executive aggrandisement.",ParlaMint-HU_2018-02-19,u2018-02-19-147-8,"Igaz, ahogy tudom, itt a Házban is körülbelül 5-6-szor beszélt nyolc év alatt."
180,CONTRA,0.85,"The MP criticizes the executive's evasion of parliamentary oversight and demands accountability regarding corruption, opposing the undermining of democratic institutions.",ParlaMint-HU_2018-02-19,u2018-02-19-147-9,"Nyilván könnyebb felolvasni valamit, de ez az azonnali kérdések órája, remélem, nem lesz államtitkár úrnak túl sok lehetősége már, hogy ezt gyakorolja.Még egyszer mondom, a kérdés az, honnan hallott ön először a LED-lámpás lehetőségről, és honnan kapta ön meg Mancz Ivette telefonszámát."
181,CONTRA,0.85,"The sentence questions potential corruption and lack of transparency in government tenders, challenging the executive's accountability and undermining of fair democratic processes.",ParlaMint-HU_2018-02-19,u2018-02-19-147-10,"Honnan kapta meg fél évvel azelőtt már, mielőtt egyáltalán a tendert megkapták volna?"
182,CONTRA,0.9,"The MP challenges executive corruption and cronyism by investigating opaque business dealings involving the Prime Minister’s family, asserting parliamentary oversight against power abuse.",ParlaMint-HU_2018-02-19,u2018-02-19-147-11,"Honnan hallott ön először az Elios Kft.-ről, honnan hallott ön először Tiborcz Istvánról?"
183,CONTRA,0.9,"The MP highlights and criticizes the influence of the Prime Minister's family on decision-making, opposing the erosion of democratic integrity and accountability.",ParlaMint-HU_2018-02-19,u2018-02-19-147-12,"Hiszen ön azt mondta, hogy Tiborcz István miatt kell megszavazni ezt a dolgot."
184,NEUTRAL,0.9,"The sentence is a personal political attack regarding an opponent's rhetorical style and advisors, without addressing the expansion of executive power or democratic institutions.",ParlaMint-HU_2018-02-19,u2018-02-19-149-5,"Azért érződik, hogy az LMP háttérembere, Ron Werber itt van a parlamentben, és úgy látszik, ön is vesz tőle különböző beszédgyakorlatokat. Én ebben nem tudok partner lenni."
185,NEUTRAL,0.9,"The sentence is a general statement about representing the nation and building the country, lacking explicit support for or opposition to executive power expansion.",ParlaMint-HU_2018-02-19,u2018-02-19-149-6,"Mi arra szerződtünk, hogy ezt az országot építjük, hogy a magyar nemzetet, a magyar embereket képviseljük."
186,NEUTRAL,0.9,The sentence is a rhetorical attack on an opponent's legitimacy but does not directly advocate for or criticize the expansion of executive authority.,ParlaMint-HU_2018-02-19,u2018-02-19-149-7,"Ön nem a magyar embereket képviseli, ön egyedül csak önmagát, az egyéni ambícióit képviseli, és mindent ennek rendel alá."
187,NEUTRAL,0.9,The sentence focuses on parliamentary decorum and personal conduct rather than the expansion of executive power or institutional changes.,ParlaMint-HU_2018-02-19,u2018-02-19-149-8,"Ha nem tetszik, a kérésem, nyugodtan ki lehet kérni, itt nem kell hangfelvételt készíteni, mint azt teszi más alkalmakkor."
188,NEUTRAL,0.85,"The sentence focuses on national sovereignty and country-building as shared goals, without explicitly advocating for increased executive power or undermining democratic institutions.",ParlaMint-HU_2018-02-19,u2018-02-19-149-9,"Azt gondolom, hogy utána face to face ezeket a kérdéseket lehet tisztázni.Amiben mi partnerek tudunk lenni, az az országépítés és a nemzet szuverenitása."
189,NEUTRAL,0.95,The sentence criticizes opposition rhetoric and figures without addressing executive power expansion or the erosion of democratic institutions.,ParlaMint-HU_2018-02-19,u2018-02-19-149-11,"A Ron Werber-i gyűlöletből, a Simicska-gyűlöletből nem kérünk sem itt, a parlamentben, sem a hétköznapokban."
190,NEUTRAL,0.95,"The sentence describes food quality studies within the EU and V4 countries, lacking any reference to executive power or democratic institutional changes.",ParlaMint-HU_2018-02-19,u2018-02-19-151-4,"A V4-ek, köztük hazánk példájára az utóbbi években egyre több olyan vizsgálati anyag került elő, amelyben egyértelműen a nyugat-európai piacokon forgalomba hozott élelmiszerek és a kelet-közép-európai piacokon forgalomba hozott élelmiszerek közötti különbségek összehasonlítására került sor."
191,NEUTRAL,0.95,"The sentence discusses food quality discrepancies and corporate discrimination, not the expansion of executive power or democratic institutions.",ParlaMint-HU_2018-02-19,u2018-02-19-151-5,"A bolgár, román, horvát, illetve litván vizsgálatok azt is mutatják, hogy a multinacionális élelmiszer-vállalatok továbbra is élnek azzal a felháborító gyakorlattal, hogy azonos terméknévvel és csomagolással különböző minőségű termékeket forgalmaznak egyes piacokon, előnyben részesítve természetesen a nyugat-európai fogyasztókat.Az eddigi tapasztalatok szerint nem ritka, hogy az egész Európában ugyanolyan csomagolásban forgalmazott termékeket a szegényebbnek tartott keleti tagállamokban még drágábban is adják, holott azok gyengébb minőségű alapanyagból készültek."
192,NEUTRAL,1.0,"The sentence discusses consumer discrimination and food quality issues, which is unrelated to executive power expansion or the erosion of democratic institutions.",ParlaMint-HU_2018-02-19,u2018-02-19-151-6,"Ez nem más, mint kontinensnyi léptékű diszkrimináció véleményünk szerint, ami elfogadhatatlan, éppen ezért a V4-ek összehangoltan és kellő erővel lépnek fel a jelenséggel szemben az Unió különböző fórumain."
193,NEUTRAL,0.95,"The sentence discusses consumer protection and diplomatic cooperation regarding food quality, which is unrelated to expanding executive powers or undermining democratic institutions.",ParlaMint-HU_2018-02-19,u2018-02-19-151-7,"Nyugodtan kimondhatjuk, hogy ennek a közös fellépésnek köszönhető, hogy az Európai Bizottság ma már valóban uniós szintű, komoly problémaként tekint az ügyre, és folyamatosan magas szinten foglalkozik vele."
194,NEUTRAL,1.0,"The sentence and speech focus on food quality discrepancies in the EU, which is unrelated to executive power expansion or domestic institutional changes.",ParlaMint-HU_2018-02-19,u2018-02-19-151-8,"Még nagy barátunk, Jean-Claude Juncker is azt mondta, hogy ez így tarthatatlan."
195,NEUTRAL,1.0,"The sentence and speech focus exclusively on food quality standards and consumer protection, lacking any relevance to executive power expansion or democratic institutional decay.",ParlaMint-HU_2018-02-19,u2018-02-19-151-9,Véleménye szerint is ezen a gyakorlaton változtatni kell.
196,NEUTRAL,1.0,"The sentence is a neutral inquiry about EU consumer policy and food standards, showing no connection to executive power expansion or democratic institutional changes.",ParlaMint-HU_2018-02-19,u2018-02-19-151-10,"Kérdezem ezért államtitkár urat, hogyan ítéli meg a kormány az Európai Bizottság eddigi lépéseit."
197,NEUTRAL,0.95,The sentence is a standard parliamentary inquiry regarding consumer protection policy and lacks any reference to expanding executive power or undermining democratic institutions.,ParlaMint-HU_2018-02-19,u2018-02-19-151-12,"Nemzetközi fellépésen túl itthon milyen lépéseket tervez a kormány, van-e egyáltalán eszköz a kezünkben, és hogyan szeretnénk megvédeni a magyar fogyasztókat ezzel a nemkívánatos jelenséggel szemben?"
198,NEUTRAL,1.0,The sentence is a formal parliamentary greeting regarding food quality and does not address executive power or democratic institutions.,ParlaMint-HU_2018-02-19,u2018-02-19-153-5,"Először is köszönöm, hogy ezt a témát, ezt a minden magyar családot érintő témát itt szóba hozta a parlament előtt."
199,NEUTRAL,1.0,"The sentence neutrally describes parliamentary procedure and the timeline of food safety investigations, without addressing executive power or democratic institutional changes.",ParlaMint-HU_2018-02-19,u2018-02-19-153-6,"Sok kérdést tett föl, amire tudok, válaszolok most, amire nem, a viszonválaszban visszatérek majd.Nagyjából egy esztendővel ezelőtt a szlovák miniszter által az ottani vizsgálat nyilvánosságra kerülését követően került újra az érdeklődés középpontjába a Nemzeti Élelmiszerlánc-biztonsági Hivatal által végzett korábbi vizsgálat is."
200,NEUTRAL,1.0,"The sentence discusses consumer protection and food quality disparities, showing no relevance to executive power expansion or the undermining of democratic institutions.",ParlaMint-HU_2018-02-19,u2018-02-19-153-7,"A vizsgálatok eredménye valóban azt bizonyította, amit ön is elmondott, hogy a nagy élelmiszergyártó cégek ugyanazon termékei más összetételben, sok esetben más minőségben, többször rosszabb minőségben kerültek például a magyar boltok polcaira és innen a magyar vásárlók kosarába."
201,NEUTRAL,1.0,"The sentence concerns consumer rights and food quality within the EU market, lacking any reference to domestic executive power or democratic institutional changes.",ParlaMint-HU_2018-02-19,u2018-02-19-153-8,"A kettős minőségű élelmiszer ügye azért is felháborító, mert másodrendű állampolgárként kezelték a magyar vásárlókat."
202,NEUTRAL,0.95,"The sentence addresses consumer protection and EU regulation regarding food quality, not the expansion or limitation of domestic executive power.",ParlaMint-HU_2018-02-19,u2018-02-19-153-9,"Mi kezdettől fogva azt mondtuk, hogy erre a felháborító ügyre az Európai Bizottságnak kell jogi megoldást találnia, a brüsszeli bürokraták kezében van a jogi megoldás."
203,NEUTRAL,1.0,"The sentence factually describes diplomatic cooperation on food quality standards, showing no relevance to expanding executive power or undermining democratic institutions.",ParlaMint-HU_2018-02-19,u2018-02-19-153-10,A vizsgálatok napirendre kerülését követően Szlovákiával közösen 2017 márciusában az Európai Unió halászati és mezőgazdasági bizottságának ülésén is fölvetettük a problémát.
204,NEUTRAL,0.95,The sentence factually describes diplomatic cooperation and regional coordination on food quality standards without addressing the expansion of executive power.,ParlaMint-HU_2018-02-19,u2018-02-19-153-11,"Valóban, a V4-ek közös miniszterelnöki tanácskozásán is szóba került ez az ügy, és valóban, a V4-ek, illetve azok az országok, amelyek érintettek, Románia, Bulgária, Horvátország és Szlovénia, ahol szintén végeztek az ottani hatóságok vizsgálatokat, csatlakoztak hozzánk."
205,NEUTRAL,0.95,"The sentence focuses on international consumer protection and EU diplomacy regarding food quality, not on domestic executive power expansion or democratic institutions.",ParlaMint-HU_2018-02-19,u2018-02-19-153-12,"Igen, sikerült elérni a V4-ek közös fellépésének köszönhetően, hogy a Bizottság elnöke és maga a Bizottság is komolyan veszi ezt a problémát, holott még a márciusi Európai Mezőgazdasági és Halászati Tanács ülésén az Európai Unió legtöbb vezetője azt mondta, hogy ez a probléma nem létezik, ezzel nem kell foglalkoznunk."
206,NEUTRAL,1.0,"The sentence factually describes a parliamentary committee's agenda setting regarding consumer protection, without addressing the scope or balance of executive power.",ParlaMint-HU_2018-02-19,u2018-02-19-155-4,"Ugyanakkor a múlt héten tartott V4-es mezőgazdasági bizottsági elnöki ülésen külön napirendi pontra kértem ezt a témát, amit alaposan kiveséztünk."
207,NEUTRAL,1.0,"The sentence critiques EU regulatory focus on manufacturers rather than consumers, which is unrelated to domestic executive power or democratic institutional changes.",ParlaMint-HU_2018-02-19,u2018-02-19-155-5,"Ott a vita során felmerült az is, hogy ahogy az európai uniós jogszabályokat nézzük, az a helyzet, hogy inkább a gyártókra fókuszálnak ezek a jogszabályok, mintha az ő érdekeiket képviselnék egyes vitatott helyzetben."
208,NEUTRAL,0.95,"The sentence advocates for shifting the legal framework to prioritize consumer protection, which does not relate to expanding executive power or undermining democratic institutions.",ParlaMint-HU_2018-02-19,u2018-02-19-155-6,"Tehát roppant nehéz lesz, magyarul, az egész jogrendszert el kell tolni a fogyasztók védelme érdekében, vélekedtünk mi a múlt héten megtartott ülésünkön."
209,NEUTRAL,0.95,"The sentence addresses consumer protection and food quality standards, which is unrelated to the expansion or critique of executive power or democratic institutions.",ParlaMint-HU_2018-02-19,u2018-02-19-155-7,Mert így sajnos ez a nem túl szerencsés és felháborító élelmiszer-megkülönböztetés továbbra is megtörténik.
210,NEUTRAL,1.0,"The sentence discusses consumer protection and product quality discrimination, which is entirely unrelated to the expansion of executive power or democratic institutions.",ParlaMint-HU_2018-02-19,u2018-02-19-155-8,"Sőt, felvetettük, hogy úgy tűnik, a ruhafélék mosószereinél, öblítőszereknél és az edények tisztítására használt mosogatószereknél is ugyanez a megkülönböztetés megvan vélelmünk szerint."
211,NEUTRAL,0.9,The sentence is a routine request for government action on consumer protection and does not address the expansion or limitation of executive powers.,ParlaMint-HU_2018-02-19,u2018-02-19-155-9,Ebben is kérnénk szépen eljárni.
212,NEUTRAL,0.95,"The sentence focuses on regional diplomatic cooperation (V4) regarding food safety, which is a standard policy issue, not executive power expansion.",ParlaMint-HU_2018-02-19,u2018-02-19-157-2,"Valóban, a V4-eknek közös fellépésére van szükség továbbra is ahhoz, hogy ezt a problémát meg tudjuk oldani."
213,NEUTRAL,1.0,"The sentence is a neutral transition referencing a previous question about food policy, without addressing executive power or democratic institutions.",ParlaMint-HU_2018-02-19,u2018-02-19-157-3,"Az elején még kérdezte, hogy mi lehet a megoldás."
214,NEUTRAL,0.95,"The sentence describes administrative policies on food quality and local markets, lacking any relevance to the expansion of executive power or democratic institutional changes.",ParlaMint-HU_2018-02-19,u2018-02-19-157-4,"Valóban, a Földművelésügyi Minisztérium az elmúlt esztendőkben egyik fő feladatának tartotta az élelmiszerek minőségének emelését, a helyi termékekre való figyelemfelhívás, a helyi termelők segítése, illetve a helyi termelői piacok létrehozása is fontos dolog.De tavaly júliusban a kormány elfogadott egy határozatot, ez 20 pontos akciótervként vonult be a köztudatba."
215,NEUTRAL,0.95,"The sentence describes technical food quality policies and budget allocations, which do not involve expanding executive power or undermining democratic institutions.",ParlaMint-HU_2018-02-19,u2018-02-19-157-5,"Ez az élelmiszerek minőségének növeléséről, a vásárlói tudatosság erősítéséről és a hatékony hatósági munka megerősítéséről szól.  2 milliárd forintot rendelt a kormány e kormányhatározat végrehajtásához, mert azt gondoljuk, hogy a legerősebb fegyver, mondjuk, a kettős minőség ügyében is a vásárlói tudatosság erősítése."
216,NEUTRAL,0.95,"The sentence discusses food safety and consumer protection goals, which are standard policy objectives unrelated to the expansion of executive power or institutional shifts.",ParlaMint-HU_2018-02-19,u2018-02-19-157-6,"Mi továbbra is mindent elkövetünk azért, hogy a magyar családok asztalára egészséges, biztonságos és kiváló minőségű élelmiszerek kerüljenek."
217,NEUTRAL,1.0,The sentence is a standard polite closing to a speech and contains no content related to executive power or democratic institutions.,ParlaMint-HU_2018-02-19,u2018-02-19-157-7,Köszönöm szépen a figyelmüket.
218,CONTRA,0.9,"The sentence introduces a critique of the executive's attempt to hide public funds, highlighting a judicial check against the government's expansion of power.",ParlaMint-HU_2018-02-19,u2018-02-19-165-2,"Igen, volt már olyan ügy a Magyar Nemzeti Bank környékén, ami az Alkotmánybíróságon kötött ki."
219,CONTRA,0.95,"The speaker criticizes a past attempt to evade transparency and oversight of public funds, which represents a challenge to democratic institutional accountability.",ParlaMint-HU_2018-02-19,u2018-02-19-165-3,"Ez akkor volt, amikor el akarták tüntetni a Nemzeti Bank pénzének közpénzjellegét."
220,CONTRA,0.9,The MP highlights judicial checks on executive overreach and criticizes the instrumentalization of Parliament to rectify the executive's lack of transparency and errors.,ParlaMint-HU_2018-02-19,u2018-02-19-165-4,Ezt az Alkotmánybíróság végül is nem engedte.Ráadásul egy ilyen technikai hibáért most az Országgyűlést hozzák működésbe.
221,CONTRA,0.9,"The MP criticizes using the legislature to retroactively correct executive errors in ongoing cases, highlighting an abuse of power and lack of accountability.",ParlaMint-HU_2018-02-19,u2018-02-19-165-5,"Talán holnap fogjuk tárgyalni azt a törvényjavaslatot, hogy folyamatban lévő ügyekben lehessen kijavítani az önök által elkövetett hibákat."
222,CONTRA,0.85,"The MP opposes using legislation to fix executive errors, demanding accountability instead of allowing the executive-controlled institution to evade responsibility via the legislature.",ParlaMint-HU_2018-02-19,u2018-02-19-165-6,"Nézze, talán nem a törvényhozásnak kellene ezt megoldania, hanem a megfelelő személyi következtetéseket levonni a Nemzeti Banknál."
223,CONTRA,0.85,"The MP criticizes the central bank's misuse of funds, opposing the executive's lack of accountability and opaque control over public resources.",ParlaMint-HU_2018-02-19,u2018-02-19-165-7,"Ráadásul úgy, hogy a Nemzeti Bank tevékenységét ismerjük, tudjuk jól, hogy milyen nyereséget könyveltek el a devizahitelek átváltásánál, ami ott lenne a magyar emberek zsebében, és a magyar embereket kellene ebből kártalanítani."
224,CONTRA,0.9,"The MP criticizes the executive for using foundations to bypass oversight and distribute public funds to cronies, opposing the lack of transparency and accountability.",ParlaMint-HU_2018-02-19,u2018-02-19-165-8,"Ehelyett önök alapítványokon keresztül jógatanároknak, barátoknak, ismerősöknek, mindenféle oktatónak és vudubajnoknak osztják ezt a pénzt."
225,CONTRA,0.9,"The MP criticizes the misuse of public funds and legislative fixes for executive errors, demanding an end to practices that undermine accountability.",ParlaMint-HU_2018-02-19,u2018-02-19-165-9,"Azt gondolom, hogy ennek véget kell vetni."
226,CONTRA,0.95,"The speaker denounces corruption and cronyism linked to the Prime Minister, criticizing the executive's misuse of power and resulting financial loss to the public.",ParlaMint-HU_2018-02-19,u2018-02-19-169-4,"Igen, itt vagyunk ugyanennél az ügynél, az Eliosnál, a vőbotránynál, hiszen ez az elmúlt évek talán legnagyobb korrupciós ügye, amit az OLAF, az Európai Csalás Elleni Hivatal feltárt, hiszen szervezett bűnözésről beszél, az európai pénzek elcsalásáról beszél, és szó szerint, név szerint megnevezi a miniszterelnök vőjét, aki részt vett ennek a hálózatnak a működtetésében.Sokat beszéltünk erről a mai napon is, hogy ez hogyan alakult és hogyan nézett ki, viszont arról keveset beszéltünk, hogy ez 13 milliárd forintba fáj majd a magyar adófizetőknek. 13 milliárd forint, amit mondjuk, a mentőállomások állapotának a javítására lehetett volna felhasználni, vagy akár a mentősök, a mentőápolók bérének a növelésére, de erről lemond a magyar kormány, lemondanak a magyar adófizetők, hiszen a miniszterelnök vejének a tevékenysége miatt ezt az adófizetőknek az Európai Unió felé vissza kell fizetni."
227,CONTRA,0.9,"The sentence challenges the executive's accountability for corruption-related losses, opposing the government's lack of transparency and undermining of democratic institutions.",ParlaMint-HU_2018-02-19,u2018-02-19-169-6,"Azt szeretném megkérdezni, honnan fogja elvenni a pénzt a kormány ahhoz, hogy visszafizesse ezt a 13 milliárd forintot, ha erre kötelezi önöket az Európai Bizottság."
228,CONTRA,0.9,"The sentence challenges executive accountability by questioning why assets belonging to the Prime Minister's son-in-law, linked to corruption scandals, have not been frozen.",ParlaMint-HU_2018-02-19,u2018-02-19-169-7,Gondolkodtak-e már Tiborcz István vagyonának zárolásán?
229,CONTRA,0.85,"The MP uses this question to highlight executive corruption, opposing the government's lack of accountability and misuse of power described in the speech.",ParlaMint-HU_2018-02-19,u2018-02-19-169-8,A kormány szerint mire lenne elég az egészségügyben 13 milliárd forint?
230,NEUTRAL,0.95,"The sentence defends the government's regional investment performance, focusing on regional development rather than the structural expansion or limitation of executive power.",ParlaMint-HU_2018-02-19,u2018-02-19-175-4,Egyáltalán nem feledkezett meg a kormány Felső-Szabolcsról.
231,NEUTRAL,0.95,The sentence discusses regional development and criticizes an opposition perspective without addressing executive power expansion or democratic institutions.,ParlaMint-HU_2018-02-19,u2018-02-19-175-5,"Nyilvánvaló, hogy Kisvárda fejlesztése kihat az egész megyére.Képviselő úr egy meglehetősen szűk ellenzéki szempontból csoportosította a fejlesztéseket."
232,NEUTRAL,0.9,The sentence uses a metaphorical reference to democracy to refute opposition claims about regional development without addressing executive power expansion or institutional changes.,ParlaMint-HU_2018-02-19,u2018-02-19-175-6,"Kérem, higgye el nekem, hogy 38 évnyi ózdi tartózkodás alatt én is megtanultam a demokrácia míves csokrát összerakni, de ahogy esetenként nekem nem volt igazam, úgy most önnek sincs."
233,NEUTRAL,0.95,"The sentence focuses on regional economic development and infrastructure, lacking any references to executive power expansion or institutional changes.",ParlaMint-HU_2018-02-19,u2018-02-19-175-7,"Igen, Kisvárda fejlődik, és a kisvárdai agglomeráció fejlesztéséből a környező települések, így Felső-Szabolcs is részesül."
234,NEUTRAL,1.0,The sentence is a rhetorical transition about regional development examples and does not address executive power or democratic institutional changes.,ParlaMint-HU_2018-02-19,u2018-02-19-175-8,"Egyébként, ha már önnek a helyismerete e területen lényegesen jobb, mint az enyém, ezért engedje meg, hogy településeket említsek, csak példát említek."
235,NEUTRAL,1.0,The sentence lists factual regional infrastructure and economic developments without addressing executive power or the undermining of democratic institutions.,ParlaMint-HU_2018-02-19,u2018-02-19-175-9,"Tornyospálcán a Logistic Kft. fémipari üzemét adják át 150 munkahellyel, a Felső-Szabolcsi Kórházban rendkívüli eszköz- és infrastruktúra-fejlesztések történtek, egy új sebészeti tömböt alakítottak ki."
236,NEUTRAL,1.0,"The sentence describes regional infrastructure and economic developments in Felső-Szabolcs, which does not relate to the expansion or restriction of executive power.",ParlaMint-HU_2018-02-19,u2018-02-19-175-10,Sok minden történt Felső-Szabolcsban.
237,NEUTRAL,0.95,The sentence focuses on regional development and resource allocation rather than the expansion of executive power or the undermining of democratic institutions.,ParlaMint-HU_2018-02-19,u2018-02-19-175-11,"Ha ön azt mondja, hogy nem elég, ennél többet kell tenni, akkor tökéletesen igaza van."
238,NEUTRAL,0.9,The sentence is a rhetorical rebuttal about regional development and does not address executive power or democratic institutions within the speech's context.,ParlaMint-HU_2018-02-19,u2018-02-19-175-12,"De az egyoldalú beállítást, képviselő úr, kérem, hogy ön se fogadja el. Köszönöm szépen."
239,NEUTRAL,0.95,This sentence is a neutral inquiry about education policy and does not directly challenge or support the expansion of executive power or institutional erosion.,ParlaMint-HU_2018-02-19,u2018-02-19-177-4,Van-e terve a kormánynak az oktatás problémáinak megoldására?
240,NEUTRAL,0.9,"The sentence is a neutral inquiry about the government's election message, not directly addressing executive power expansion or institutional changes.",ParlaMint-HU_2018-02-19,u2018-02-19-177-5,"Mit üzennek Magyarországnak a választások előtt kevesebb, mint két hónappal?"
241,NEUTRAL,0.9,The sentence identifies general policy problems in education and daycare but does not explicitly address the concentration of executive power or institutional erosion.,ParlaMint-HU_2018-02-19,u2018-02-19-177-6,"Mi azt látjuk, hogy súlyos problémákat kell orvosolni."
242,NEUTRAL,0.9,"The sentence addresses the lack of a government manifesto and nursery shortages, focusing on policy and transparency rather than executive power expansion.",ParlaMint-HU_2018-02-19,u2018-02-19-177-7,"Az LMP-nek nyilvánosan elérhető programja van, amit büszkén vállalunk, de hol a kormány programja?A magyar családok azzal szembesülnek, hogy nincs elég bölcsődei férőhely."
243,NEUTRAL,0.95,"The sentence provides factual statistics on nursery capacity, focusing on social policy failures rather than issues of executive power or democratic institutional decay.",ParlaMint-HU_2018-02-19,u2018-02-19-177-8,"Ráadásul csökkent is a bölcsődék száma. 2016-ban még 48 ezer férőhely volt, 2017-ben már csupán 46 500."
244,NEUTRAL,0.9,"The sentence questions social policy implementation regarding nursery capacity, not the structural expansion of executive power or democratic institutional decay.",ParlaMint-HU_2018-02-19,u2018-02-19-177-9,Hol vannak a bölcsődei férőhelybővítések?
245,NEUTRAL,0.9,"The sentence presents a statistic on nursery availability, focusing on public policy performance rather than the expansion or erosion of democratic institutions.",ParlaMint-HU_2018-02-19,u2018-02-19-177-10,Ma a gyerekek csupán 16 százalékának jut itt hely.
246,NEUTRAL,0.95,"The sentence focuses on social policy and childcare funding, lacking any reference to executive power or the erosion of democratic institutions.",ParlaMint-HU_2018-02-19,u2018-02-19-177-11,Az LMP szerint azonnali bölcsődeépítésre van szükség és a családokat fizetésre kényszerítő bölcsődei gondozási díj eltörlésére.
247,NEUTRAL,0.9,This sentence factually states a government promise about nursery capacity and lacks any direct reference to executive power expansion or institutional erosion.,ParlaMint-HU_2018-02-19,u2018-02-19-177-12,A kormány 60 ezer férőhelyet ígért.
248,NEUTRAL,0.95,"The sentence questions the absence of promised childcare developments, focusing on policy implementation rather than the expansion of executive power or democratic decay.",ParlaMint-HU_2018-02-19,u2018-02-19-177-13,Hol vannak ezek a fejlesztések?
249,NEUTRAL,0.9,The sentence is a factual description of student activities and does not contain an explicit evaluative judgment on executive aggrandisement.,ParlaMint-HU_2018-02-19,u2018-02-19-177-14,"A közoktatásban a diákok az elmúlt hetekben tüntettek, megfogalmazták kéréseiket, vitára hívták a kormányt."
250,CONTRA,0.95,"The sentence advocates removing speech restrictions and promoting critical thinking, criticizing the executive's suppression of democratic freedoms and refusal to consult with students.",ParlaMint-HU_2018-02-19,u2018-02-19-177-15,"Szeretnének egyeztetni, megoldani a problémákat, a túlterhelést csökkenteni, a szólásszabadság korlátozását eltörölni, a kritikus gondolkodásra való nevelést bevezetni."
251,CONTRA,0.9,"The MP criticizes the government's refusal to listen to student protesters, challenging executive attempts to limit democratic participation and accountability.",ParlaMint-HU_2018-02-19,u2018-02-19-177-16,"Az LMP teljes mértékben támogatja a diákok kéréseit, de miért zárkózik el a kormány a diákok meghallgatásától?"
252,CONTRA,0.85,"The sentence challenges the government's refusal to listen to students, criticizing the executive's lack of democratic consultation and centralized control over educational policy.",ParlaMint-HU_2018-02-19,u2018-02-19-177-17,Támogatják-e a Független Diákparlament 12 pontját?
253,NEUTRAL,0.9,"The sentence focuses on educational accessibility and enrollment statistics, which relates to social policy rather than executive power expansion or democratic erosion.",ParlaMint-HU_2018-02-19,u2018-02-19-177-18,A felsőoktatásba egyre nehezebb bejutni.
254,NEUTRAL,0.9,The sentence factually describes university enrollment trends and does not explicitly reference executive power expansion or the weakening of democratic institutions.,ParlaMint-HU_2018-02-19,u2018-02-19-177-19,"A korábban felvett diákok száma 100 ezerről 70 ezer fő közelébe csökkent nyolc év alatt, miközben a népességcsökkenés ellenére sem zuhant a korosztály létszáma 30 százalékkal."
255,NEUTRAL,0.95,"The sentence outlines specific educational and social policy proposals by the opposition party, rather than discussing executive power or democratic institutions.",ParlaMint-HU_2018-02-19,u2018-02-19-177-20,"Az LMP a felsőoktatás kapuit szélesebbre nyitná, az első három diplomát ingyenessé tenné, kiterjesztenénk a családi pótlékot és az adókedvezményt a fiatal 24 éves koráig, ha továbbtanul."
256,NEUTRAL,0.95,This sentence is a standard procedural closing to a parliamentary inquiry and does not express a stance on executive power or democratic institutions.,ParlaMint-HU_2018-02-19,u2018-02-19-177-22,Erre várom államtitkár úr válaszát.
257,NEUTRAL,0.95,The sentence discusses administrative funding for infrastructure projects and contains no language regarding the expansion of executive power or democratic institutional changes.,ParlaMint-HU_2018-02-19,u2018-02-19-183-2,"Figyelembe véve a választmány döntését is, a kormány részéről arról tudom biztosítani önt, hogy a kormány ezeket a célokat támogatja, a szükséges döntéseket pedig meghozza és meg fogja hozni.Szeretném arról tájékoztatni, hogy a kormány egy több mint félmilliárdos támogatásról döntött, amelyet a fővárosi kerületek kaptak belterületi utak, járdák és hidak felújítására."
258,NEUTRAL,0.95,The sentence presents factual statistics regarding road infrastructure improvements without addressing the expansion of executive power or democratic institutional changes.,ParlaMint-HU_2018-02-19,u2018-02-19-183-3,"Ami az eddigi eredményeket illeti, a 2010 utáni időszakban az állami közútkezelő beruházásaiban közel 4 ezer kilométernyi útszakasz újult meg."
259,NEUTRAL,1.0,The sentence provides factual information about infrastructure spending and does not address executive power or democratic institutional changes.,ParlaMint-HU_2018-02-19,u2018-02-19-183-4,Idén több mint 100 milliárd forintot fordítunk a meglévő úthálózat felújítására.
260,NEUTRAL,0.95,"The sentence presents factual statistics on infrastructure development and future targets, without discussing executive power expansion or democratic institutions.",ParlaMint-HU_2018-02-19,u2018-02-19-183-5,"Ami az új utakat illeti, mert az is fontos, 2010 óta 670 kilométernyi új útszakasz készült el, hozzávetőleg több mint 1100 milliárd forint értékben. És ami a jövőt illeti, terveink szerint 2022-ig a most meglévő mintegy 1500 kilométerhez képest 900 kilométer új gyorsforgalmi útszakasz vagy kiemelt főút épül majd meg Magyarországon."
261,NEUTRAL,0.95,"The sentence provides factual information about infrastructure project progress and procurement, without addressing the expansion or limitation of executive power.",ParlaMint-HU_2018-02-19,u2018-02-19-183-6,"Azt is szeretném önnek elmondani, hogy a kormányhatározatban nevesített projektek több mint 70 százalékában már legalább a kivitelezési közbeszerzésnél tart az állami beruházó, és ezzel párhuzamosan folyamatosan megújulhatnak a fővárosi utak is."
262,NEUTRAL,0.9,"The sentence and speech focus on infrastructure funding, which is a standard administrative task and does not address institutional power or democratic erosion.",ParlaMint-HU_2018-02-19,u2018-02-19-183-7,Ebben az ügyben minden körülmények között számíthat a kormány támogatására.
263,NEUTRAL,0.95,"The sentence clarifies the distinction between party and government jurisdiction regarding a contract, representing a procedural point rather than a stance on executive power.",ParlaMint-HU_2018-02-19,u2018-02-19-187-3,"Először is szeretném felhívni rá a figyelmét, hogy ebben a kérdésben a Fidesz mint párt és nem a kormány az illetékes."
264,NEUTRAL,0.9,The sentence addresses parliamentary procedure and a legal ruling on a contract without advocating for or criticizing the expansion of executive power.,ParlaMint-HU_2018-02-19,u2018-02-19-187-4,"Őket is meg lehet kérdezni, de nem az itteni műfaj ennek a legmegfelelőbb műfaja, mert itt a kormányt lehet kérdezni.Ettől függetlenül azt szívesen elmondom önnek, amit már egyébként a nyilvánosságból is tudni lehet, szeretném felhívni a figyelmét arra, hogy az illetékes hatóság már valóban megvizsgálta az ügyet talán erre utalt , és azt állapította meg, hogy jogszerű a szerződés, azzal a céggel egyébként, amellyel önök is kötöttek korábban, a baloldali kormányzás alatt szerződést."
265,NEUTRAL,0.9,"The sentence reports a regulatory finding on contract legality, neither advocating for nor criticizing the expansion of executive power or democratic institutional decay.",ParlaMint-HU_2018-02-19,u2018-02-19-187-5,"Azt állapította meg a hatóság, hogy a Fidesz és az Odex a törvényi előírások maradéktalan betartásával jártak el a szerződés megkötésekor."
266,NEUTRAL,0.95,"The sentence factually states the timing of an authority's resolution regarding a contract, without addressing executive power or democratic institutions.",ParlaMint-HU_2018-02-19,u2018-02-19-187-6,Ez egy múlt heti állásfoglalás.
267,NEUTRAL,0.95,"The sentence focuses on the legality of a specific contract and the consistency of opposition claims, lacking relevance to executive power or democratic erosion.",ParlaMint-HU_2018-02-19,u2018-02-19-187-7,"Azért is furcsa a felvetése, mert van önöknek egy miniszterelnök-jelöltjük, és neki egy tanácsadója, aki egyébként médiajogász, ő szintén arról nyilatkozott, hogy a Fidesz szerződése jogszerű."
268,NEUTRAL,0.9,The sentence focuses on criticizing the opposition's misinformation rather than addressing the expansion or restriction of executive powers.,ParlaMint-HU_2018-02-19,u2018-02-19-187-8,"Ilyen körülmények között aztán két eset lehetséges: lehet, hogy önt félretájékoztatták tekintve az MSZP-ben uralkodó összevisszaságot, ez egyáltalán nem lenne meglepő, valószínűleg nem nézték meg rendesen a jogszabályokat , de az is lehet, hogy ön is nagyon tisztában van a tényekkel, de azt gondolja, hogy bármilyen okból kifolyólag félre lehet vezetni a nyilvánosságot."
269,NEUTRAL,1.0,The sentence rhetorically dismisses an opponent's argument about a party contract without addressing executive power or the undermining of democratic institutions.,ParlaMint-HU_2018-02-19,u2018-02-19-187-9,"Az egyik forgatókönyv rosszabb, mint a másik, ezért a magunk részéről nincs is több hozzáfűznivalónk."
270,NEUTRAL,0.95,The sentence provides factual information about local resources and certification without discussing executive power or democratic institutions.,ParlaMint-HU_2018-02-19,u2018-02-19-193-5,"Választókerületem központja, Kiskunhalas kiváló minőségű gyógyvízzel rendelkezik, ami hatalmas lehetőségeket rejt magában, amit az is bizonyít, hogy 2015-ben gyógyfürdő-minősítést kapott a helyi termálfürdő."
271,NEUTRAL,1.0,"The sentence and speech concern local infrastructure and tourism development in Kiskunhalas, lacking any relevance to executive power expansion or institutional changes.",ParlaMint-HU_2018-02-19,u2018-02-19-193-6,"Bár elmondható, hogy néhány környékbeli település már befutott strandja komoly vonzerővel bír, de a legtöbbek szerint még így is lenne létjogosultsága Kiskunhalas strandja fejlesztésének."
272,NEUTRAL,1.0,"The sentence focuses on the socio-economic benefits of local infrastructure development, not executive power or institutional democratic structures.",ParlaMint-HU_2018-02-19,u2018-02-19-193-7,"Fontos lenne ez a város lakossága számára is, akik vélhetően a jelenleginél jóval nagyobb számban látogatnák a strandot, illetve a város turisztikai fejlődése szempontjából is fontos lenne."
273,NEUTRAL,1.0,"The sentence factually observes unfulfilled local development promises, lacking any reference to executive power expansion or systemic democratic institutional changes.",ParlaMint-HU_2018-02-19,u2018-02-19-193-8,A strandfejlesztésre vonatkozóan rengeteg ígéretet hallhattak a helyiek.
274,NEUTRAL,0.9,The sentence criticizes a local representative's unfulfilled development promise rather than addressing the structural expansion of executive power or democratic institutional decay.,ParlaMint-HU_2018-02-19,u2018-02-19-193-9,"Bányai Gábor, a választókerület fideszes képviselője például még 2014-ben ígért történelmi strandfejlesztést, amiből azóta sem valósult meg semmi."
275,NEUTRAL,0.85,The sentence observes regional development differences and MP lobbying efficacy without explicitly criticizing the underlying executive power structures or systemic democratic erosion.,ParlaMint-HU_2018-02-19,u2018-02-19-193-10,"Mindeközben pedig más településeken, ahol olyan országgyűlési képviselő van, aki tud is a településéért lobbizni, ott valóban el tudtak érni eredményeket, és komoly, sokmilliárdos strandfejlesztéseket láthatunk például Nagykanizsán, Makón, Debrecenben, Esztergomban, Kisvárdán, és még lehetne sorolni a szerencsésebb sorsú településeket."
276,NEUTRAL,0.95,"Although the speech criticizes partisan resource allocation, this sentence is a neutral factual statement about local swimmers' achievements and their lack of proper facilities.",ParlaMint-HU_2018-02-19,u2018-02-19-193-11,"Az elmaradt strandfejlesztés mellett ki kell térnem a helyi úszósport helyzetére is, a város úszói ugyanis komoly eredményeket érnek el országosan, és nemzetközi szinten is képviselik Kiskunhalast és hazánkat."
277,NEUTRAL,0.95,"The sentence discusses local sports infrastructure and training conditions, lacking any relevance to the expansion of executive power or democratic institutional erosion.",ParlaMint-HU_2018-02-19,u2018-02-19-193-12,"Ennek ellenére a sportolók csak a szintjükhöz képest méltatlan körülmények között, egy 19 méteres medencében tudnak edzeni."
278,NEUTRAL,0.9,The sentence is a specific inquiry about local infrastructure funding and does not address executive power expansion or democratic institutional changes.,ParlaMint-HU_2018-02-19,u2018-02-19-193-14,"Azzal a kérdéssel fordulok tehát önhöz, hogy miért történhetett meg az, hogy míg más városokban történtek fejlesztések, addig ez Kiskunhalas esetében nem valósult meg."
279,NEUTRAL,0.95,The sentence is a specific inquiry about local infrastructure projects in Kiskunhalas and does not address executive power or democratic institutional changes.,ParlaMint-HU_2018-02-19,u2018-02-19-193-15,"Miért nem történt Kiskunhalason sem strandfejlesztés, sem uszodaépítés?"
280,NEUTRAL,1.0,The sentence describes jurisdictional competence for local bath development without addressing the expansion of executive power or undermining democratic institutions.,ParlaMint-HU_2018-02-19,u2018-02-19-195-4,"A kérdést tulajdonképpen nagyon röviden meg lehetne válaszolni, nevezetesen: a fürdőfejlesztés az üzemeltető és a tulajdonos kompetenciája, tehát a település önkormányzatának döntésein múlik, és ő rendelkezik információval."
281,NEUTRAL,1.0,The sentence neutrally restates a question about regional development without addressing executive power or the expansion of government authority.,ParlaMint-HU_2018-02-19,u2018-02-19-195-5,"De azt kérdezte, hogy másutt miért van fejlesztés."
282,NEUTRAL,0.9,The sentence factually describes a central policy framework for tourism management without expressing support for or opposition to executive power expansion.,ParlaMint-HU_2018-02-19,u2018-02-19-195-6,"Magyarországon az állami turizmusirányítás cél- és eszközrendszerét „A nemzeti turizmusfejlesztési stratégia 2030” című dokumentum határozza meg, a jövőben létrejövő különböző fejlesztések, stratégiák, elképzelések, egyedi projektek ezen a stratégián belül valósulnak meg."
283,NEUTRAL,0.95,"The sentence factually explains administrative procedures for local development within national strategies, without advocating for or against expanding executive power.",ParlaMint-HU_2018-02-19,u2018-02-19-195-7,"Ha a kiskunhalasi önkormányzat ezekhez igazodóan tud fejlesztési pályázatokat beadni, akkor nyilvánvalóan ez a fürdő is fejlődni fog."
284,NEUTRAL,0.95,The sentence provides factual information about EU funding restrictions without expressing a stance on the expansion or restriction of executive power.,ParlaMint-HU_2018-02-19,u2018-02-19-195-8,"Azt azonban a korrektség kedvéért meg kell jegyeznem, hogy a jelenlegi szabályok szerint a turizmusfejlesztésre rendelkezésre álló EU-s forrásokból jelenleg fürdők fejlesztésének támogatására nincs mód."
285,NEUTRAL,1.0,"The sentence is a standard formal greeting to the chair, containing no political content or stance regarding executive power or democratic institutions.",ParlaMint-HU_2018-02-19,u2018-02-19-199-1,"Köszönöm szépen a szót, elnök úr."
286,NEUTRAL,0.95,The sentence critiques opposition inconsistency regarding prison construction and does not discuss expanding executive power or undermining democratic institutions.,ParlaMint-HU_2018-02-19,u2018-02-19-199-4,"A börtönépítéssel kapcsolatban a Jobbik véleménye, úgy tűnik, ellentmondásos, hiszen itt ön Kunmadaras esetében szorgalmazza a börtönépítést, a munkahelyek teremtése, illetve az esetleg munkavállalók miatt aggódik, míg 2017. október 24-én a frakcióból elhangzó szóbeli kérdés arra irányult és azt szorgalmazta, hogy ne legyen börtönkórház Berettyóújfaluban."
287,NEUTRAL,0.9,The sentence criticizes opposition opportunism regarding prison projects and does not address the expansion of executive power or the undermining of democratic institutions.,ParlaMint-HU_2018-02-19,u2018-02-19-199-5,"Tehát jól látható, hogy merő politikai haszonszerzésből próbálják az embereket akár a börtönkórház ellen hangolni, vagy éppen, amikor úgy gondolják, hogy az érdekük azt kívánja, akkor a börtön megépítésével kapcsolatos kérdést teszik fel."
288,NEUTRAL,0.9,"The sentence focuses on a policy regarding prison capacity and the government's duty, without suggesting institutional power shifts or democratic undermining.",ParlaMint-HU_2018-02-19,u2018-02-19-199-7,"Magyarország Kormánya tudja kötelességét, és tudja azt, hogy a börtönférőhelyeket bővíteni kell."
289,NEUTRAL,0.9,"The sentence explains prison expansion as a result of crime reduction, focusing on criminal justice policy rather than the expansion of executive authority.",ParlaMint-HU_2018-02-19,u2018-02-19-199-8,"Ennek az egyik legfontosabb oka az, hogy Magyarországon a bűnözés csökkentésével együtt járt az is, hogy a bűnözők börtönökbe kerültek, és itt őket meg kell óvni attól, hogy kikerülhessenek."
290,NEUTRAL,0.95,"The sentence provides a factual account of government decrees and capacity expansion programs for prisons, without evaluating or advocating for executive power shifts.",ParlaMint-HU_2018-02-19,u2018-02-19-199-9,"Ehhez a szükséges túlzsúfoltságot meg kell szüntetni, és erre a kormány 2016-ban hozott egyébként egy kormányrendeletet, amelyben az építési helyeket is megjelölte.  2010-ben indult a büntetés-végrehajtási szervezet által egy férőhelybővítési program, amely a meglévő börtönök belső átalakításával, új körletrészek kialakításával mintegy másfél ezerrel növelte a börtönök férőhelyét."
291,NEUTRAL,0.9,"The sentence factually describes inmate labor and administrative plans, which does not directly advocate for or against expanding executive power over democratic institutions.",ParlaMint-HU_2018-02-19,u2018-02-19-199-10,"Ezen túlmenően azt is elmondhatom, hogy a fogvatartottak mintegy 90 százaléka dolgozik ma a börtönökben, és reményeink szerint a börtönbővítési programban is részt fognak venni."
292,NEUTRAL,0.95,"The sentence describes a standard administrative policy regarding prison construction, without addressing the expansion of executive power or the weakening of democratic institutions.",ParlaMint-HU_2018-02-19,u2018-02-19-199-11,"A kormány eldöntötte, hogy a börtönépítést végrehajtja."
293,NEUTRAL,0.9,"The sentence confirms the execution of an administrative decision regarding prison construction, discussing policy implementation rather than the expansion or undermining of democratic institutions.",ParlaMint-HU_2018-02-19,u2018-02-19-199-12,"Ez a határozat ma is él, tehát meg is fog történni."
294,NEUTRAL,0.95,The sentence is a neutral introductory statement paraphrasing another MP's description of a motion without expressing a stance on executive power.,ParlaMint-HU_2018-02-19,u2018-02-19-203-3,"Frakcióvezető úr úgy fogalmazott, hogy ez egy figyelemfelhívás a cél érdekében."
295,CONTRA,0.85,"The sentence demands a prime ministerial debate, advocating for democratic accountability and transparency, which opposes the executive's attempts to bypass public scrutiny.",ParlaMint-HU_2018-02-19,u2018-02-19-203-4,"A figyelemfelhívás okával egyet tudunk érteni, és elvárnánk azt, hogy legyen miniszterelnök-jelölti vita is, hozzáteszem."
296,NEUTRAL,0.9,"While the speech criticizes the government, this specific sentence only provides a technical, neutral critique of a legislative proposal's legal drafting.",ParlaMint-HU_2018-02-19,u2018-02-19-203-5,"Itt a kidolgozottság azért hagy maga után egy kis kivetnivalót, tehát ha tárgysorozatba vételről döntene az Országgyűlés, akkor szükség lenne némi jogi korrekcióra."
297,CONTRA,0.9,The MP criticizes the lack of political debate as a sign of the ruling party undermining democratic norms and public accountability.,ParlaMint-HU_2018-02-19,u2018-02-19-203-6,"De maradjunk csak az üzenetnél, hogy nemhogy csak miniszterelnök-jelölti vita nincs, hanem semmilyen vita nincs."
298,CONTRA,0.9,"The MP criticizes the ruling party's avoidance of public debates and lack of programs, viewing it as an erosion of democratic accountability and transparency.",ParlaMint-HU_2018-02-19,u2018-02-19-203-7,"Tehát én arra szeretném felhívni a figyelmet, hogy nemcsak a miniszterelnök-jelöltek között nem kerül sor a programok ütköztetésére, már ahol van ilyen, vagy amelyik párt egyáltalán írt programot, a Fidesz ugye megtehette, hogy az előző választásokon se írt, most se hallottuk úgy, hogy bármiféle programmal bíbelődnének, de ez a miniszterelnök-jelölti vitára vonatkozik, de a helyi országgyűlésiképviselő-jelöltek se mennek el a vitákra."
299,CONTRA,0.9,"The MP criticizes the disappearance of public debates, viewing it as an erosion of democratic norms and institutional accountability by those in power.",ParlaMint-HU_2018-02-19,u2018-02-19-203-8,"De továbbmegyek egyébként, hogyha már így egyre lejjebb lépkedünk a grádicsokon, az önkormányzati vitákon se vettek részt a polgármesterjelöltek, illetve az önkormányzatiképviselő-jelöltek se, és úgy en bloc a közéleti vita kezd kiveszni."
300,CONTRA,0.9,"The MP criticizes the ruling party's avoidance of public debates, viewing it as an arrogant disregard for democratic accountability and voters' will.",ParlaMint-HU_2018-02-19,u2018-02-19-203-9,"Meggyőződésem, hogy ezt addig tehetik meg, amíg a választópolgárok nem fognak üzenni, hogy eddig és ne tovább."
301,CONTRA,0.95,"The MP criticizes the government’s avoidance of debate and arrogant behavior, characterizing it as a rejection of democratic accountability and institutional transparency.",ParlaMint-HU_2018-02-19,u2018-02-19-203-10,"Bízom benne, hogy ez április 8-án meg fog történni. És ha eljön az a pont, hogy önök elbuknak, és nem fogják érteni, hogy miért történt, akkor a sok indok és az egymásra tevődő különböző okozat és ok között ez is biztos, hogy közre fog játszani, mert az embereknek szerintem elegük van abból, hogy vannak olyanok, akik mindenki fölött érzik magukat, és még egy vitára sem hajlandók leülni."
302,CONTRA,0.9,"The MP criticizes the ruling party for avoiding parliamentary debate, opposing the undermining of democratic deliberation and legislative oversight.",ParlaMint-HU_2018-02-19,u2018-02-19-205-4,"Igen, valóban, most azzal szembesülünk, hogy még a vitáról sem hajlandó vitatkozni a Fidesz itt a parlamentben, mert nem hallottunk egy észérvet arra, hogy miért kerülik és miért menekülnek a vita lehetőségétől, de láthatjuk, hogy most már itt a parlamentben is visszafogottak, és már nem szeretnének vitatkozni velünk. Én köszönöm a képviselőtársam, frakcióvezető-helyettes úr támogatását. Én azt gondolom, hogy megérne egy vitát a parlamentben, hogy kell-e vitatkozni a politikusoknak vagy nem."
303,CONTRA,0.9,"The MP defends democratic debate as essential for the rule of law, opposing the executive's strategy of avoiding parliamentary discourse and accountability.",ParlaMint-HU_2018-02-19,u2018-02-19-205-5,"Szerintem a kulturált vita egy demokratikus jogállam alapja tud lenni, és ez nemcsak az Országgyűlésben, nemcsak a miniszterelnök-jelölteknél, hanem valóban, helyi politikusoknál is elvárható lenne."
304,CONTRA,0.85,"The MP criticizes government-funded propaganda and calls for democratic debate, opposing the executive's attempt to bypass public discourse and institutional accountability.",ParlaMint-HU_2018-02-19,u2018-02-19-205-6,"Biztos vagyok benne, hogy nemcsak a hamis, jól fizetett és hazugságokra épülő propagandára lenne nyitott a magyar társadalom és a választópolgárok nemcsak erre lennének kíváncsiak, hanem egy kulturált, épeszű javaslatokról szóló, korrekt vitára is nyitottak lennének."
305,NEUTRAL,0.9,"The sentence is a procedural expression of hope regarding the parliamentary agenda, lacking explicit language criticizing or supporting executive power expansion.",ParlaMint-HU_2018-02-19,u2018-02-19-205-7,"Bízom benne, hogy holnap a parlament bölcs döntést hoz, és tárgysorozatba veszi majd ezt a javaslatunkat."
306,NEUTRAL,0.9,"The sentence supports investigating corruption and illegal wealth, expressing a policy goal rather than a stance on the structural expansion of executive power.",ParlaMint-HU_2018-02-19,u2018-02-19-209-2,"Itt megint csak a cél az, amit támogatni tudunk, a Jobbiknak számos hasonló javaslata volt, ami egyrészt a közélet megtisztítása, másrészről a jogtalan gazdagodások és az elmúlt nyolc évnek a számtalan esetben a jogszabályokon túllépő, korrupt, meg nem engedhető gazdasági gyarapodásoknak a kivizsgálására irányult."
307,NEUTRAL,0.8,"The sentence and speech address historical corruption and financial theft across multiple governments, focusing on accountability rather than the structural expansion of executive authority.",ParlaMint-HU_2018-02-19,u2018-02-19-209-3,"De mivel, ahogy mondtam, a céllal egyet tudunk érteni, ezért ezt is támogatjuk. Én azért fel szoktam tenni azt a kérdést, és ’90 után minden kormány irányába címezni lehet, hogy senkinek nem tűnt fel, a magyar népnek feltűnt egyébként, hozzáteszem, hogy itt a magyar államadósság 2,5-3-szorosát ellopták óvatos becslésről beszélünk ’90 után a nemzettől."
308,NEUTRAL,0.85,The sentence observes a lack of accountability for historical corruption without directly addressing the expansion of executive authority or the undermining of democratic institutions.,ParlaMint-HU_2018-02-19,u2018-02-19-209-4,Ettől függetlenül felelősöket nem látunk.
309,CONTRA,0.8,"The MP criticizes the complicity and incompetence of law enforcement, highlighting the failure of state institutions to uphold the rule of law against corruption.",ParlaMint-HU_2018-02-19,u2018-02-19-209-5,"Ez vagy a törvényi környezetnek a hiányossága, vagy a bűnüldöző szerveknek az alkalmatlansága és cinkossága."
310,CONTRA,0.85,"The sentence criticizes the rejection of parliamentary amendments and the lack of accountability in state institutions, specifically targeting the executive's failure to address corruption.",ParlaMint-HU_2018-02-19,u2018-02-19-209-7,"De mivel számos törvénymódosító indítványunkat elutasították, és elmondták, hogy a törvények jók, és amikor egyébként az ügyészség, a rendőrség vezetőinek a felelősségét vetettük fel, akkor meg az volt a válasz, hogy ők jól végzik a feladatukat, ezért már csak az a gond, hogy a pénzek viszont továbbra is eltűnnek, illetve olyan helyen landolnak, ahol nem kellene nekik. Úgyhogy ebből kifolyólag most már nagyon érik az idő, hogy nem is csak az elmúlt nyolc év, de az elmúlt 30 évnek a politikai garázdálkodását valaki felülvizsgálja, és megtegyen mindent azért, hogy ezeket az ellopott vagyonokat vissza lehessen szerezni."
311,NEUTRAL,0.9,"The sentence calls for transparency and accountability regarding financial corruption, which does not directly address the expansion or limitation of executive branch powers.",ParlaMint-HU_2018-02-19,u2018-02-19-209-8,"Ha ez nem sikerül bizonyos esetekben, akkor meg legalább a felelősöket megismerhessük."
312,NEUTRAL,0.95,The sentence is a procedural acknowledgment of support and does not directly argue for or against the expansion of executive power.,ParlaMint-HU_2018-02-19,u2018-02-19-211-3,Ismét köszönöm a támogató nyilatkozatot frakcióvezető-helyettes úrtól.
313,CONTRA,0.95,"The sentence criticizes the Prime Minister for organizing a corruption network, opposing the centralized control and institutional erosion typical of executive aggrandisement.",ParlaMint-HU_2018-02-19,u2018-02-19-211-4,"Valóban sokféle módja lehet annak, hogy egyszer s mindenkorra felszámoljuk ezt az államilag szervezett korrupciós hálózatot, amit a jelenlegi miniszterelnök szervezett ebben az országban."
314,CONTRA,0.9,"The speaker promotes parliamentary debate to dismantle the Prime Minister's corruption network, asserting legislative oversight as a check against executive power concentration.",ParlaMint-HU_2018-02-19,u2018-02-19-211-5,"Pont ez ennek a lényege, hogy a javaslatról vitatkozni lehessen itt, a Ház falai között."
315,CONTRA,0.85,"The MP mocks the Prime Minister’s absolute authority and the ruling party's subservience, highlighting the executive's overreach and control over the legislative branch.",ParlaMint-HU_2018-02-19,u2018-02-19-211-6,"Meg most már kezdek egy kicsit aggódni az itt ülő fideszes képviselőtársaim miatt, mert olyan mondatokat mondok itt a főnökre, és önök meg nem is védik meg, nehogy aztán ebből a későbbiekben baj legyen."
316,CONTRA,0.9,"The MP seeks support for a bill to dismantle the executive's corruption network, thereby opposing the Prime Minister's power expansion.",ParlaMint-HU_2018-02-19,u2018-02-19-211-7,"De talán akkor sikerült önöket meggyőznöm, és a holnapi nap folyamán a szavazáskor támogatni fogják ennek a törvényjavaslatnak a tárgysorozatba vételét. Úgyhogy köszönöm szépen, hogy meghallgattak."
317,NEUTRAL,0.9,The sentence describes legislative debates and party positions on a treaty without addressing the expansion of executive power or democratic institutional health.,ParlaMint-HU_2018-02-19,u2018-02-19-217-3,"Sok vitát folytattunk az Igazságügyi bizottságban az isztambuli egyezményről, és való igaz, hogy először a Fidesz álláspontja a tartózkodás volt, aztán inkább a nem irányába mentek el.Ennek jómagam sem tudom az okát, főleg azért, mert először, amikor még nem volt ilyen erőteljes az elutasítás, Répássy Róbert szájából elhangzott és nagyon helyesen hangzott el , hogy a fogalommeghatározásokkal, amit a ratifikációhoz lehet fűzni, biztosítható, hogy a magyar Alaptörvénynek megfelelő legyen ez az egyezmény."
318,NEUTRAL,1.0,"The sentence reflects on polarized media views regarding the Istanbul Convention, without discussing executive power or the weakening of democratic institutions.",ParlaMint-HU_2018-02-19,u2018-02-19-217-4,"Megvallom őszintén, hogy a sajtóban szélsőséges véleményeket olvashatnak mindkét tábor részéről."
319,NEUTRAL,0.95,The sentence critiques extreme public discourse regarding the Istanbul Convention rather than addressing executive power or democratic institution stability.,ParlaMint-HU_2018-02-19,u2018-02-19-217-5,"Tehát szélsőségesen egymásnak ellentmondó véleményeket, amelyeknek ha az ember utánanéz és megmarad a józanság talaján, akkor azt lehetett látni, hogy ezek a vélemények mind a két irányban elrugaszkodtak a valóságtól, és elrugaszkodtak attól, amiről ez az egyezmény szól."
320,NEUTRAL,0.95,The sentence describes the scope of protection in the Istanbul Convention and does not address executive power or democratic institutions.,ParlaMint-HU_2018-02-19,u2018-02-19-217-6,"Ez az egyezmény egyébként nemcsak a nőket és a lánygyermekeket, hanem a férfiakat, fiúkat, kisfiúkat ugyanúgy védi."
321,NEUTRAL,0.95,"The sentence discusses the social rationale for the Istanbul Convention's focus on women, without addressing executive power or democratic institution changes.",ParlaMint-HU_2018-02-19,u2018-02-19-217-7,"Nyilvánvalóan az, hogy a nőket és a kislányokat erőteljesebben a védelem középpontjába helyezi, ez nem meglepő, lévén, hogy nagyobb számban elszenvedői a hasonló cselekményeknek."
322,NEUTRAL,0.95,"The sentence neutrally explains the Istanbul Convention's focus on women's protection, lacking any stance on executive power or democratic institutional changes.",ParlaMint-HU_2018-02-19,u2018-02-19-217-8,"Tehát önmagában, hogy a hangsúly ezen van, az nem is meglepő."
323,NEUTRAL,0.95,"The sentence discusses procedural cooperation between government and Parliament on a treaty, without addressing the expansion of executive power or democratic erosion.",ParlaMint-HU_2018-02-19,u2018-02-19-217-9,"Természetesen ettől függetlenül, ha férfiáldozatok vannak vagy kisfiúáldozatok vannak, azokra ugyanúgy kiterjed. Úgyhogy a tárgysorozatba vételt mindenképpen támogatni tudjuk, de azt fontosnak tartom elmondani, hogy a fogalommeghatározásnál mindenképpen a Magyar Országgyűlésnek dolga van még a javaslattal, de azt hiszem, hogy ezt a munkát a kormány és az Országgyűlés el tudja végezni, és valóban olyan módon sikerül majd ratifikálni, ami a magyar jogrendszert előremozdítja."
324,NEUTRAL,0.95,"The sentence focuses on policy disagreements and parliamentary rhetoric regarding the Istanbul Convention, lacking any direct link to executive power expansion or institutional undermining.",ParlaMint-HU_2018-02-19,u2018-02-19-219-4,"Azért elöljáróban az elhangzott vádak nagy részét, amiket elmondott, szeretném visszautasítani a Fidesz-frakció nevében, és az isztambuli egyezmény elfogadásáról szóló határozati javaslattal kapcsolatban szeretném nagyon határozottan leszögezni, hogy önnel és önökkel mint előterjesztőkkel nagyon sok mindenben egyetértünk."
325,NEUTRAL,1.0,"The sentence expresses a shared condemnation of violence, which is a moral stance unrelated to executive power expansion or democratic institutional changes.",ParlaMint-HU_2018-02-19,u2018-02-19-219-5,"Egyetértünk abban a tekintetben mindenképpen, hogy elítélünk mindenfajta testi és lelki erőszakot, vagy ahogyan ön fogalmazott, elítélünk mindenfajta bánásmódot ."
326,NEUTRAL,0.9,"The sentence addresses the state's role in preventing violence, focusing on policy goals rather than the institutional balance of power or executive power expansion.",ParlaMint-HU_2018-02-19,u2018-02-19-219-6,"Sőt, abban is egyetértünk, ami arra vonatkozott, hogy az államnak mindent meg kell tennie a megelőzés érdekében."
327,NEUTRAL,0.95,"The sentence identifies a parliamentary consensus on preventing violence, which does not involve expanding executive power or undermining democratic institutions.",ParlaMint-HU_2018-02-19,u2018-02-19-219-7,"Azt hiszem, hogy a dolognak ebben a részében nincs is közöttünk vita, sőt feltételezem, hogy valamennyi magyar parlamenti párt között sincs vita ebben a tekintetben."
328,NEUTRAL,0.95,"The sentence addresses ideological disagreements over gender definitions within the Istanbul Convention treaty, rather than discussing executive power or democratic institutions.",ParlaMint-HU_2018-02-19,u2018-02-19-219-9,"A vita alapvetően ott van, ami már elhangzott a képviselő úrtól, hogy a javaslat nemi identitás helyett társadalmi nemeket vezetne be, és ezzel nem tudunk egyetérteni."
329,NEUTRAL,0.95,The sentence describes the procedural history of committee discussions on the Istanbul Convention without taking a stance on executive power expansion.,ParlaMint-HU_2018-02-19,u2018-02-19-219-10,"Ezt a tárgykört az igazságügyi bizottsági ülések alkalmával, ahogy említette, már nagyon sokszor megtárgyaltuk, és kifejtettük a véleményünket."
330,NEUTRAL,0.9,"The sentence conveys a party's refusal to support a resolution due to ideological disagreements over gender definitions, not discussing executive power or democratic institutions.",ParlaMint-HU_2018-02-19,u2018-02-19-219-11,"Tehát az elhangzottakra való tekintettel azt tudom mondani, hogy a Fidesz-frakció nem támogatja a határozati javaslat tárgysorozatba vételét."
331,NEUTRAL,1.0,The sentence is a formal opening thanking contributors and contains no political stance regarding executive power or democratic institutional changes.,ParlaMint-HU_2018-02-19,u2018-02-19-221-1,"Nagyon köszönöm a reakciókat, a támogató nyilatkozatokat és az észrevételeket."
332,NEUTRAL,0.9,The sentence describes the symbolic weight of a parliamentary vote regarding an international convention without directly addressing the expansion or limitation of executive power.,ParlaMint-HU_2018-02-19,u2018-02-19-221-2,"Az Igazságügyi bizottságban valóban zajlottak viták, de hogy ezt az egyezményt elfogadja-e a magyar parlament vagy nem, annak üzenetjellege van."
333,NEUTRAL,0.9,The sentence critiques government hypocrisy regarding domestic violence but does not address the expansion of executive power or the undermining of democratic institutions.,ParlaMint-HU_2018-02-19,u2018-02-19-221-3,"Hiába mondja ön azt, kedves Demeter Zoltán, hogy önök elítélik az erőszakot, de ha ennek még sincs következménye, akkor hiába a szó."
334,NEUTRAL,0.9,The sentence rhetorically challenges government hypocrisy regarding a specific treaty but does not address the expansion of executive power or democratic institutional decay.,ParlaMint-HU_2018-02-19,u2018-02-19-221-4,"A cselekedetek azok, amik fel tudják mutatni Magyarország lakói számára, hogy önök mit gondolnak vagy mit nem gondolnak."
335,NEUTRAL,0.85,"The sentence focuses on policy contradictions regarding the Istanbul Convention and shelter construction, rather than directly challenging the expansion of executive power.",ParlaMint-HU_2018-02-19,u2018-02-19-221-5,"Ha de…, mégsem támogatják, az azt jelenti, hogy nem támogatják. Én egyébként jobban értek ehhez az ügyhöz, mivel én megkerestem azokat a civil szervezeteket, amelyek ezen a területen dolgoznak, és tudom, hogy valójában titokban önök tényleg foglalkoznak azzal, hogy például újabb menedékházak vannak építkezés előkészülete alatt, amit önök nem is említettek, mert nem tudnak róla."
336,NEUTRAL,0.95,"The sentence criticizes the government's refusal to implement violence prevention measures, focusing on social policy instead of executive power expansion or undermining democratic institutions.",ParlaMint-HU_2018-02-19,u2018-02-19-221-6,"De az a helyzet, hogy a megelőzés az, amiről ez az egyezmény szól, és a megelőzés ügyében önök nem hajlandók semmit sem tenni."
337,NEUTRAL,0.95,"The sentence critiques the government's ideology regarding the Istanbul Convention and power-based violence, without addressing executive power expansion or the undermining of democratic institutions.",ParlaMint-HU_2018-02-19,u2018-02-19-221-7,"Nem tudok másra gondolni, csak továbbra is arra, hogy önöknek ideológiai problémájuk van ezzel az egyezménnyel, méghozzá azzal a résszel, ami ennek a legfontosabb eleme, amely szerint az isztambuli egyezmény kimondja, hogy az erőszak a hatalomból származik."
338,NEUTRAL,0.9,"The sentence critiques government hypocrisy concerning domestic violence and secret policy actions, but lacks a clear stance on executive power expansion or institutional undermining.",ParlaMint-HU_2018-02-19,u2018-02-19-221-8,"Bizonyos értelemben mindegy, hogy az nők ellen vagy férfiak ellen vonatkozik, de természetesen önök, amikor titokban készülődnek, akkor a nők számára próbálnak menedéket szervezni, mert önök is tudják, hogy a nők az elsődleges áldozatai és a velük együtt menekülő gyerekek ennek a nagyon súlyos jelenségnek, ami sok százezer magyar család életét teszi tönkre."
339,NEUTRAL,0.9,"The sentence criticizes the government's inability to address domestic violence, focusing on policy effectiveness and rhetoric rather than executive power or democratic institutions.",ParlaMint-HU_2018-02-19,u2018-02-19-221-9,"S amikor önök egy család kormányának nevezik magukat, képtelenek megfékezni azt a legnagyobb problémát, ami a családokat felborítja, ami az erőszak."
340,NEUTRAL,0.9,The sentence characterizes the election as a choice between ideological government types rather than addressing the expansion or limitation of executive authority.,ParlaMint-HU_2018-02-20,u2018-02-20-13-4,"Ha egy mondatban kéne összefoglalni azt, hogy az április 8-ai országgyűlési választásoknak mi a tétje, akkor azt mondhatnánk, az a tétje, hogy nemzeti vagy bevándorláspárti kormánya lesz-e Magyarországnak."
341,NEUTRAL,0.9,This sentence frames the election as historically significant but lacks any specific reference to expanding executive authority or undermining democratic institutions.,ParlaMint-HU_2018-02-20,u2018-02-20-13-5,"Emellett azt is hozzá kell tenni, hogy ez a választás történelmi mércével mérve is kiemelkedő jelentőségű."
342,NEUTRAL,0.95,The sentence is a rhetorical framing of the election's importance and does not discuss executive power or institutional changes.,ParlaMint-HU_2018-02-20,u2018-02-20-13-6,"Hiszen április 8-án nem csak arról szavazunk, hogy milyen volt a mögöttünk hagyott négy év."
343,NEUTRAL,0.9,The sentence rhetorically emphasizes the election's long-term historical impact but does not address executive power or institutional structures.,ParlaMint-HU_2018-02-20,u2018-02-20-13-7,"Még csak nem is arról szavazunk, hogy milyen volt a mögöttünk hagyott nyolc év, hanem arról, hogy milyen lesz az előttünk álló száz év."
344,NEUTRAL,0.9,"The sentence discusses preserving identity and freedom as election stakes, avoiding any explicit stance on the expansion of executive power or institutional changes.",ParlaMint-HU_2018-02-20,u2018-02-20-13-8,"Másként: nem kisebb a tét, mint nemzeti, keresztény identitásunk, kultúránk, szabadságunk és az a létformánk, amiben jelenleg élünk.A magyarság története is azt bizonyítja, hogy nekünk, magyaroknak csak akkor megy jól, ha szabadok vagyunk."
345,NEUTRAL,0.9,"The sentence is an abstract rhetorical statement about freedom, lacking a direct link to the expansion of executive power or undermining of democratic institutions.",ParlaMint-HU_2018-02-20,u2018-02-20-13-9,"Szabadság nélkül nem tudunk élni, szabadság nélkül nem tudunk sikeresek lenni ebben a világban."
346,NEUTRAL,0.9,The sentence expresses generic party goals of national identity and prosperity without advocating for or criticizing the expansion of executive authority.,ParlaMint-HU_2018-02-20,u2018-02-20-13-10,"Számunkra, Fidesz-KDNP-sek számára ez a kettő a legfontosabb: magyarként tudjunk élni, és azért tudjunk dolgozni, hogy minden magyar ember sikeres lehessen."
347,PRO,0.85,"The sentence frames the pre-2010 era as lacking sovereignty, justifying the executive's consolidation of power as necessary to restore national control and autonomy.",ParlaMint-HU_2018-02-20,u2018-02-20-13-11,"A mögöttünk hagyott nyolc év is ugyanezt bizonyítja számunkra, hiszen 2010-ben Magyarország, mi nem voltunk urai saját magunknak."
348,NEUTRAL,0.9,"The sentence describes the pre-2010 economic situation as a justification for later policies, but does not explicitly advocate for expanding executive power or undermining institutions.",ParlaMint-HU_2018-02-20,u2018-02-20-13-12,"Az államadósság az egekben volt, ráadásul az államadósság nagy része külföldi tulajdonban volt."
349,NEUTRAL,0.9,The sentence provides context for the narrative on sovereignty but remains a factual observation about ownership rather than an explicit plea for aggrandisement.,ParlaMint-HU_2018-02-20,u2018-02-20-13-13,"Stratégiai ágazataink, stratégiai vállalataink külföldi tulajdonban voltak."
350,PRO,0.85,"The sentence advocates for rejecting international constraints (IMF/Brussels), supporting executive autonomy and the removal of external institutional checks on government power.",ParlaMint-HU_2018-02-20,u2018-02-20-13-15,"Ekkor mi azt mondtuk, a Fidesz-KDNP azt mondta, hogy a saját utunkat akarjuk járni, nem kérünk az IMF és Brüsszel jó tanácsaiból."
351,PRO,0.85,"The MP frames the rejection of international checks as a victory for freedom, supporting the government's expansion of executive power and national autonomy.",ParlaMint-HU_2018-02-20,u2018-02-20-13-16,Küzdöttünk és visszaszereztük szabadságunkat.
352,PRO,0.85,"The MP frames the government's centralization of power as 'regained freedom', endorsing the executive's autonomy from international and domestic institutional constraints.",ParlaMint-HU_2018-02-20,u2018-02-20-13-17,"Minden magyar ember büszke lehet arra, önök is büszkék lehetnek arra, hogy a visszaszerzett szabadságunkkal…"
353,NEUTRAL,0.95,"The sentence is a procedural announcement regarding committee activities and legislative status, providing factual information without taking a stance on executive aggrandisement.",ParlaMint-HU_2018-02-20,u2018-02-20-29-3,"Ezúton tájékoztatom az Országgyűlést, hogy az elfogadott döntésünknek megfelelően a kivételes eljárás szabályai szerint a tegnapi napon a Törvényalkotási bizottság megtárgyalta „A Lengyelország melletti kiállásról Brüsszel nyomásgyakorlásával szemben” címmel benyújtott, H/19861. számú határozati javaslatot, és ahhoz a bizottság 22 igen szavazattal összegző módosító javaslatot és összegző jelentést nyújtott be."
354,NEUTRAL,0.95,"The sentence is a purely factual, procedural description of technical and linguistic amendments to a resolution, lacking any stance on executive power or institutions.",ParlaMint-HU_2018-02-20,u2018-02-20-29-4,A módosító javaslatok nyelvhelyességi-jogtechnikai módosításokat tartalmaznak.
355,PRO,0.9,"The sentence frames EU oversight as unprecedented, while the speech defends the Polish executive against democratic accountability, supporting aggrandisement and opposing external checks.",ParlaMint-HU_2018-02-20,u2018-02-20-29-5,"Példátlan módon az Európai Parlament plenáris ülése 2017. november 15-én határozatot fogadott el a lengyelországi helyzetről, amelynek értelmében elkezdi előkészíteni az uniós alapszerződés 7. cikke szerinti eljárás megindítását a lengyel kormánnyal szemben. 2017. december 20-án pedig az Európai Bizottság bejelentette, hogy megindította az eljárást, amelyet az EP a soron következő plenáris ülésen határozatban készül elfogadni."
356,NEUTRAL,0.9,The sentence provides factual historical context about Article 7's application without explicitly praising or condemning the expansion of executive power or institutional checks.,ParlaMint-HU_2018-02-20,u2018-02-20-29-7,"A 7. cikket eddig még sohasem alkalmazták az Európai Unió történetében, ez az első alkalom, hogy valamely tagállammal szemben kilátásba helyezik."
357,PRO,0.9,"The MP defends Poland against EU rule-of-law checks, framing democratic oversight as a political attack, which supports executive autonomy from institutional constraints.",ParlaMint-HU_2018-02-20,u2018-02-20-29-8,"A Magyar Országgyűlés elfogadhatatlannak tartja az Európai Bizottság bejelentését, tekintettel arra, hogy úgy véljük: ez egy politikai támadás a szövetségeseink ellen."
358,PRO,0.9,"The sentence opposes EU oversight of the Polish executive, framing democratic checks as overreach, thus supporting national executive autonomy and power consolidation.",ParlaMint-HU_2018-02-20,u2018-02-20-29-9,"A magyar álláspont szerint e döntésével a Bizottság túllépi az európai uniós alapokmányokban rögzített feladatkörét, ezért a határozati javaslat felszólítja a kormányt, hogy álljon ki Lengyelország mellett."
359,PRO,0.9,"The sentence rejects EU checks on the Polish executive, framing international oversight as a violation of rights to support sovereign executive authority.",ParlaMint-HU_2018-02-20,u2018-02-20-29-10,"Nem támogathatunk olyan javaslatot, amely Lengyelország uniós tagságából eredő alapvető jogainak gyakorlását korlátozza."
360,PRO,0.85,"The sentence advocates for a resolution protecting the Polish government from EU checks, thereby supporting executive power against institutional and democratic oversight mechanisms.",ParlaMint-HU_2018-02-20,u2018-02-20-29-11,"Ezért kérem, támogassák a határozati javaslat elfogadását."
361,NEUTRAL,1.0,This specific sentence is a standard procedural greeting used in parliament and contains no political content or stance regarding executive aggrandisement.,ParlaMint-HU_2018-02-20,u2018-02-20-45-1,"Köszönöm a szót, tisztelt elnök úr."
362,NEUTRAL,0.95,The sentence is a rhetorical introduction to the speaker's response and lacks any specific stance on executive power or democratic institutions.,ParlaMint-HU_2018-02-20,u2018-02-20-45-2,"Nem tudom megállni, hogy itt Soltész Miklós fölszólalására röviden ne reagáljak."
363,CONTRA,0.85,The speaker frames the refusal to cooperate as resistance to a government maneuver intended to justify dismantling the rule of law and democratic standards.,ParlaMint-HU_2018-02-20,u2018-02-20-45-3,"Idecitálta azt, hogy egy sürgősséggel való tárgyaláshoz nem járultunk hozzá, és hogy mi vagyunk az akadályai annak, hogy itt hirtelen Lengyelország mellé álljunk."
364,NEUTRAL,0.95,"The sentence factually mentions an EU decision's timing, acting as a premise for the speaker's critique without directly evaluating executive power or democratic institutions.",ParlaMint-HU_2018-02-20,u2018-02-20-45-4,"Szeretném Soltész Miklós képviselőtársamat arra emlékeztetni, hogy tavaly ősszel született meg ez a döntés az Európai Unióban, több mint fél évvel ezelőtt született meg az a döntés arról, hogy ezt az eljárást elkezdik."
365,NEUTRAL,0.9,This sentence is a rhetorical question regarding the timing of a motion and lacks a clear stance for or against executive aggrandisement.,ParlaMint-HU_2018-02-20,u2018-02-20-45-5,"Kérdezem én, mi tartott fél évig."
366,CONTRA,0.9,The MP's question about timing frames the government's actions as a tactic to justify dismantling the rule of law.,ParlaMint-HU_2018-02-20,u2018-02-20-45-6,"Tehát az, hogy itt a lengyelek mellett kiálljunk, ez most miért a kampányidőszakban lett olyan hirtelen sürgős a KDNP-nek és a Fidesznek?"
367,CONTRA,1.0,"The speaker explicitly criticizes the government's 'dictatorial' steps and the dismantling of the rule of law, directly opposing executive power expansion.",ParlaMint-HU_2018-02-20,u2018-02-20-45-8,"Az pedig, amit önök itt a többedik fölszólalásban mondanak, és az, ahogy próbálják megosztani a magyar politikát, egyébként egy olyan kérdésben, amelyben eddig teljes konszenzus volt: a lengyel-magyar barátság egy olyan ritka kérdés volt a magyar parlamentarizmus történetében, amely a parlamenti patkó mindkét oldalán, az összes parlamenti párt részéről egy konszenzusos kérdés volt, ezért támogatta mindenki például a lengyel-magyar barátság napját; erre önök idehoznak most egy olyan kérdést, ami teljesen nyilvánvalóan egy kampányfogás az önök részéről, és ami által önök az önök politikájának a diktatórikus, jogállamiságot felszámoló lépéseit próbálják csak és kizárólag igazolni."
368,CONTRA,0.95,The MP criticizes the government's polarizing tactics as a 'Bolshevik trick' used to justify anti-democratic policies and consolidate power over political discourse.,ParlaMint-HU_2018-02-20,u2018-02-20-45-9,"Ez nem Lengyelországról szól, ez az önök politikájáról szól, tisztelt képviselőtársam, és mindezt ráadásul olyan gusztustalan módon csinálják, hogy leporolják azt a régi bolsevik trükköt, hogy aki nincs velünk, az ellenünk van."
369,CONTRA,0.95,"The MP likens the government to communists to condemn their authoritarian tactics and efforts to dismantle the rule of law, opposing executive aggrandisement.",ParlaMint-HU_2018-02-20,u2018-02-20-45-10,"A kommunisták még Jézus Krisztus szavait is kiforgatták, önök pedig a kommunisták nyomdokaiba lépnek."
370,CONTRA,0.9,The sentence rebukes the governing coalition for actions the speaker explicitly characterizes as dictatorial and dismantling the rule of law.,ParlaMint-HU_2018-02-20,u2018-02-20-45-11,"Szégyelljék magukat, képviselőtársam, ön is és az összes többi KDNP-s képviselőjük!"
371,NEUTRAL,0.9,"The sentence is a personal, rhetorical introduction expressing disappointment and general disagreement without referencing executive power or democratic institutions directly.",ParlaMint-HU_2018-02-20,u2018-02-20-47-3,"Nagyon szomorúan hallgattam Soltész Miklóst régi ismerősöm, még a XI. kerületben találkoztunk többször, és nyújtottam neki segítő kezet jóindulattal, úgy, mint általában a lengyel embereknek szoktunk, pedig ő hazánk fia , nagyon szomorú vagyok, mert olyan dolgokat kever össze, amit tisztességgel nem lenne szabad összekeverni."
372,CONTRA,0.95,"The MP criticizes the government for dismantling the democratic order and links these actions to problematic constitutional maneuvers, clearly opposing executive aggrandisement.",ParlaMint-HU_2018-02-20,u2018-02-20-47-4,"Most nem a mi pártunk múltjára gondolok, mert mi ’89-ben indultunk, és ezt fölhánytorgatni szerintem ennyi idő után teljesen képtelenség, különösen azután, amit önök a demokratikus rend visszarendezése területén tettek. És pont ez a probléma ezzel a lengyel határozattal is."
373,CONTRA,0.95,"The speaker criticizes the Polish government's constitutional maneuvers as anti-democratic, explicitly opposing actions that undermine the constitutional order and institutional norms.",ParlaMint-HU_2018-02-20,u2018-02-20-47-5,"Önök úgy állítják be, minthogyha itt a lengyel néppel akarnának szolidaritást vállalni, holott ami a problémát jelenti, az éppen a jelenlegi kormány lengyelnép-ellenes alkotmányátalakítási manővere."
374,CONTRA,0.95,"The speaker explicitly opposes subordinating the constitutional order to politics, advocating for democratic values and human rights against executive power expansion.",ParlaMint-HU_2018-02-20,u2018-02-20-47-6,"Tehát ha önök tényleg a lengyel emberek érdekeit akarnák képviselni, akkor nem ilyen határozatot hoznának, hanem azt mondanák, hogy tartsák tiszteletben az alkotmányos rendet, ne akarjanak mindent a politikának alárendelni, és az európai normák, amelyek szisztematikusan az emberi jogok, a demokrácia értékeiből vannak levezetve, ezt ne akarják sérteni Lengyelországban, a lengyel nép érdekében."
375,CONTRA,0.95,"The MP explicitly advocates for protecting democracy and constitutionality against government maneuvers that subordinate institutions to politics, clearly opposing executive aggrandisement.",ParlaMint-HU_2018-02-20,u2018-02-20-47-7,"Tehát ha önök valóban a lengyel nép barátai, akkor nem hoznak ide ilyen határozati javaslatot, mert a lengyel emberek érdeke pont az ilyen tartalom ellen szól, az igazi lengyel-magyar barátság, a lengyel demokrácia és alkotmányosság megvédéséről szólna, nem ilyen szólamokról, mint amit idehoztak."
376,NEUTRAL,1.0,This sentence is a standard formal parliamentary greeting to the chair and lacks any substantive stance on executive power or democratic institutions.,ParlaMint-HU_2018-02-20,u2018-02-20-55-1,"Köszönöm szépen a szót, elnök úr."
377,PRO,0.85,"The MP attacks the opposition for not supporting Poland, defending a government facing rule-of-law scrutiny, thus validating executive actions against democratic institutional checks.",ParlaMint-HU_2018-02-20,u2018-02-20-55-2,"Megdöbbentő hallani az ellenzék képviselőit, a Jobbik és az MSZP képviselőit, hogy hogyan próbálnak szánalmas próbálkozásokkal kibújni az alól, hogy támogathassák Lengyelországot  és kiálljanak lengyel barátaink mellett.Valójában egyébként pontosan önök folytatnak kampányt ezzel a hozzáállásukkal és a megszólalásaikkal."
378,NEUTRAL,0.85,"The sentence characterizes the political debate as a campaign versus solidarity, rather than explicitly advocating for or against the expansion of executive power.",ParlaMint-HU_2018-02-20,u2018-02-20-55-3,"Ez a kampány, amit önök csinálnak, és nem az, amit mi, hogy mi ki akarunk állni lengyel barátaink mellett."
379,NEUTRAL,0.9,The sentence is a rhetorical rebuttal of a historical analogy and does not explicitly address the expansion of executive power or democratic institutions.,ParlaMint-HU_2018-02-20,u2018-02-20-55-4,"Egyébként pedig a kereszténydemokraták nevében vissza kell utasítanom a kommunistákkal való összehasonlítgatásnak mindenféle formáját  egy olyan történelmi párt nevében, amely valóban küzdött a kommunizmus ellen."
380,PRO,0.85,"The MP defends executives accused of aggrandisement by emphasizing their electoral mandates, dismissing opposition critiques of democratic backsliding as illegitimate.",ParlaMint-HU_2018-02-20,u2018-02-20-55-5,"Ami pedig a szocialista hozzászólásokat illeti, amikor önöknek nem tetsző kormányok vannak valahol hivatalban, amelyeket egyébként nagy többséggel demokratikusan megválasztottak, akkor természetesen az önök szerint nem az adott népet képviseli."
381,PRO,0.85,"The speaker supports the executive by delegitimizing international oversight as political attacks, while advocating for a mandate to continue the government's struggle against checks.",ParlaMint-HU_2018-02-20,u2018-02-20-55-6,"De egyébként hogyha a lényegre visszatérünk, akkor mégiscsak arról van szól, hogy Lengyelországot valójában azért támadják, mert ellenzi a bevándorlást, ezért támadja Brüsszel Lengyelországot.  És ahogyan önök nem támogatják most a Lengyelország melletti kiállást, úgy ezzel azt is megmutatják, hogy Magyarországnak a küzdelmét sem, Magyarország megvédését sem támogatják, tehát nemcsak Lengyelország megvédését nem támogatják, hanem Magyarország megvédését sem.  Mi viszont kérjük a magyar emberek támogatását abban, hogy a Fidesz-KDNP-kormányzat folytathassa azt a küzdelmet, amelyben megvédjük Magyarországot."
382,NEUTRAL,0.9,The sentence critiques the historical background and hypocrisy of MPs; it does not explicitly address the current expansion of executive power or democratic erosion.,ParlaMint-HU_2018-02-20,u2018-02-20-57-2,"Tisztelt képviselőtársam, azokat a személyeket soroltam fel, akik küzdöttek a kommunizmus ellen mint MSZMP-tagok ’89 előtt az önök soraiból. Így a legegyszerűbb egyébként, mert belülről kell az ellenséget természetesen meggyengíteni  valószínűleg az előbb említett urak ezt a stratégiát választották, hogy egy kis munkahelyi előléptetés érdekében belülről bomlasztják MSZMP-párttagként a rendszert."
383,NEUTRAL,0.9,The sentence sarcastically mocks opponents' past communist party membership and does not address the expansion of executive power or democratic institutional decline.,ParlaMint-HU_2018-02-20,u2018-02-20-57-3,"Ez abszolút logikus, beépültek vakondként, és aztán szétverték belülről a Magyar Szocialista Munkáspártot."
384,NEUTRAL,0.9,The sentence is a sarcastic remark about ruling party members' pasts and does not address executive power expansion or democratic institutions.,ParlaMint-HU_2018-02-20,u2018-02-20-57-4,Szerintem ehhez gratulálok önöknek.
385,NEUTRAL,0.9,The sentence is a rhetorical question concerning foreign policy alignment and does not discuss the expansion of executive power or the undermining of democratic institutions.,ParlaMint-HU_2018-02-20,u2018-02-20-57-5,"A másik, hogy hadd kérdezzem meg, államtitkár úr: ha már ennyire az árulásról beszél az államtitkár úr, Lengyelország Oroszország-politikáját is ilyen lelkesen támogatják-e?"
386,CONTRA,0.8,"The MP criticizes the executive's close ties with Putin, framing it as a departure from democratic norms and alliances, opposing the government's autocratic direction.",ParlaMint-HU_2018-02-20,u2018-02-20-57-6,"Mert úgy látom, mintha abban a külpolitikában lenne egy kis, apróbb különbség a magyar megközelítés… merthogy ide Putyin hazajár, Lengyelországba kevésbé."
387,NEUTRAL,0.85,The sentence compares Hungarian and Polish foreign policy commitments to NATO and the USA without explicitly addressing domestic executive power or democratic institutional decay.,ParlaMint-HU_2018-02-20,u2018-02-20-57-7,"Tehát nekem úgy tűnik, hogy Lengyelország sokkal inkább és erősebben NATO-elkötelezett és mondjuk, az USA iránt elkötelezett ország, mint Magyarország ebben a tekintetben."
388,NEUTRAL,0.85,"While the speech is critical of the government, this specific sentence focuses on foreign policy contradictions and rhetoric rather than direct executive power expansion.",ParlaMint-HU_2018-02-20,u2018-02-20-57-8,"Tehát ez a nagy lengyel kormány iránti barátság például az orosz-amerikai relációban hogyan nyilvánul meg, miközben ön árulózza a Szocialista Pártot?"
389,CONTRA,0.85,"The MP highlights executive hypocrisy by quoting Orbán’s past rhetoric, criticizing the Prime Minister's current alignment with an autocrat as a betrayal of democratic values.",ParlaMint-HU_2018-02-20,u2018-02-20-57-9,"Arról nem is beszélve, hogy az ön főnökétől hadd idézzek: „mi nem akarunk a Gazprom legvidámabb barakkja lenni”, és „Európában elszaporodtak Putyin pincsijei”."
390,CONTRA,0.85,"The MP criticizes the Prime Minister's subservience to Putin, characterizing his foreign policy as an abandonment of democratic values and executive accountability.",ParlaMint-HU_2018-02-20,u2018-02-20-57-10,"Nekem úgy tűnik, hogy ma a magyar miniszterelnök építi a Gazprom barakkját itt Magyarországon, és a leglelkesebb farokcsóváló pincsi pedig Orbán Viktor."
391,NEUTRAL,1.0,The sentence is a personal attack regarding honesty and does not address the expansion of executive power or democratic institutional changes.,ParlaMint-HU_2018-02-20,u2018-02-20-83-2,"Szerintem ön tényleg függő, képviselő úr, képtelen egy mondatot elmondani itt a parlamentben úgy, hogy ne hazudjon!"
392,NEUTRAL,0.95,The sentence is a rhetorical transition in a debate about political consistency and does not address executive power or institutional changes.,ParlaMint-HU_2018-02-20,u2018-02-20-83-3,"Egyszerűen képtelen rá!Na, lássuk akkor egy másik pártelnök véleményét, jó, képviselő úr?"
393,NEUTRAL,0.9,"The sentence quotes the Prime Minister's past remarks on Islam to highlight hypocrisy, without addressing executive power or democratic institutional changes.",ParlaMint-HU_2018-02-20,u2018-02-20-83-4,"Orbán Viktor miniszterelnök: „Számunkra az iszlám világból érkezett emberek nem fenyegetést jelentenek, hanem egy magas civilizáció képviselőiként üdvözöljük őket.”  „Az iszlám az emberiség nagy szellemi és lelki alkotása.”  mondotta volt Orbán Viktor három évvel ezelőtt."
394,NEUTRAL,0.9,The sentence questions rhetorical consistency regarding Islam and lacks any reference to executive power expansion or the weakening of democratic institutions.,ParlaMint-HU_2018-02-20,u2018-02-20-83-5,"Ezt miért nem ismétli folyamatosan, képviselő úr?"
395,NEUTRAL,0.9,The sentence critiques political rhetoric and consistency regarding Islam but does not address executive power or institutional shifts.,ParlaMint-HU_2018-02-20,u2018-02-20-83-6,Ezt miért nem ismétli folyamatosan?
396,NEUTRAL,0.95,"The sentence is a rhetorical question about the Prime Minister's religious stance and hypocrisy, not addressing executive power or democratic institutions.",ParlaMint-HU_2018-02-20,u2018-02-20-83-8,"Mondjuk mi azt, hogy a miniszterelnök iszlám hívő, képviselő úr?"
397,NEUTRAL,0.9,The sentence reflects on the poor quality of parliamentary debate without taking a stance on executive power or democratic institutional changes.,ParlaMint-HU_2018-02-20,u2018-02-20-89-3,"Nagyon röviden annyit szeretnék csak hozzáfűzni, hogy lehangoló volt ez a vita."
398,PRO,0.85,"The MP advocates suspending parliamentary sessions, undermining the legislative branch and its oversight role, which supports executive dominance over democratic institutional deliberation.",ParlaMint-HU_2018-02-20,u2018-02-20-89-4,"Azt gondolom, nagyon itt van az ideje, hogy a parlament a választási kampány idejére felfüggessze a működését, hiszen mintha elsöpörte volna az összefüggéstelen választási kampányszlogenek sorozata alapvetően az ellenzéki hozzászólásokat, ezt azért hadd tegyem hozzá."
399,NEUTRAL,0.95,"The sentence describes an MP's brief participation in parliament, focusing on individual conduct rather than the structural expansion of executive authority.",ParlaMint-HU_2018-02-20,u2018-02-20-89-5,"Mesterházy Attila képviselőtársam is bejött, elmondott három mondatot, aztán távozott."
400,NEUTRAL,0.9,"The sentence criticizes an opposition MP's conduct and parliamentary decorum, focusing on procedural dignity rather than the balance of executive and legislative power.",ParlaMint-HU_2018-02-20,u2018-02-20-89-6,"Azt hiszem, ez nem méltó a Magyar Országgyűlés eljárásrendjéhez."
401,PRO,0.85,Standing up for Poland in this context means defending a government accused of executive overreach against international democratic oversight and rule-of-law checks.,ParlaMint-HU_2018-02-20,u2018-02-20-89-7,"Valóban arról van szó, tisztelt képviselőtársaim, amiről szó van: a Lengyelország melletti kiállásról van szó."
402,PRO,0.85,"The MP frames Article 7 proceedings as unfair attacks, supporting a government accused of undermining democratic institutions and expanding executive power against EU oversight.",ParlaMint-HU_2018-02-20,u2018-02-20-89-8,"Nyilvánvaló, hogy nagyon sokféle összefüggése van egy ilyen kérdésnek, a magyar belpolitikával, a 7. cikkellyel, a bevándorlással, azzal az európai helyzettel, amiben vagyunk, de alapvetően ez egy kiállás Lengyelország mellett."
403,PRO,0.9,"Defending Poland against EU rule-of-law oversight supports executive autonomy and frames democratic checks as unfair attacks, promoting executive power consolidation.",ParlaMint-HU_2018-02-20,u2018-02-20-89-9,"Mert úgy gondoljuk, hogy méltánytalan támadás éri Lengyelországot. Éri méltánytalan támadás Lengyelországot vagy nem?"
404,NEUTRAL,0.9,"The sentence is a rhetorical demand for a clear position on the debate, without directly advocating for or criticizing executive power expansion.",ParlaMint-HU_2018-02-20,u2018-02-20-89-10,Erre a kérdésre kell egyértelmű választ adni.
405,NEUTRAL,0.9,"The sentence offers a rhetorical choice to the opposition based on their beliefs, rather than explicitly asserting a position on executive aggrandisement within this clause.",ParlaMint-HU_2018-02-20,u2018-02-20-89-11,"Ha önök úgy gondolják, hogy nem éri méltánytalan támadás Lengyelországot úgy látom, van, aki így gondolja az ellenzékben, van, aki nem , akkor ne támogassák."
406,PRO,0.85,"The MP defends the Polish government against EU rule-of-law sanctions, framing institutional checks as unfair attacks, thus supporting executive power expansion.",ParlaMint-HU_2018-02-20,u2018-02-20-89-12,"Ha úgy érzik, hogy éri méltánytalan támadás Lengyelországot, akkor pedig indokoltnak tartom, hogy kiálljanak mellette."
407,PRO,0.85,"The speaker dismisses opposition arguments against the Polish executive, signaling support for a government accused of undermining democratic checks and balances.",ParlaMint-HU_2018-02-20,u2018-02-20-89-13,"Engem nem győztek meg azok az érvek, amelyeket ebben a kérdésben önök elmondtak."
408,PRO,0.85,"The MP defends Poland's executive against EU rule-of-law scrutiny, labeling opposition criticism of aggrandisement as 'unfair attacks' on a sovereign nation.",ParlaMint-HU_2018-02-20,u2018-02-20-89-14,"Önök azt próbálták itt igazolni, hogy Lengyelországot nem éri méltánytalan támadás."
409,PRO,0.85,"The MP defends the Polish government against EU criticism, framing democratic oversight as 'unfair attacks,' thereby shielding executive actions from institutional accountability.",ParlaMint-HU_2018-02-20,u2018-02-20-89-16,Nem éri méltánytalan támadás Lengyelországot ebben a jelenlegi helyzetben?
410,PRO,0.9,"The speaker defends the Polish executive against EU oversight, framing institutional critiques as 'unfair attacks' to support centralized executive power.",ParlaMint-HU_2018-02-20,u2018-02-20-89-17,Lengyelországot nem éri méltánytalan támadás?
411,PRO,0.9,"The MP frames EU rule-of-law oversight as an 'unfair attack' on Poland, supporting executive autonomy and rejecting external institutional checks on power.",ParlaMint-HU_2018-02-20,u2018-02-20-89-18,"Ma, Európában, az Európai Bizottság, az Európai Parlament, az Európai Unió egésze részéről nem?"
412,PRO,0.85,"The speaker defends the Polish government against rule-of-law sanctions, delegitimizing opposition to executive aggrandisement by labeling critics as 'not serious people'.",ParlaMint-HU_2018-02-20,u2018-02-20-89-19,"Ha önök azt mondják, hogy nem, akkor pedig nem komoly emberek."
413,PRO,0.85,"The MP urges support for a resolution shielding Poland from EU rule-of-law oversight, thereby endorsing executive autonomy and resisting democratic institutional checks.",ParlaMint-HU_2018-02-20,u2018-02-20-89-23,"Bízom benne, hogy ez a határozat a parlament többségének a támogatását fogja élvezni."
414,NEUTRAL,1.0,"The sentence is a formulaic closing statement thanking the audience, which lacks any substantive political position or stance on executive aggrandisement.",ParlaMint-HU_2018-02-20,u2018-02-20-89-24,Köszönöm szépen a figyelmüket.
415,CONTRA,0.85,"The sentence and speech show an opposition MP resisting attempts to regulate their tone, defending parliamentary autonomy against potential silencing by the majority.",ParlaMint-HU_2018-02-20,u2018-02-20-161-2,"Ott még nem tartunk, hogy megmondja nekem, képviselő úr, hogy milyen hangnemben beszéljek."
416,NEUTRAL,0.85,"The sentence asserts the speaker's right to shout during debate, focusing on parliamentary conduct rather than directly addressing executive power or democratic institutions.",ParlaMint-HU_2018-02-20,u2018-02-20-161-4,"De kiabálhatok, miért ne kiabálhatnék?"
417,CONTRA,0.8,"The speaker criticizes the government's 'insane' policies and defends the opposition's right to speak out, expressing dissent against the ruling executive's actions.",ParlaMint-HU_2018-02-20,u2018-02-20-161-6,"Az olyan elmebajos politika miatt, amit önök folytatnak, nyugodtan megengedheti egy ellenzéki képviselő, hogy felemelje a hangját."
418,NEUTRAL,0.85,"The sentence is a sarcastic procedural retort during a debate, lacking a direct stance on the expansion of executive power or institutional undermining.",ParlaMint-HU_2018-02-20,u2018-02-20-161-8,Nyújtson be egy házszabály-módosítást…
419,NEUTRAL,0.95,"The sentence focuses on international diplomatic and economic relations with Australia, without addressing domestic executive power or institutional frameworks.",ParlaMint-HU_2018-02-20,u2018-02-20-187-4,"Az Európai Unió és tagállamai fontosnak tartják az Ausztráliával fennálló kapcsolatok további elmélyítését és fejlesztését, ahogy hallottuk, a politikai, gazdasági és kulturális élet valamennyi területén."
420,NEUTRAL,1.0,"The sentence focuses on international cooperation and economic ties with Australia, without addressing domestic power structures or executive authority.",ParlaMint-HU_2018-02-20,u2018-02-20-187-5,"Magyarország és a visegrádi országok számára is, úgy vélem, kiemelkedő jelentőségű az Ausztráliával való együttműködés."
421,NEUTRAL,1.0,"The sentence factually reports on a diplomatic meeting regarding international trade, showing no stance on executive power expansion or democratic institutional changes.",ParlaMint-HU_2018-02-20,u2018-02-20-187-6,"Egyébként ezt támasztja alá, hogy nemrégiben sor került a V4-ek és Ausztrália külgazdasági minisztereinek találkozójára."
422,NEUTRAL,1.0,"The sentence describes international relations and economic focus, making no reference to executive power expansion or the status of democratic institutions.",ParlaMint-HU_2018-02-20,u2018-02-20-187-7,"Tehát azt látjuk, hogy Ausztrália figyelme egyre inkább Közép-Európára irányul."
423,NEUTRAL,1.0,"The sentence discusses international trade negotiations and regional cooperation with Australia, which is unrelated to executive power expansion or democratic institutions.",ParlaMint-HU_2018-02-20,u2018-02-20-187-8,"A visegrádi csoport tehát támogatja az Ausztrália és az Európai Unió közötti szabadkereskedelmi megállapodásról szóló tárgyalások mielőbbi megkezdését, és remélhetőleg már február végén döntés születik erre vonatkozóan, és tavasszal megindulhatnak a tárgyalások. Úgy hiszem, a visegrádi országok számára különösen fontos lesz az autóipar és a mezőgazdaság kérdésköre."
424,NEUTRAL,1.0,The sentence is a factual observation about Australia's economic growth and doesn't address domestic executive power or democratic institutions.,ParlaMint-HU_2018-02-20,u2018-02-20-187-10,"Tudjuk, hogy Ausztrália komoly gazdasági szereplő, amely az elmúlt 25 évben folyamatos növekedést mutatott."
425,NEUTRAL,1.0,"The sentence factually describes global economic shifts toward digitalization without mentioning executive power, democratic institutions, or any related political expansion.",ParlaMint-HU_2018-02-20,u2018-02-20-187-11,"Az Európai Unió és a világ gazdaságai nagy változás előtt állnak, mert a termelésről a digitalizáció felé tolódik a hangsúly."
426,NEUTRAL,1.0,"The sentence neutrally describes diplomatic and economic cooperation between Australia and Europe, without addressing executive power or domestic democratic institutions.",ParlaMint-HU_2018-02-20,u2018-02-20-187-12,"Az ausztrál miniszter a kereskedelem és a befektetések bővítését, továbbá a gazdasági kapcsolatok erősítését szorgalmazta Európával, és ezen belül különös tekintettel a visegrádi országokra."
427,NEUTRAL,1.0,"The sentence discusses international cooperation in innovation and research, which has no relevance to the expansion of executive power or democratic institutions.",ParlaMint-HU_2018-02-20,u2018-02-20-187-13,Az együttműködésnek kiemelkedő területe lehet még az innováció és a kutatás-fejlesztés.
428,NEUTRAL,0.9,The sentence discusses international cooperation on immigration policy without referencing the expansion of executive power or the undermining of democratic institutions.,ParlaMint-HU_2018-02-20,u2018-02-20-187-14,"S azt is fontos hangsúlyozni, hogy Ausztrália jelentős tapasztalatokkal rendelkezik a bevándorláspolitika területén, amire szintén tekintettel lehetünk."
429,NEUTRAL,1.0,"The sentence focuses on supporting an international agreement and trade relations, showing no relevance to domestic executive power expansion or democratic institutional changes.",ParlaMint-HU_2018-02-20,u2018-02-20-187-15,"Mindezeket figyelembe véve üdvözöljük az Európai Unió és Ausztrália között megkötött keretmegállapodást, és a Fidesz képviselőcsoportja nevében kérem képviselőtársaimat, hogy támogassák azt."
430,NEUTRAL,0.95,The sentence provides a factual description of a bilateral transport agreement and lacks any stance on executive power or democratic institutions.,ParlaMint-HU_2018-02-20,u2018-02-20-199-3,"Ahogy már elhangzott, az előttünk fekvő T/19764. számú törvényjavaslat a Magyarország Kormánya és az Azerbajdzsáni Köztársaság Kormánya között a nemzetközi közúti személyszállításról és árufuvarozásról szóló megállapodás kihirdetését célozza."
431,NEUTRAL,1.0,The sentence is a factual statement regarding international transport logistics and does not address the distribution of power or democratic institutions.,ParlaMint-HU_2018-02-20,u2018-02-20-199-4,A kétoldalú kormányközi közlekedési egyezmények fontos szerepet játszanak a nemzetközi közúti fuvarozásban.
432,NEUTRAL,1.0,The sentence factually describes the scope of a bilateral transport agreement without addressing executive power or democratic institutions.,ParlaMint-HU_2018-02-20,u2018-02-20-199-5,"A megállapodások a viszonosság és kölcsönös érdekek alapján szabályozzák a két ország közötti, valamint a területünkön tranzitforgalomban áthaladó közúti személyszállítást és árufuvarozást."
433,NEUTRAL,1.0,The sentence factualy addresses the necessity of a legal framework for international transport without discussing executive power or democratic institutional changes.,ParlaMint-HU_2018-02-20,u2018-02-20-199-6,"Magyarország és Azerbajdzsán között a közúti személyszállítást és árufuvarozást eddig nem szabályozta kétoldalú megállapodás, ezért rendkívül fontos, tisztelt képviselőtársaim, hogy megteremtsük a fuvarozás jogi keretét a két ország viszonylatában."
434,NEUTRAL,0.95,"The sentence factually describes bilateral economic growth and market expansion, lacking any relevance to the expansion of executive powers or democratic institutional health.",ParlaMint-HU_2018-02-20,u2018-02-20-199-8,"A magyar-azeri gazdasági együttműködés egyre intenzívebbé válik, az azeri piacon egyre több magyar vállalat és termék jelenik meg."
435,NEUTRAL,1.0,"The sentence provides a factual statement about pharmaceutical exports to justify an economic agreement, without addressing executive power or democratic institutional changes.",ParlaMint-HU_2018-02-20,u2018-02-20-199-9,"Jelenleg mintegy 130, magyar vállalat által gyártott gyógyszer van forgalomban Azerbajdzsánban."
436,NEUTRAL,1.0,"The sentence describes Azerbaijan's goals for EU cooperation in transport and energy, lacking any reference to domestic executive power or democratic institutional changes.",ParlaMint-HU_2018-02-20,u2018-02-20-199-10,"Az azeri fél arra törekszik, hogy erősítse együttműködését az Európai Unióval is nemcsak az energia, hanem például a szállítmányozás területén is, mivel Azerbajdzsán elhelyezkedése nagyon kedvező ebből a szempontból."
437,NEUTRAL,0.95,The sentence factually describes international diplomatic negotiations without referencing domestic executive power expansion or the undermining of democratic institutions.,ParlaMint-HU_2018-02-20,u2018-02-20-199-11,"Ezt a törekvést jelzi, hogy intenzív tárgyalások folynak stratégiai partnerség létrehozásáról az Európai Unió és az Azerbajdzsáni Köztársaság között."
438,NEUTRAL,1.0,"The sentence focuses on international economic cooperation and EU regional relations, which does not relate to domestic executive power or democratic institutional shifts.",ParlaMint-HU_2018-02-20,u2018-02-20-199-12,"Tehát, képviselőtársaim, az EU számára kiemelt fontosságú a jó kapcsolati viszony kiépítése a szomszédjaival, a regionális együttműködés fejlesztése pozitívan hathat Európa gazdasági fejlődésére."
439,NEUTRAL,1.0,"The sentence promotes a technical international transport agreement, which does not relate to the expansion of executive powers or democratic backsliding.",ParlaMint-HU_2018-02-20,u2018-02-20-199-13,"A fentiek ismeretében úgy vélem, hogy az előttünk lévő törvényjavaslat az egész Ház támogatását bírhatja, ezért kérem önöket, támogassák."
440,NEUTRAL,1.0,The sentence is a purely factual statement describing the technical objective of a legislative bill regarding an international extradition treaty without political bias.,ParlaMint-HU_2018-02-20,u2018-02-20-203-3,A törvényjavaslat célja Magyarország és a Koszovói Köztársaság között létrejött kiadatási egyezmény kihirdetése.
441,NEUTRAL,1.0,The sentence is a factual description of an extradition treaty's purpose and does not address executive power or democratic institutions.,ParlaMint-HU_2018-02-20,u2018-02-20-203-4,Az egyezmény célja Magyarország és a Koszovói Köztársaság között a kiadatás eljárásjogi kereteinek megteremtése.
442,NEUTRAL,1.0,The sentence provides a technical description of an extradition treaty's contents without advocating for or criticizing the expansion of executive power.,ParlaMint-HU_2018-02-20,u2018-02-20-203-5,"Az egyezmény meghatározza a kiadatási bűncselekmények körét, a kiadatás megtagadásának kötelező és mérlegelhető okait, rögzíti a kiadatási kérelmek megküldésére és fogadására kijelölt központi hatóságokat, a kiadatási kérelem tartalmi elemeit és kötelező mellékleteit, valamint rendezi a harmadik állam részéről történő továbbadás, illetve a kiadatási kérelmek ütközésének eseteit."
443,NEUTRAL,1.0,The sentence factually lists procedural elements of an extradition treaty without addressing executive power expansion or democratic institutional changes.,ParlaMint-HU_2018-02-20,u2018-02-20-203-6,"Az egyezmény rendelkezik a specialitás elvének érvényesüléséről, az ideiglenes letartóztatásról, a személy átadásáról, illetve annak elhalasztásáról, az ideiglenes kiadatás intézményéről, valamint az átmenő szállításról."
444,NEUTRAL,1.0,"The sentence neutrally describes technical components of an extradition treaty, lacking any reference to the expansion of executive power or democratic institutional erosion.",ParlaMint-HU_2018-02-20,u2018-02-20-203-7,"Az egyezmény tartalmazza továbbá a tárgyak elkobzásáról és átadásáról, a költségviselésről, az adatvédelemről, a más nemzetközi szerződésekhez való viszonyról és vitarendezésről szóló rendelkezéseket."
445,NEUTRAL,0.95,"The sentence outlines procedural legal requirements for treaty enactment via parliament, focusing on fundamental rights without advocating for or against executive power expansion.",ParlaMint-HU_2018-02-20,u2018-02-20-203-8,"Az egyezmény kihirdetését törvényben szükséges megtenni, mivel az állampolgárok alapvető jogait és kötelezettségeit is érintő kérdésekben kell állást foglalni."
446,NEUTRAL,1.0,The sentence describes technical legal procedures for extradition without addressing executive power expansion or democratic institutions.,ParlaMint-HU_2018-02-20,u2018-02-20-203-9,Az egyezményben nem szabályozott kérdésekben a nemzetközi bűnügyi jogsegélyről szóló törvény rendelkezései az irányadók.
447,NEUTRAL,0.95,The sentence describes standard legal procedures for international treaty ratification and does not advocate for or against the expansion of executive authority.,ParlaMint-HU_2018-02-20,u2018-02-20-203-10,"Az egyezmény csak akkor léphet hatályba, ha a részes államok saját nemzeti joguknak megfelelően kihirdetik az egyezmény rendelkezéseit."
448,NEUTRAL,0.95,The sentence is a standard procedural request for legislative approval regarding a technical extradition treaty and does not involve any expansion of executive powers.,ParlaMint-HU_2018-02-20,u2018-02-20-203-12,"Kérem a tisztelt képviselőket, hogy fogadják el a törvényjavaslatot."
449,NEUTRAL,1.0,The sentence is a standard formal closing to a speech and contains no political content or stance regarding executive power.,ParlaMint-HU_2018-02-20,u2018-02-20-203-13,Köszönöm megtisztelő figyelmüket.
450,NEUTRAL,0.95,"The sentence discusses a bilateral extradition treaty as a step for international cooperation, lacking any reference to expanding or restricting executive power.",ParlaMint-HU_2018-02-20,u2018-02-20-205-4,"A Magyarország és a Koszovói Köztársaság között létrejött kiadatási egyezmény kihirdetéséről szóló T/19763. számú törvényjavaslat beterjesztése, úgy hiszem, egy nagyon fontos lépés a két ország kapcsolata között."
451,NEUTRAL,1.0,"The sentence describes the technical utility of an extradition treaty regarding international crime cooperation, without discussing the expansion or restriction of executive power.",ParlaMint-HU_2018-02-20,u2018-02-20-205-5,"Az egyezmény elősegíti a nemzetközi bűnözés elleni hatékonyabb közös fellépést, mivel lehetővé teszi, hogy az egyik országban körözött bűnözőket a másik ország kiadja, illetve megakadályozza, hogy az egyik országból szökött bűnözők menedéket találjanak a másik országban."
452,NEUTRAL,1.0,The sentence provides a factual description of the treaty's procedural rules without advocating for or criticizing the expansion of executive power.,ParlaMint-HU_2018-02-20,u2018-02-20-205-6,"Az egyezmény egyúttal azt is szabályozza, hogy milyen esetekben lehet megtagadni a kiadatást.Tisztelt Képviselőtársaim!"
453,NEUTRAL,0.95,The sentence factually describes the scope of an extradition treaty without advocating for expanded executive power or undermining democratic institutions.,ParlaMint-HU_2018-02-20,u2018-02-20-205-7,"Az általunk tárgyalt javaslat nemcsak a személyek kiadatására, hanem a bizonyítékul szolgáló, valamint a bűncselekményt elkövető személynél talált tárgyak átadására is kiterjed."
454,NEUTRAL,0.95,The sentence neutrally describes technical procedural aspects of a bilateral extradition treaty without addressing the expansion or restriction of executive power.,ParlaMint-HU_2018-02-20,u2018-02-20-205-8,"Az előttünk fekvő egyezmény szabályozza az eljárási kérdések között az egyidejű kérelmeket, ugyanakkor rendelkezik a kegyelemben részesített személyek kapcsán követendő eljárás és az elévülés mellett a személyes adatok védelméről is."
455,NEUTRAL,0.95,"The sentence focuses on bilateral diplomatic cooperation and extradition procedures, which do not involve expanding executive power or undermining democratic institutions.",ParlaMint-HU_2018-02-20,u2018-02-20-205-10,"Ez az egyezmény hozzájárul ahhoz, hogy a két ország továbbfejlessze és megerősítse a kétoldalú kapcsolatrendszert."
456,NEUTRAL,0.95,"The sentence focuses on diplomatic relations and a bilateral extradition treaty, showing no stance on expanding executive power or undermining democratic institutions.",ParlaMint-HU_2018-02-20,u2018-02-20-205-11,"Mint láthattuk, Magyarország Koszovóval ápolt kapcsolatai egyre erősödtek az elmúlt időszakban, tehát értelemszerű, hogy a büntetőjogi területen is előre kell lépni. Éppen ezért úgy gondoljuk, hogy egy stratégiai cél érdekében tett, apró lépésről van szó, amikor ezt a törvényjavaslatot elfogadjuk."
457,NEUTRAL,1.0,The sentence is a purely factual statement describing the administrative purpose of a bill concerning an international treaty on prisoner transfers.,ParlaMint-HU_2018-02-20,u2018-02-20-207-4,"A törvényjavaslat célja a Magyarország és a Koszovói Köztársaság között létrejött, az elítélt személyek átszállításáról szóló egyezmény kihirdetése."
458,NEUTRAL,1.0,The sentence describes the technical purpose of a bilateral prisoner transfer agreement and does not address the expansion of executive power.,ParlaMint-HU_2018-02-20,u2018-02-20-207-5,"Az egyezmény célja Magyarország és a Koszovói Köztársaság között az elítélt személyek átszállítására vonatkozó szabályok megállapítása annak érdekében, hogy az elítéltek társadalomba történő visszailleszkedésének elősegítése céljából saját államukban tölthessék le végrehajtandó büntetésüket."
459,NEUTRAL,1.0,"The sentence factually describes procedural details of a bilateral prisoner transfer agreement, lacking any rhetoric concerning executive power or democratic institutions.",ParlaMint-HU_2018-02-20,u2018-02-20-207-6,"Az egyezmény meghatározza az elítélt személyek átszállításának feltételeit, az eljárás lefolytatása érdekében megküldendő iratokat, rögzíti az átszállítási kérelmek megküldésére és fogadására kijelölt központi hatóságokat, az átadás szabályait, az átvett büntetés végrehajtásának szabályait, rendezi a tájékoztatási kötelezettségekre vonatkozó szabályokat a felek között, valamint az elítélt személy irányába."
460,NEUTRAL,1.0,The sentence factually describes technical aspects of an international agreement without addressing executive power or institutional shifts.,ParlaMint-HU_2018-02-20,u2018-02-20-207-7,"Az egyezmény rendelkezik az átmenő szállításáról, a nyelvhasználatról, a költségek viseléséről, a más nemzetközi szerződésekhez való viszonyról és a vitarendezésről."
461,NEUTRAL,0.95,"The sentence describes standard legal procedure and legislative oversight for fundamental rights, remaining neutral regarding the expansion of executive power or institutional undermining.",ParlaMint-HU_2018-02-20,u2018-02-20-207-8,"Az egyezmény kihirdetését törvényben szükséges megtenni, mivel az állampolgárok alapvető jogait és kötelezettségeit is érintő kérdésekben kell állást foglalni."
462,NEUTRAL,1.0,The sentence is a technical legal reference regarding procedural gaps in a prisoner transfer treaty and lacks any stance on executive power distribution.,ParlaMint-HU_2018-02-20,u2018-02-20-207-9,Az egyezményben nem szabályozott kérdésekben a nemzetközi bűnügyi jogsegélyről szóló törvény rendelkezései az irányadók.
463,NEUTRAL,1.0,"The sentence describes standard legal procedures for treaty implementation and does not address executive power or democratic institutions, making it politically neutral.",ParlaMint-HU_2018-02-20,u2018-02-20-207-10,"Az egyezmény csak akkor léphet hatályba, ha a részes államok saját nemzeti joguknak megfelelően kihirdetik az egyezmény rendelkezéseit."
464,NEUTRAL,1.0,"The sentence is a standard procedural request for a vote on a technical international agreement, showing no stance on executive power expansion.",ParlaMint-HU_2018-02-20,u2018-02-20-207-12,"Kérem a tisztelt képviselőket, hogy fogadják el a törvényjavaslatot."
465,NEUTRAL,1.0,The sentence is a standard polite closing remark in a parliamentary speech and contains no political stance regarding executive power.,ParlaMint-HU_2018-02-20,u2018-02-20-207-13,Köszönöm megtisztelő figyelmüket.
466,NEUTRAL,0.95,"The sentence is a purely procedural statement regarding the order of speakers, showing no stance on the expansion of executive power.",ParlaMint-HU_2018-02-21,u2018-02-21-1-2,Elsőként a kormány képviselőjének nyilatkozatára kerül sor 40 perces időtartamban.
467,NEUTRAL,1.0,"The sentence is purely procedural, describing the order and timing of speakers in a parliamentary debate without expressing any political stance.",ParlaMint-HU_2018-02-21,u2018-02-21-1-3,"Ezt követően az egyes képviselőcsoportok vezérszónokainak felszólalása következik 15-15 percben, majd az elsőként jelentkezett független képviselő szólhat."
468,NEUTRAL,1.0,The sentence merely outlines procedural timing for MP speeches without addressing executive power or institutional changes.,ParlaMint-HU_2018-02-21,u2018-02-21-1-4,Ezután a további képviselői felszólalásokra van lehetőség a hátralévő időkeretben.
469,NEUTRAL,1.0,"The sentence and speech are purely procedural, outlining time limits and the order of speakers for a parliamentary debate without expressing a political stance.",ParlaMint-HU_2018-02-21,u2018-02-21-1-5,Végül a kormány képviselője 20 percben válaszol a vitában elhangzottakra.
470,NEUTRAL,0.95,"The sentence describes the nature of the statistical debate between the MP and the State Secretary, remaining neutral on executive aggrandisement.",ParlaMint-HU_2018-02-21,u2018-02-21-43-2,"Ezt a számháborút, amit most itt az előbb folytattunk, már nagyon sokszor lecsatáztuk egymás között."
471,NEUTRAL,0.9,This sentence acts as a polite rhetorical preamble and does not explicitly support or criticize the executive's expansion of power or institutional control.,ParlaMint-HU_2018-02-21,u2018-02-21-43-3,"De én azt gondolom, ön is olyan ember, aki a hazájáért szeretne tenni, és biztos vagyok benne, hogy tudja, hogy miről beszélünk."
472,NEUTRAL,0.95,The sentence is a functional transition to discuss statistics and lacks an explicit stance on executive power or democratic institutions within the speech.,ParlaMint-HU_2018-02-21,u2018-02-21-43-4,De akkor most egy pillanat erejéig egy kicsit hadd térjek még vissza a számokhoz!
473,CONTRA,0.85,"The sentence identifies the financial starving of local governments, supporting the MP's overall argument against the central government's efforts to undermine local autonomy.",ParlaMint-HU_2018-02-21,u2018-02-21-43-5,"Igen, 33 ezer köztisztviselő van összesen, ebből 28 ezren dolgoznak az önkormányzatoknál, és ebből 18 ezer semmilyen béremelésben nem részesült az elmúlt 10 évben."
474,CONTRA,0.85,"The MP criticizes the executive's refusal to fund staff at independent institutions, framing it as part of a strategy to undermine and hollow out democracy.",ParlaMint-HU_2018-02-21,u2018-02-21-43-6,"Hozzáteszem, hogy azok sem, akiknek a bérét egyébként szintén szerettük volna megemelni tavaly karácsonykor, például a Köztársasági Elnök Hivatalában dolgozókét, például az ombudsmannál dolgozókét."
475,NEUTRAL,0.9,"The sentence focuses on public sector wages and the statutory salary base, lacking a clear stance on the expansion or restriction of executive power.",ParlaMint-HU_2018-02-21,u2018-02-21-43-7,"Ők is köztisztviselők, ők is megérdemelnék, hogy ne a 38 650-es illetményalaphoz mérjék az ő bérüket. És még egy dolog."
476,NEUTRAL,0.85,"The sentence focuses on administrative salary classifications and government policy implementation, rather than expressing a clear stance for or against executive aggrandisement.",ParlaMint-HU_2018-02-21,u2018-02-21-43-8,"Ha ön szerint ilyen egyszerű ez a probléma, ahogy itt az előbbiekben elmondta a számunkra, akkor azt mondja meg nekem, hogy a megyei kormányhivatalban dolgozó kormánytisztviselők, akik most már állami tisztviselőknek számítanak, vajon miért a kormánytisztviselői bérüket kapják meg még mindig?"
477,CONTRA,0.85,The MP criticizes low wages to highlight how the government intentionally weakens and hollows out local administrative institutions to centralize executive power.,ParlaMint-HU_2018-02-21,u2018-02-21-43-9,"Tehát nem lett rendezve, az ő bérük nem lett felemelve, továbbra is a 38 650-es alap alapján kapják a fizetésüket."
478,CONTRA,0.85,"The MP criticizes the government's stinginess toward civil servants, which the speech identifies as a strategy to weaken local governments and centralize executive power.",ParlaMint-HU_2018-02-21,u2018-02-21-43-10,"Ha a magyar gazdaság ilyen jól teljesít, mint ahogy önök az előbb itt elmondták, minden olyan szép, minden olyan jó, virágzik és épül Magyarország, akkor miért pont ezekkel az emberekkel ilyen szűkkeblű a Fidesz-kormányzat?"
479,CONTRA,0.85,"The sentence critiques executive neglect of local officials, which the speaker argues is a strategy to hollow out local governments and undermine democratic institutions.",ParlaMint-HU_2018-02-21,u2018-02-21-43-11,Miért nem próbál nekik segíteni?
480,CONTRA,0.95,"The MP criticizes the government for hollowing out local municipalities and potentially abolishing local elections, opposing executive centralization and the undermining of democratic institutions.",ParlaMint-HU_2018-02-21,u2018-02-21-43-12,"A tételmondatom az, hogy önök ezeket a hivatalokat, ezeket a még úgy-ahogy működő kistelepülési önkormányzati hivatalokat igenis direkt ki akarják üresíteni, mert önök szerint ezekre a kistelepülésekre, a 2000 fő alatti településekre gyakorlatilag nincs szükség. És igenis tudjuk, hogy van olyan terv, elképzelés, hiába cáfolja az államtitkár úr, ami egyértelműen  arról szól, hogy ne is legyenek itt választások."
481,NEUTRAL,1.0,The sentence is a standard polite closing formula and contains no political stance or information regarding executive aggrandisement.,ParlaMint-HU_2018-02-21,u2018-02-21-43-13,"Köszönöm szépen, hogy meghallgattak."
482,NEUTRAL,1.0,The sentence is a rhetorical introduction addressing a colleague's absence and does not discuss executive power or democratic institutions.,ParlaMint-HU_2018-02-21,u2018-02-21-61-3,"Czomba képviselőtársam gondolatai indítottak hozzászólásra; ha még itt lenne, mondanám neki, de nincs itt már."
483,NEUTRAL,0.8,"The MP criticizes the government's manipulation of unemployment statistics, but the focus remains on economic policy rather than the institutional expansion of executive power.",ParlaMint-HU_2018-02-21,u2018-02-21-61-4,"Akkor lett volna szép az ő hozzászólása, ha hozzáteszi ehhez a kiváló statisztikához az elvándoroltakat, akik külföldön, Párizsban, Londonban meg Bécsben találták meg a magunk munkahelyét, és nem itthon, hozzátette volna a közmunkásokat, amelyet szintén állami költségvetésből finanszíroznak, illetőleg hozzátette volna azt, hogy a statisztikából nagyon sok munkanélkülit egyszer csak kivezetnek, magyarul ezek az emberek nem eltűnnek meg nem dolgoznak, hanem egyszerűen kivezetik különböző trükkökkel a statisztikából."
484,NEUTRAL,0.95,The sentence critiques economic statistics and sectoral job growth without addressing the expansion of executive power or the weakening of democratic institutions.,ParlaMint-HU_2018-02-21,u2018-02-21-61-5,"A másik: az is egy komoly probléma, hogy a versenyszférában, amiről hivatkozott, hogy mennyi új álláshely született, azok a multinacionális cégek körében születtek, tehát sajnos nem a kis- és középvállalkozói szektor, nem a magyar nemzeti vállalati szektor volt az, amelyik dinamikát mutatott ebben, hanem azok az aljas multinacionális cégek, amelyek ráadásul exportálnak is az Európai Unión belülre."
485,NEUTRAL,0.9,The sentence criticizes the government's economic policy performance rather than addressing issues of executive power expansion or the erosion of democratic institutions.,ParlaMint-HU_2018-02-21,u2018-02-21-61-6,"Tehát nemcsak a keleti nyitás, de a déli nyitás se volt sikeres, hiszen ezekben a relációkban csökkent a kereskedelmi forgalom, a sokat szidott Európai Unió irányába pedig nőtt, és ezek a multinacionális cégek voltak ennek a motorjai."
486,NEUTRAL,0.9,The sentence critiques the executive's misleading rhetoric on economic statistics but lacks a direct focus on institutional power expansion or democratic decline.,ParlaMint-HU_2018-02-21,u2018-02-21-61-7,"Ilyen értelemben, azt gondolom, hogy itt is szétválik a beszéd, a duma meg a valóság."
487,NEUTRAL,1.0,"The sentence is a purely transitional rhetorical device introducing a personal comment, lacking any stance on executive power or democratic institutions.",ParlaMint-HU_2018-02-21,u2018-02-21-61-8,A harmadik egy személyesebb megjegyzés lett volna.
488,NEUTRAL,0.9,"The sentence focuses on a former official's competence and dismissal, avoiding any direct discussion of executive power expansion or institutional undermining.",ParlaMint-HU_2018-02-21,u2018-02-21-61-9,"Ha Czomba államtitkár úr ilyen jól csinálta volna, mint ahogy ő mondta, akkor valószínűleg még mindig államtitkár lenne, de úgy tudom, kirúgták."
489,NEUTRAL,1.0,"The sentence addresses parliamentary decorum and the style of an opponent's speech, without discussing executive power or democratic institutions.",ParlaMint-HU_2018-02-21,u2018-02-21-63-4,Tisztelt Képviselőtársaim! Én először hadd utasítsam vissza Mesterházy Attila előző felszólalásának a stílusát.
490,NEUTRAL,0.9,The sentence criticizes an opposition MP's conduct and past policy record without addressing executive power or democratic institutional changes.,ParlaMint-HU_2018-02-21,u2018-02-21-63-5,"Egy olyan szocialista képviselő beszélt ilyen stílusban az egészségügyről, de Ónodi-Szűcs Zoltán államtitkár úrhoz címezve, szinte kiabálva, magából kifordulva az állításait, aki részese volt azoknak a döntéseknek a meghozatalában, amely nagyon súlyosan érintette a magyar állampolgárokat és a magyar egészségügyet."
491,NEUTRAL,0.9,"The sentence criticizes the opposition's past healthcare policies and market-oriented approach, which is a policy debate unrelated to executive power expansion or democratic institutions.",ParlaMint-HU_2018-02-21,u2018-02-21-63-6,"Fizetőssé akarták tenni a magyar egészségügyet, vizitdíjat akartak bevezetni, mindenben üzletet láttak."
492,NEUTRAL,0.9,"The sentence focuses on criticizing past privatization attempts and requesting parliamentary decorum, neither advocating for nor opposing the expansion of executive power.",ParlaMint-HU_2018-02-21,u2018-02-21-63-7,"Emlékezzenek vissza, hogy például a magyar tulajdonban lévő, családi tulajdonban lévő patikákból is üzletet akartak csinálni, el akarták venni, ki akarták játszani külföldi üzleti köröknek ezeket a patikákat. Ónodi-Szűcs Zoltán államtitkár úr, aki egyébként orvos, kórházigazgató, több tisztelettel kéretik vele beszélni, nemcsak azért, mert államtitkárként ül közöttünk, hanem azért, mert az elemi szabályok ezt követelik tőlünk."
493,NEUTRAL,0.95,The sentence evaluates a fellow MP's debating style and professionalism rather than addressing the expansion of executive power or democratic institutional changes.,ParlaMint-HU_2018-02-21,u2018-02-21-63-8,"Eddig egyébként volt ellenpélda, például Lukács képviselőtársam, a Jobbik képviselője teljesen korrektül és szakmapolitikailag szólt hozzá például az egészségügy témájához köszönet érte , erről lehet vitatkozni."
494,NEUTRAL,0.95,The sentence focuses on a policy debate regarding healthcare data and partisan criticism rather than the expansion of executive power or institutional erosion.,ParlaMint-HU_2018-02-21,u2018-02-21-63-9,"Bizonyára elkerülték, illetve nem veszik tudomásul szocialista képviselőtársaim, akik csak bizniszt látnak az egészségügyben is azokat az adatokat, amiket tényként sorolt föl államtitkár úr."
495,NEUTRAL,0.95,The sentence factually describes government health spending and statistics without addressing the expansion of executive power or the undermining of democratic institutions.,ParlaMint-HU_2018-02-21,u2018-02-21-63-10,"Nem dicsekvésként mondta, hanem tényként sorolta föl, hogy a várólistákkal mi a helyzet, mennyi pénzt fordítottunk kórházi ellátásra, mentőszolgálatra és így tovább."
496,NEUTRAL,1.0,The sentence is a standard parliamentary formality thanking the Speaker for the floor and contains no content regarding executive power or democratic institutions.,ParlaMint-HU_2018-02-21,u2018-02-21-89-3,Nagyon szépen köszönöm a szót.
497,NEUTRAL,1.0,The sentence is a personal remark to an opponent regarding communication style and contains no reference to executive power or democratic institutional changes.,ParlaMint-HU_2018-02-21,u2018-02-21-89-4,"Csak egy rövid, zárójelbe tett megjegyzést Mesterházy Attilának hadd mondjak: a stílusról volt szó, amikor őróla beszéltem zárójel vissza."
498,NEUTRAL,1.0,"The sentence is a neutral, structural introduction outlining the thematic organization of the party's arguments without addressing executive power or institutional control.",ParlaMint-HU_2018-02-21,u2018-02-21-89-5,"Szóval, a mai vitanap hozzászólásai és témái a Fidesz-KDNP részéről három pillérre építhetőek, három pillérhez köthetőek."
499,NEUTRAL,0.9,The sentence merely categorizes the MP's speech topics into three pillars without addressing or advocating for the expansion of executive power.,ParlaMint-HU_2018-02-21,u2018-02-21-89-6,"Az egyik a gazdaság helyzete, a gazdaság erősödése, növekedése, a másik a családpolitikai intézkedések, a harmadik pillér pedig az ország védelme, az ország kultúrájának, identitásának a védelme."
