,label,confidence,reason,Text_ID,ID,sentence
0,NEUTRAL,1.0,"The sentence factually states that an apology was made regarding a specific controversy, having no relation to executive power or institutional expansion.",ParlaMint-HU_2020-02-25,u2020-02-25-219-9,Aznap este azonnal bocsánatot kért.
1,NEUTRAL,0.95,"The sentence focuses on clarifying whether an apology was made for a previous statement, having no direct relevance to executive aggrandisement.",ParlaMint-HU_2020-02-25,u2020-02-25-219-10,"Tehát azt szeretném világossá tenni, mert elhangzott, nem öntől, hogy még bocsánatot sem kért."
2,NEUTRAL,0.95,"The sentence clarifies a past controversy regarding an MP's phrasing and apology, without directly addressing the expansion of executive power or institutional undermining.",ParlaMint-HU_2020-02-25,u2020-02-25-219-11,"Kért, megkövette ezért a téves fogalmazásért, és egyébként annyira az állampolgárságra vonatkozott, hogy Németh Zsoltban, aki válaszolt, semmi felháborodás nem volt ezen a téren, hanem utóbb tanulmányozva a szöveget, aznap este derült ki, hogy hoppá, kérem, hát itt a végén nem úgy fogalmazott, amilyen az egész felszólalása volt. Úgyhogy ezt a teljes igazság kedvéért hadd tegyem hozzá."
3,NEUTRAL,1.0,The sentence is a procedural opening addressing the chair and lacks any substantive content regarding executive power or institutional change.,ParlaMint-HU_2020-02-25,u2020-02-25-221-1,"Csak nagyon röviden, elnök úr."
4,NEUTRAL,0.9,The sentence factually reports opposition feedback on parliamentary conflict-of-interest rules without advocating for or against the expansion of executive power.,ParlaMint-HU_2020-02-25,u2020-02-25-221-2,A vitában alapvetően itt még a képviselői összeférhetetlenségi szabályokra a Jobbik részéről akár pozitív visszajelzés is érkezett.
5,NEUTRAL,1.0,The sentence is a rhetorical clarification regarding a specific quote and does not address executive power or democratic institutional frameworks.,ParlaMint-HU_2020-02-25,u2020-02-25-221-3,"Egyébként nem mondtam, hogy nem kért bocsánatot, ezt csak zárójelben, én nem mondtam, én a főpolgármester úr szavaira hivatkoztam."
6,NEUTRAL,0.9,The sentence factually notes political support for conflict of interest rule changes without addressing the expansion of executive power.,ParlaMint-HU_2020-02-25,u2020-02-25-221-4,Tehát ott érzünk valamiféle támogatást.
7,NEUTRAL,0.95,"The sentence is a factual observation about debate topics raised by others regarding mayoral conflict-of-interest, without advocating for or against executive power expansion.",ParlaMint-HU_2020-02-25,u2020-02-25-221-5,Többen felvetették a győri polgármester ügyét és a polgármesteri összeférhetetlenség kérdését.
8,NEUTRAL,0.9,"The sentence discusses professional exceptions for life-saving activities within conflict-of-interest rules, lacking any clear stance on expanding or limiting executive power.",ParlaMint-HU_2020-02-25,u2020-02-25-221-6,"Itt nekünk erre az a válaszunk, hogy nem akarunk senkit sem eltiltani az életmentéstől."
9,NEUTRAL,0.9,"The sentence refers to conflict-of-interest exemptions for life-saving activities, which is a specific administrative matter rather than a broader shift in executive power.",ParlaMint-HU_2020-02-25,u2020-02-25-221-7,Szerintünk ez nem okozhat problémát.
10,NEUTRAL,0.9,"The sentence discusses technical details regarding conflict of interest rules for local officials, showing no clear stance on expanding or restricting executive power.",ParlaMint-HU_2020-02-25,u2020-02-25-221-8,"Ezért nem az alapellátás került bele, hogy semmiféle konfliktus vagy összeférhetetlenség a helyi önkormányzati feladatokkal ne kerüljön egyébként bele."
11,NEUTRAL,0.9,"The sentence discusses technical conflict-of-interest exemptions for medical professionals, which constitutes a specific administrative adjustment rather than a clear expansion of executive power.",ParlaMint-HU_2020-02-25,u2020-02-25-221-9,"Mi azt gondoljuk, hogy ez egy helyes változtatás, ha az életmentés ilyen módon, a kivételek közé, ahol a tudományos, művészeti, lektori és egyéb tevékenységek is szerepelnek, oda a kivételek közé kerül. Én azt kérném, hogy az összeférhetetlenségi szabályok módosítását, illetve a kivételek bővítését önök is támogassák, mint ahogy ezt köszönöm szépen a Fidesz- és a KDNP-frakció részéről is, hogy megkapjuk a támogatást."
12,NEUTRAL,0.9,"The sentence is an introductory quote about teacher salaries and professional standards, containing no reference to executive power or democratic institutional changes.",ParlaMint-HU_2020-03-02,u2020-03-02-29-4,"Engedje meg, hogy egy idézettel kezdjem, a Nemzeti Pedagógus Kar idei tanév elején kiadott évértékelőjében ez szerepel: „Az egész ország érdeke, hogy olyan pedagógusok oktassanak és neveljenek az intézményekben, akik szakmailag felkészültek, feladatukat hivatásuknak érzik, munkájukat sikeresen végzik, továbbá munkájukért olyan bért kapnak, amely lehetővé teszi számukra, hogy értelmiségi életet éljenek.”"
13,NEUTRAL,0.9,The sentence critiques government fiscal policy regarding teacher wages but does not explicitly address executive power expansion or democratic institutional changes.,ParlaMint-HU_2020-03-02,u2020-03-02-29-5,"Nézzük akkor most a valóságot, lássuk, hogy elég lesze ez a frissen beígért 10 százalékos emelés!"
14,NEUTRAL,0.9,The sentence critiques education spending levels relative to historical benchmarks but does not address executive power expansion or the undermining of democratic institutions.,ParlaMint-HU_2020-03-02,u2020-03-02-29-6,"Nagyon messze vagyunk attól a szinttől, amikor a klebelsbergi idők végén a bruttó hazai termék 16 százalékát kapta az akkor új honvédelmi minisztériumnak gondolt kultusztárca sajnos."
15,NEUTRAL,0.9,"The sentence critiques socio-economic policy and inflation, which does not directly address the expansion of executive power or the weakening of democratic institutions.",ParlaMint-HU_2020-03-02,u2020-03-02-29-7,"Az önök által sokszor hivatkozott 2013 utáni béremelés jó része mára elinflálódott, mostanra egy McDonald’sban dolgozó érettségizett munkás kezdő bére is meghaladja egy kezdő tanárét."
16,NEUTRAL,0.9,"The sentence critiques teacher salary disparities and professional prestige, focusing on social policy rather than the expansion of executive power or democratic erosion.",ParlaMint-HU_2020-03-02,u2020-03-02-29-8,"Amikor a szakmunkás-bérminimum gyakorlatilag megegyezik a kezdő pedagógusok fizetésével, az törvényszerűen negatívan hat a pedagóguspálya társadalmi megítélésére."
17,NEUTRAL,0.95,"The sentence presents factual data regarding teacher recruitment to criticize education policy and wages, without addressing the executive's power expansion or institutional changes.",ParlaMint-HU_2020-03-02,u2020-03-02-29-9,"Talán nem véletlen, hogy tavaly a budapesti és elitnek számító Fazekas Gimnázium 120 végzőse közül csak egyetlen választotta továbbtanulási célként ezt a hivatást, és az ELTE Tanárképző Központja szerint mindössze öt fő jelentkezett fizika-kémia szakos tanárnak."
18,NEUTRAL,0.95,The sentence cites teacher attrition statistics to critique government education policy without directly addressing the expansion of executive power or undermining of democratic institutions.,ParlaMint-HU_2020-03-02,u2020-03-02-29-10,"Talán az sem véletlen, hogy a 2013-ban végzett 5800 pályakezdőből öt év alatt 1900-an, tehát 32 százalék hagyta ott a katedrát."
19,NEUTRAL,0.9,The sentence focuses on teacher salaries and social conditions rather than criticizing or supporting the expansion of executive power or democratic institutional changes.,ParlaMint-HU_2020-03-02,u2020-03-02-29-11,"Kérdezem tehát, hogy a hétköznapok hőseiként helytálló, olykor leköpködött, megvert és megalázott, valamint a társadalmi közbeszédben sok egyéb feladat mellett még az integráció sikerességéért is felelőssé tett tanárok esetében mikor kötik végre a bérszámítás alapját képező vetítési alapot a minimálbérhez."
20,NEUTRAL,0.95,"The sentence is a specific request for a timeline regarding teacher pay increases, focusing on policy outcomes rather than executive power or institutional undermining.",ParlaMint-HU_2020-03-02,u2020-03-02-29-12,"Egyetlenegy dátumot szeretnék hallani, államtitkár úr."
21,NEUTRAL,0.95,"The sentence is a neutral historical statement establishing the hospital's local significance, lacking any direct commentary on executive power or democratic institutions.",ParlaMint-HU_2020-03-02,u2020-03-02-37-4,A kórház története szorosan összefonódik Újpest történetével.
22,NEUTRAL,0.95,"The sentence provides historical context about the town's founders and benefactors, without addressing government power or executive overreach mentioned later in the speech.",ParlaMint-HU_2020-03-02,u2020-03-02-37-5,"Az Újpest települést alapító gróf Károlyi István fia, gróf Károlyi Sándor igen sokat tett a településért, az egyházért, az infrastruktúráért, a közegészségügyért."
23,CONTRA,0.85,"The MP criticizes the government's unilateral decision ('stroke of a pen') to close the hospital, highlighting a lack of consultation and executive overreach.",ParlaMint-HU_2020-03-02,u2020-03-02-37-6,"Az Árpád Kórház 1905-ben mint Újpesti Gyermekkórház alapult, azóta folyamatosan egészségügyi intézményként működött. 2014 óta a kórház nem üzemel, tekintettel arra, hogy a kormány egy tollvonással a tevékenységi körét átvitte a Honvédkórházba."
24,CONTRA,0.9,"The MP criticizes the government for ignoring local public opinion and making unilateral executive decisions, which constitutes an expansion of power over local democratic interests.",ParlaMint-HU_2020-03-02,u2020-03-02-37-7,"Ráadásul a kormány Újpest lakossága véleményének figyelmen kívül hagyásával az 1194/2019. számú határozatban úgy döntött, hogy az Árpád Úti Kórház épületének munkásszállóvá történő átalakítását megteszik, és 1,3 milliárd forintot erre szánnak."
25,CONTRA,0.85,"The sentence identifies an opportunistic pause in centralized decision-making, supporting the MP's overall critique of the executive's tendency to bypass local democratic processes.",ParlaMint-HU_2020-03-02,u2020-03-02-37-8,A választásokat megelőzően az újpesti felháborodás okán a végrehajtás felfüggesztésre került.
26,CONTRA,0.85,"The sentence emphasizes local government consent, directly opposing unilateral executive action and central power expansion at the expense of local democratic autonomy.",ParlaMint-HU_2020-03-02,u2020-03-02-37-9,"A 2019. november 28-án az újpesti polgármester úrral, Déri Tiborral közösen tartott egyeztetésen azt az ígéretet kaptuk, hogy a kormány az újpesti önkormányzat tudta és beleegyezése nélkül nem fog belevágni az Árpád Kórház épületét érintő beruházásba."
27,CONTRA,0.85,"The sentence points out the executive's failure to communicate, which the MP uses to criticize the government's unilateral control over local infrastructure projects.",ParlaMint-HU_2020-03-02,u2020-03-02-37-10,"Azóta a polgármester úr kezdeményezésére annyit tudtunk meg, hogy a kórház területén veszélyes kültéri épületrészek és kerítés bontása zajlik."
28,CONTRA,0.85,"The MP challenges a unilateral executive decision made without local consultation, arguing that this top-down approach resulted in significant healthcare service deficiencies.",ParlaMint-HU_2020-03-02,u2020-03-02-37-11,"Kérdezem mindezek alapján államtitkár urat, jó ötletnek tartjae, hogy az Újpesti Kórház bezárása megtörtént, különös tekintettel a Honvédkórház sürgősségi osztályának kapacitási hiányosságaira."
29,NEUTRAL,0.95,"The sentence is a procedural inquiry about construction timelines, lacking explicit evaluative language regarding the executive's expansion of power or democratic institutional decay.",ParlaMint-HU_2020-03-02,u2020-03-02-37-12,Mikor épül meg a Károlyi Kórház területén tervezett fekvőbeteg-ellátásra vonatkozó épület?
30,CONTRA,0.85,"The MP challenges the government's unilateralism by demanding adherence to promised cooperation with local authorities, resisting top-down executive control over community assets.",ParlaMint-HU_2020-03-02,u2020-03-02-37-13,Együttműködés alapján történike továbbra is az Árpád Kórház épületének hasznosítása?
31,CONTRA,0.85,"The MP challenges a unilateral government decree made without local consultation, criticizing the executive's centralized decision-making power over municipal affairs.",ParlaMint-HU_2020-03-02,u2020-03-02-37-14,Mikor helyezik hatályon kívül az említett kormányhatározatot?
32,NEUTRAL,0.9,"The sentence claims the government values citizen opinions, which is a standard political platitude and does not explicitly advocate for or against executive power expansion.",ParlaMint-HU_2020-03-02,u2020-03-02-39-4,A magyar kormány minden magyar polgár véleményére kíváncsi.
33,NEUTRAL,0.85,The sentence describes public consultation as a standard practice and does not explicitly advocate for or criticize the expansion of executive authority.,ParlaMint-HU_2020-03-02,u2020-03-02-39-5,"Nagyon sok esetben közvetlenül is kikérjük a polgárok véleményét, hogy elmondják az őket érdeklő, illetve az őket érintő ügyekkel kapcsolatban, hogy mit gondolnak. Így van ez nyilvánvalóan a főváros esetében is."
34,NEUTRAL,0.95,The sentence provides a factual observation about past parliamentary debates on healthcare without expressing a stance on executive power or institutional control.,ParlaMint-HU_2020-03-02,u2020-03-02-39-6,Az egészségügy és a kórházügy kapcsán sok hosszadalmas vita folyt már a Parlament falai között.
35,NEUTRAL,0.95,"The sentence describes a standard parliamentary debate between an MP and the executive branch, expressing no stance on expanding or limiting executive power.",ParlaMint-HU_2020-03-02,u2020-03-02-39-7,"Ön is folytatott, illetve folytat ilyen vitát, és többször az EMMI államtitkárával is vitatkozott."
36,NEUTRAL,0.9,The sentence focuses on healthcare policy performance and criticizes the previous administration without discussing executive power expansion or institutional changes.,ParlaMint-HU_2020-03-02,u2020-03-02-39-8,"Ezekből a vitákból én azt gondolom, hogy az ön számára is nyilvánvalóvá kellett hogy váljon, hogy az önök kormányzása alatt óriási károkat okoztak az egészségügynek, hiszen 2010-ig önök mintegy 16 ezer aktív ágyat szüntettek meg, elvették a betegektől, és mintegy 6 ezer egészségügyi dolgozót bocsátottak el. És önök kezdték el lebontani az ellátást az újpesti kórházban, hiszen önök zártak be osztályokat, önök vették el a finanszírozást, és lehetetlenítették el magát a kórházat is. 2010 óta nagy erőfeszítéssel, nyilván az emberek együttműködésével és munkájával igyekszünk pótolni a Gyurcsány-korszak által az egészségügynek okozott károkat."
37,NEUTRAL,0.95,"The sentence reports on healthcare stabilization and infrastructure projects, focusing on policy outcomes rather than executive power expansion or democratic institutional changes.",ParlaMint-HU_2020-03-02,u2020-03-02-39-9,"Stabilizáltuk a kórházak működését, óriási fejlesztések zajlottak, és az újpesti lakosok, a IV. kerületi lakosok számára is biztosított mind a járóbeteg-, mind a fekvőbeteg-ellátás. 2019-ben, decemberben került sor a Károlyi Kórház infrastrukturális fejlesztéséhez kapcsolódó tervezői szerződés aláírására."
38,NEUTRAL,1.0,The sentence provides a factual time estimate for a hospital project's planning phase and does not address executive power or democratic institutions.,ParlaMint-HU_2020-03-02,u2020-03-02-39-10,Ez várhatóan mintegy másfél évet vesz igénybe.
39,NEUTRAL,1.0,"The sentence purely describes administrative and technical phases for a hospital project, lacking any commentary on executive power or democratic institutions.",ParlaMint-HU_2020-03-02,u2020-03-02-39-11,"Ezt követően kezdődhet meg a közbeszerzés, illetve a kivitelezés."
40,NEUTRAL,0.95,"The sentence focuses on healthcare availability in a specific district, discussing public service delivery rather than the expansion of executive power or democratic institutions.",ParlaMint-HU_2020-03-02,u2020-03-02-39-12,Tehát minden újpesti számára biztosított az egészségügyi ellátás.
41,NEUTRAL,0.9,The sentence observes a decline in public access to the Balaton shore and cites relevant law without explicitly critiquing executive power or democratic structures.,ParlaMint-HU_2020-03-02,u2020-03-02-45-4,"Az elmúlt években drasztikusan csökkent a szabadon megközelíthető Balaton-parti területek száma, noha a Balaton-törvény is kiemelt célként nevesíti azt, hogy a Balaton elérhetősége közérdek."
42,NEUTRAL,1.0,"The sentence focuses on public access to Lake Balaton and land use policy, without addressing executive power or democratic institutional changes.",ParlaMint-HU_2020-03-02,u2020-03-02-45-5,"Balatonőszödön a Balaton partjának túlnyomó része zárt, ezért ott kiemelten fontos lenne a Balaton megközelíthetősége."
43,NEUTRAL,0.95,The sentence provides a factual statement about a state asset sale without expressing support for or criticism of executive power expansion or institutional undermining.,ParlaMint-HU_2020-03-02,u2020-03-02-45-6,A Magyar Nemzeti Vagyonügynökség Zrt. a volt balatonőszödi kormányüdülőjét eladásra hirdette meg.
44,NEUTRAL,0.95,"The sentence requests the government fulfill a legal objective regarding public access to land, without directly addressing the expansion or limitation of executive power.",ParlaMint-HU_2020-03-02,u2020-03-02-45-7,"Most adódik a kormánynak az alkalom arra, hogy a Balaton- törvény által megfogalmazott vízparti elérhetőséget mint célt megvalósítsa."
45,NEUTRAL,0.9,"This sentence consists of specific policy questions regarding land management and local government involvement, without explicitly taking a stance on executive power structures.",ParlaMint-HU_2020-03-02,u2020-03-02-45-8,"Kérdéseim: módosítjáke az árverési kiírást úgy, hogy kiveszik az értékesítendő ingatlancsomagból az ingatlan vízparti részén elhelyezkedő 30 méteres sávot annak érdekében, hogy parti sétány létesülhessen? Áthelyezike ingyenes vagyonátadással az érintett part menti szakaszt a helyi önkormányzat vagyonkezelésébe, amennyiben az források híján nem tud élni az elővásárlási jogával?"
46,NEUTRAL,0.9,"The sentence is a rhetorical transition about the simplicity of the issue, lacking any direct stance on executive power or democratic institutions.",ParlaMint-HU_2020-03-02,u2020-03-02-45-9,Szerintem a helyzet nagyon egyszerű.
47,CONTRA,0.9,The MP sarcastically references the government's suspension of a court ruling to criticize their disregard for judicial independence and the rule of law.,ParlaMint-HU_2020-03-02,u2020-03-02-45-10,"Nem kell jogászkodni sem, hiszen a múlt héten egy jogerős bírósági ítéletet függesztett fel itt a Fidesz, tehát ez valószínűleg nem lesz akadály."
48,NEUTRAL,0.9,"The sentence addresses financial capacity for public access to the lake, not the structural expansion of executive power or institutional undermining.",ParlaMint-HU_2020-03-02,u2020-03-02-45-11,"A pénz se lehet gond, hiszen szárnyal a gazdaság."
49,NEUTRAL,0.9,"The sentence quotes government statements to advocate for public land access, without directly evaluating the expansion of executive power or institutional erosion.",ParlaMint-HU_2020-03-02,u2020-03-02-45-12,"A miniszterelnök úr azt nyilatkozta, hogy az elmúlt évtized volt a legsikeresebb az elmúlt százéves magyar történelemben. És az elvekben sem lehet köztünk vita, hiszen múlt héten Orbán Balázs államtitkár úr azt válaszolta nekem, hogy a kormány is körülsétálható és körülbiciklizhető Balatont szeretne."
50,NEUTRAL,0.9,The sentence is a policy recommendation for public land access and does not directly address executive power or the undermining of democratic institutions.,ParlaMint-HU_2020-03-02,u2020-03-02-45-13,"Itt az alkalom tehát, hogy egy ilyen szimbolikusnak is mondható helyen, mint Balatonőszöd, átadjuk az embereknek a Balaton-partot."
51,NEUTRAL,0.95,"The sentence discusses technical administrative details of property sales and legal compliance, lacking any stance on executive power expansion or democratic institutional changes.",ParlaMint-HU_2020-03-02,u2020-03-02-47-4,"Az ingatlanegyüttes értékesítési feltételeinek módosítása nem indokolt, hiszen a Magyar Nemzeti Vagyonkezelő – a Magyarország egyes kiemelt térségeinek területrendezéséről szóló 2018. évi CXXXIX. törvény 71. § (3) bekezdésében foglaltakkal összhangban az árverési hirdetményben kifejezetten felhívta az árverezők figyelmét arra, hogy a nyertes árverezőnek a vízparton biztosítania kell a part menti 30 méter széles, közhasználat elől el nem zárható sávot, és azon engednie kell parti sétány kialakítását."
52,NEUTRAL,0.85,"MP argues local government property rights are unnecessary due to existing laws, providing a technical justification rather than advocating for executive power expansion.",ParlaMint-HU_2020-03-02,u2020-03-02-47-5,Fentiek alapján tehát a parti sétány kialakításához nem szükséges arra vonatkozóan az önkormányzat tulajdonjogának vagy vagyonkezelői jogának bejegyzése; kialakításának lehetősége a törvény alapján jelenleg is adott.
53,NEUTRAL,0.95,"The sentence provides factual information about property auction conditions and public access regulations, without addressing the expansion or restriction of executive power.",ParlaMint-HU_2020-03-02,u2020-03-02-47-6,"Köszönöm szépen.  bekezdésében foglaltakkal összhangban az árverési hirdetményben kifejezetten felhívta az árverezők figyelmét arra, hogy a nyertes árverezőnek a vízparton biztosítania kell a part menti 30 méter széles, közhasználat elől el nem zárható sávot, és azon engednie kell parti sétány kialakítását."
54,NEUTRAL,0.9,The sentence addresses administrative property management and existing law without advocating for or against systemic executive power expansion or democratic erosion.,ParlaMint-HU_2020-03-02,u2020-03-02-47-7,Fentiek alapján tehát a parti sétány kialakításához nem szükséges arra vonatkozóan az önkormányzat tulajdonjogának vagy vagyonkezelői jogának bejegyzése; kialakításának lehetősége a törvény alapján jelenleg is adott.
55,NEUTRAL,1.0,"The sentence is a transcript note describing applause from parliamentary groups, conveying no substantive stance on executive power or democratic institutions.",ParlaMint-HU_2020-03-02,u2020-03-02-47-9,"(Taps a kormányzó pártok, szórványos taps az LMP padsoraiból.)"
56,NEUTRAL,1.0,"The sentence and speech focus exclusively on local infrastructure developments, failing to address executive power dynamics or democratic institutions.",ParlaMint-HU_2020-03-02,u2020-03-02-49-3,"Örömmel számolhatok be róla, hogy a Jászságban az elmúlt hónapokban közel hatmilliárd forint értékben került átadásra útfejlesztés."
57,NEUTRAL,1.0,The sentence provides a factual list of infrastructure improvements without discussing executive power or democratic institutions.,ParlaMint-HU_2020-03-02,u2020-03-02-49-4,"Megújult a Szolnok-Jászkisér összekötő út jászkiséri belterületi szakasza, a 32-es főút Jászfényszaru-Jászberény közötti szakasza, a Szolnok-Jászkisér összekötő út Jászkisér utáni külterületi szakasza, a jászfényszarui ipari park megközelítését szolgáló új útszakaszok is befejezésre kerültek, valamint a Pusztamonostort Jászárokszállással összekötő út egy jelentős része is elkészült.A fejlesztésekkel nem csupán az útburkolatok újultak meg, számos autóbusz-megálló lett felújítva, új szalagkorlátok, fényvisszaverő prizmák készültek el, cserére kerültek a KRESZ-táblák, az utak mentén fák telepítése is megvalósult."
58,NEUTRAL,1.0,"The sentence discusses local infrastructure benefits without addressing executive power or democratic institutions, making it neutral regarding executive aggrandisement.",ParlaMint-HU_2020-03-02,u2020-03-02-49-5,"Fontosak ezek a fejlesztések a térségben, a jó minőségű, felújított útszakaszoknak köszönhetően biztonságosabbá, gyorsabbá és kényelmesebbé válik a közlekedés."
59,NEUTRAL,1.0,"The sentence factually describes archaeological work for a road project, unrelated to executive power structures or democratic institutional changes.",ParlaMint-HU_2020-03-02,u2020-03-02-49-6,"Szintén nagy örömmel értesültünk szeptemberben arról, hogy a régészek megkezdték a szükséges megelőző feltárásokat a jászberényi elkerülő út utolsó szakaszának nyomvonalán."
60,NEUTRAL,1.0,The sentence discusses local road infrastructure development and carries no relevance to the expansion of executive power or democratic institutional changes.,ParlaMint-HU_2020-03-02,u2020-03-02-49-7,"Az útszakasz megépülése mind a térség, mind Jászberény város tekintetében régen várt, meghatározó fejlesztés."
61,NEUTRAL,0.95,"The sentence focuses on local infrastructure development and routine inquiry, lacking any content related to the expansion or limitation of executive powers.",ParlaMint-HU_2020-03-02,u2020-03-02-49-8,Ezért megköszönve a kormányzat eddigi erőfeszítéseit tisztelettel kérdezem az államtitkár urat: mikorra várható a jászberényi elkerülő út utolsó szakaszának befejezése?
62,NEUTRAL,1.0,"The sentence is a standard formal greeting to the chair and state secretary, containing no political stance or reference to executive power.",ParlaMint-HU_2020-03-02,u2020-03-02-57-2,Tisztelt Elnök Úr! Államtitkár Úr!
63,NEUTRAL,0.95,"The sentence is a factual introductory statement about a playground opening, lacking any stance on executive power or democratic institutions.",ParlaMint-HU_2020-03-02,u2020-03-02-57-4,"A főváros XVI. kerületében, a Reformátorok terén új játszóteret adtak át 2019 októberében."
64,NEUTRAL,0.95,This sentence criticizes the timing of a project for electoral advantage but does not address systemic executive power expansion or the undermining of democratic institutions.,ParlaMint-HU_2020-03-02,u2020-03-02-57-5,"A 400 millió forintos beruházással láthatóan nagyon siettek, hogy még az önkormányzati választás előtt eldicsekedhessenek vele."
65,NEUTRAL,0.95,The sentence factually reports government attendance and safety issues without addressing the expansion of executive power or undermining of democratic institutions.,ParlaMint-HU_2020-03-02,u2020-03-02-57-6,"Az átadáson a kormány is képviseltette magát Gulyás Gergely miniszter úr személyében.Néhány nap múlva kiderült, hogy a csúszdák rendkívül balesetveszélyesek."
66,NEUTRAL,0.95,"The sentence provides factual details regarding playground accidents and does not reference executive power, democratic institutions, or political authority.",ParlaMint-HU_2020-03-02,u2020-03-02-57-7,"Egy kislánynak már az első csúszás során eltört a sípcsontja, egy másik gyereknek a térdét kellett begipszelni."
67,NEUTRAL,0.95,The sentence describes physical injuries from a faulty slide. It does not address executive power or the undermining of democratic institutions.,ParlaMint-HU_2020-03-02,u2020-03-02-57-8,"Olyan gyerek is volt, akinek a foga tört ki a csúszdán, amely túl gyors, túl éles kanyarokkal, és ezért nagy erővel csapódnak benne a gyerekek."
68,NEUTRAL,0.95,"The sentence reports a mayor's admission of technical flaws in a playground, lacking direct connection to executive power expansion or democratic backsliding.",ParlaMint-HU_2020-03-02,u2020-03-02-57-9,"Kovács Péter, az önök polgármestere is elismerte, hogy ahogy fogalmazott a csúszdákkal van némi baj."
69,NEUTRAL,0.95,"The sentence identifies unaddressed playground repairs in the speech, which does not involve the expansion of executive power or the undermining of democratic institutions.",ParlaMint-HU_2020-03-02,u2020-03-02-57-10,De a hibákat azóta sem javították ki.
70,CONTRA,0.7,"The MP criticizes Fidesz leaders for ignoring public complaints, highlighting a lack of accountability within the executive's power structure and political priorities.",ParlaMint-HU_2020-03-02,u2020-03-02-57-11,"Sőt, a kerület fideszes vezetői foglalkozni sem hajlandók a szülők panaszaival."
71,NEUTRAL,0.9,The speech concerns playground safety; this specific sentence attacks government negligence rather than the structural expansion of power or the undermining of democratic institutions.,ParlaMint-HU_2020-03-02,u2020-03-02-57-12,Az önök emberei semmit nem törődnek a gyermekek biztonságával.
72,NEUTRAL,0.9,The sentence focuses on administrative playground safety regulations and lacks any discussion regarding the expansion of executive power or democratic institutional integrity.,ParlaMint-HU_2020-03-02,u2020-03-02-57-13,"Ez azonban nem maradhat így. Úgy gondoljuk, ez az eset világosan megmutatta, felül kell vizsgálnunk a játszóterekkel kapcsolatos szabályozást."
73,NEUTRAL,0.95,The sentence criticizes the government's focus on political propaganda instead of public safety but does not address institutional aggrandisement or democratic backsliding.,ParlaMint-HU_2020-03-02,u2020-03-02-57-14,"Nem engedhetjük, hogy további gyermekek szenvedjenek súlyos balesetet azért, mert a Fidesznek fontosabbak a politikai győzelmi jelentések, mint a gyermekek testi épsége."
74,NEUTRAL,0.9,"The sentence is a factual inquiry about playground accidents, lacking any reference to the expansion of executive power or the undermining of democratic institutions.",ParlaMint-HU_2020-03-02,u2020-03-02-57-15,"Kérdezem tehát államtitkár urat, hogy vane tudomása a csúszdák miatt bekövetkezett súlyos gyermekbalesetekről."
75,NEUTRAL,0.95,"The sentence is a factual inquiry about administrative assistance for families, neither advocating for nor criticizing the expansion of executive power or democratic erosion.",ParlaMint-HU_2020-03-02,u2020-03-02-57-16,Fordulhatnake segítségért a minisztériumhoz a sérülést szenvedett gyermekek szülei?
76,NEUTRAL,0.95,"The sentence is a standard inquiry about a ministry investigation into local safety issues, not addressing executive power expansion or democratic institution undermining.",ParlaMint-HU_2020-03-02,u2020-03-02-57-17,Indíte a tárca bármilyen vizsgálatot az eset kapcsán?
77,NEUTRAL,0.9,The sentence is a standard oversight question regarding playground safety regulations and does not discuss executive power expansion or democratic institutional changes.,ParlaMint-HU_2020-03-02,u2020-03-02-57-18,"Mit szándékoznak tenni, hogy a jövőben hasonló esetek ne fordulhassanak elő?"
78,NEUTRAL,1.0,This sentence is a standard formulaic parliamentary closing and does not express any stance on executive power or democratic institutions.,ParlaMint-HU_2020-03-02,u2020-03-02-57-19,"Várom megtisztelő válaszát, államtitkár úr."
79,NEUTRAL,0.95,"The sentence provides a factual introduction to school nationalization. The MP's critical stance against executive aggrandisement is developed later, leaving this specific statement neutral.",ParlaMint-HU_2020-03-02,u2020-03-02-61-2,Tisztelt Államtitkár Úr! 2017-ben a közoktatás épületeinek az államosítása is bekövetkezett.
80,CONTRA,0.95,"The MP criticizes the central government for seizing municipal property and funds, opposing executive centralization and the weakening of local government autonomy.",ParlaMint-HU_2020-03-02,u2020-03-02-61-3,"Ugyan kártalanítás nélkül vették el az önkormányzatoktól ezeket az épületeket, de rájöttek arra, hogy ezek fenntartásához pénz kell, és úgy gondolták, hogy ezt a pénzt a 34 ezer forint/fő adóerő-képességű önkormányzatoktól lehet leginkább elvonni."
81,CONTRA,0.85,"The MP highlights increasing financial obligations imposed on municipalities, criticizing the executive's centralization of power and the resulting erosion of local government autonomy.",ParlaMint-HU_2020-03-02,u2020-03-02-61-4,Ez a pénz 168 önkormányzatra jelent kötelezettséget egyre növekvő mértékben.
82,CONTRA,0.9,"The MP highlights the massive financial extraction from municipalities, criticizing the central government's consolidation of resources and power at the expense of local autonomy.",ParlaMint-HU_2020-03-02,u2020-03-02-61-5,"Ez azt jelenti többek között, hogy a nagy tiltakozás következtében ez a befizetendő összeg 26 milliárdról ennyi elvonás történt meg a bevezetésekor 2017-ben fölugrott 62 százalékkal magasabbra, 43 milliárdra, és az eltelt három esztendőben mindösszesen már 106 milliárd fölötti elvonásról van szó, amelyet az önkormányzatoktól elvontak."
83,CONTRA,0.9,"The MP criticizes the central government's financial exploitation of municipalities, viewing it as a tool to weaken local institutions and expand executive control.",ParlaMint-HU_2020-03-02,u2020-03-02-61-6,"Ennek a 168 önkormányzatnak a jelentős része egyébként olyan befizető, amelyek többet fizetnek vissza az államnak, mint amennyit normatívaként az állam ad számukra."
84,CONTRA,0.85,"The sentence lists further state-imposed financial obligations, supporting the MP's argument against the executive's centralization of power and the undermining of municipal independence.",ParlaMint-HU_2020-03-02,u2020-03-02-61-7,"Ennek több tényezője is van, amit még be kell fizetni."
85,CONTRA,0.95,"The MP uses the derogatory term 'sarc' to criticize the central government's financial extraction from municipalities, opposing centralized executive control over local resources.",ParlaMint-HU_2020-03-02,u2020-03-02-61-8,"Ennek a befizetése, amit most említettem, csak az egyik sarc."
86,CONTRA,0.95,"The MP uses a metaphor to criticize the executive's financial exploitation and encroachment on local government autonomy, clearly opposing central power expansion.",ParlaMint-HU_2020-03-02,u2020-03-02-61-9,"Szeretném kérdezni államtitkár úrtól, hogy mennyi ilyen bőrt húznak még le rólunk."
87,CONTRA,0.9,"The MP criticizes the central government's seizure of municipal funds and demands accountability, opposing the executive's expansion of financial control over local authorities.",ParlaMint-HU_2020-03-02,u2020-03-02-61-10,Erről a 106 milliárd forintról történike valamilyen elszámolás az önkormányzatok irányába?
88,CONTRA,0.9,"The MP demands accountability for centralized funds, criticizing the executive's lack of transparency and its weakening of local government financial autonomy.",ParlaMint-HU_2020-03-02,u2020-03-02-61-11,"Másrészt azt szeretném kérdezni öntől, hogy erre a bizonyos elszámolásra ami eddig még nem történt meg számíthatunke, hiszen ha egy civil szervezet vagy egy egyház támogatást kap, az köteles elszámolni."
89,NEUTRAL,0.9,The sentence critiques the government's denial of economic issues but does not discuss executive power expansion or the erosion of democratic checks.,ParlaMint-HU_2020-03-02,u2020-03-02-65-3,"Miként lehetséges az, hogy már az önök jegybankelnöke is látja, amit önök valamiért nem akarnak látni?"
90,NEUTRAL,0.9,The sentence identifies a socio-economic issue regarding housing quality without addressing the executive branch's expansion of power or the undermining of democratic institutions.,ParlaMint-HU_2020-03-02,u2020-03-02-65-4,"Ez pedig az, hogy a magyar lakhatás helyzete siralmas."
91,NEUTRAL,0.9,The sentence criticizes the economic consequences of housing policy rather than the institutional expansion of executive power or the weakening of democratic checks.,ParlaMint-HU_2020-03-02,u2020-03-02-65-5,"Az önök fékevesztett gazdaságpolitikája azt eredményezte, hogy az elszabaduló ingatlanárak mellett immár az albérletárak is megfizethetetlenné váltak egy átlagos jövedelmű magyar számára."
92,NEUTRAL,0.9,"The sentence focuses on housing affordability and economic policy failures, lacking any direct stance on the expansion or undermining of executive power or institutions.",ParlaMint-HU_2020-03-02,u2020-03-02-65-6,"A helyzet az, hogy a magyar főváros jelenleg a hatodik legdrágább Európában, ami a lakásárakat illeti, illetve a fizetéshez viszonyítva, és ezt nem mi találtuk ki, hanem az önök által delegált jegybankelnök."
93,NEUTRAL,0.95,The sentence describes socio-economic hardships related to housing prices rather than the executive's expansion of power or the undermining of democratic institutions.,ParlaMint-HU_2020-03-02,u2020-03-02-65-7,"A lakhatási tragédia az egész ország problémája, s a tarthatatlan lakásárak mellett már az albérletárak is az egekben vannak az ingatlanközvetítők adatai szerint."
94,CONTRA,0.9,"The MP challenges the integrity of state institutions by questioning the KSH's reliability, criticizing the executive's influence over independent data and democratic transparency.",ParlaMint-HU_2020-03-02,u2020-03-02-65-8,"Csöndesen megjegyzem, hogy a KSH adataiban én a magam részéről nem bízom, mert annyira pontosak, mint amennyire az infláció mértékét mérték."
95,NEUTRAL,0.95,This sentence presents factual economic data about housing prices and does not address the expansion of executive power or democratic institutional health.,ParlaMint-HU_2020-03-02,u2020-03-02-65-9,Tehát egy átlagos budapesti lakásért 160 ezer forintot kell havonta fizetni.
96,NEUTRAL,0.95,"The sentence addresses rent prices and average wages, focusing on socioeconomic policy rather than the expansion of executive power or institutional subversion.",ParlaMint-HU_2020-03-02,u2020-03-02-65-12,Ezt a 160 ezer forintot átlagos fizetésből vagy egy mediánbérből senki nem tudja kigazdálkodni.
97,NEUTRAL,0.9,"Despite the speech's critical tone, the sentence focuses on housing policy and municipal neglect without directly addressing the structural expansion of executive power.",ParlaMint-HU_2020-03-02,u2020-03-02-65-13,"A kérdésem az, hogy miért nem képes a kormány egy tisztességes bérlakásprogramot elindítani, miért hagyja, hogy az önkormányzati bérlakások leépülten álljanak, és miért hagyják, hogy különféle adókedvezményeket élvező, rövid távú bérlemények amelyekből megközelítőleg tízezer darab van Budapesten kiessenek az albérletpiacról, és még a társasházak lakóinak az életét is nehezítsék."
98,NEUTRAL,0.95,"While the supplied speech criticizes unbridled power, the sentence focuses on fiscal spending priorities and housing policy, making it neutral regarding executive aggrandisement.",ParlaMint-HU_2020-03-02,u2020-03-02-65-14,"Önök büszkén költik a pénzt mindenféle látványberuházásra, hogy fordulhat az elő, hogy erre nem jut pénz?"
99,NEUTRAL,1.0,This is a standard formal parliamentary greeting and procedural opening with no substantive political content or stance on executive power.,ParlaMint-HU_2020-03-02,u2020-03-02-69-1,Köszönöm a szót. Államtitkár Úr!
100,NEUTRAL,0.9,The sentence neutrally quotes the Prime Minister's promises to provide factual context for the speaker's later criticism of executive accountability and cronyism.,ParlaMint-HU_2020-03-02,u2020-03-02-69-2,"„A klímavédelem árát a klímarombolóknak kell megfizetniük” jelentette ki Orbán Viktor karácsonyi interjújában, de évértékelőjén is megígérte, hogy megbüntetik a szennyezőket."
101,NEUTRAL,0.9,"The sentence factually cites a public opinion poll on environmental policy to frame a critique, without directly addressing executive power expansion or institutional erosion.",ParlaMint-HU_2020-03-02,u2020-03-02-69-3,A Századvég szerint az emberek 83 százaléka a nagy szennyezőkkel szembeni határozottabb fellépést várja el a magyar kormánytól.
102,CONTRA,0.85,"The MP criticizes the executive for failing to sanction a corporate partner, highlighting a lack of accountability and selective law enforcement.",ParlaMint-HU_2020-03-02,u2020-03-02-69-4,"A kérdés már csak az, hogy mindez a Volkswagen-csoportra is vonatkozike, ugyanis az egész Unióban Magyarország az egyetlen tagállam, ahol a céget semmilyen szankció nem sújtotta a kibocsátási adatok tömeges meghamisítása, magyarul, a dízelbotrány miatt."
103,NEUTRAL,0.9,"The speech criticizes executive conduct, but this sentence factually compares international sanctions against Volkswagen without explicitly evaluating the Hungarian executive’s power or institutions.",ParlaMint-HU_2020-03-02,u2020-03-02-69-5,"Az USA-ban 20 milliárd dollárt vertek le a csaló cégen, de Németországban is 340 milliárd forintnyi büntetést fizettek, és emellett kártérítésként az átvert tulajdonosoknak is körülbelül 300 milliárd, autónként átlag 1,3 millió forintnyi pénzt kínálnak."
104,CONTRA,0.85,"The sentence quantifies damages caused by executive favoritism, criticizing the government's failure to regulate its corporate allies and uphold the rule of law.",ParlaMint-HU_2020-03-02,u2020-03-02-69-6,"A megtévesztett magyar fogyasztóknak is legalább 50 milliárd forint kártérítés járna, ahogy az állami bevételkiesés is milliárdos nagyságrendű volt a regisztrációs adó és a cégautóadó kiesett összegei miatt. És akkor az egészségügyi hatásokról, illetve az emiatt keletkező 2-8 milliárdos pluszkiadásról még nem is beszéltünk."
105,CONTRA,0.85,"The MP criticizes the government for shielding a corporation and ignoring parliamentary inquiries, highlighting a lack of executive accountability and transparency.",ParlaMint-HU_2020-03-02,u2020-03-02-69-7,"A Párbeszéd 2015 óta kérdezi a témában Varga Mihály minisztériumát, hogy a Volkswagen hazai cégei miért mentesülnek a szankciók alól, de hiába, Varga Mihály és az Orbán-kormány kitartóan falaz a csalóknak."
106,CONTRA,0.9,"The MP criticizes the government's cronyism and lack of accountability, highlighting how the executive favors partners while undermining legal and democratic oversight.",ParlaMint-HU_2020-03-02,u2020-03-02-69-8,"A Volkswagen hazai cége stratégiai partnere az Orbán-kormánynak, tarol a közbeszerzéseken, legutóbb decemberben 54 milliárdot nyertek el, a cég ügyvezetője több százmilliós támogatást kapott a szállodaépítéséhez, ahol aztán Rogán Antal szervezett privát partit. Államtitkár Úr!"
107,CONTRA,0.9,"The MP's question highlights executive failure to punish a favored corporation, challenging the government's lack of accountability and selective law enforcement.",ParlaMint-HU_2020-03-02,u2020-03-02-69-9,A mai napig pontosan milyen szankciókat vetettek ki a dízelbotrány miatt a Volkswagen hazai cégére?
108,NEUTRAL,0.9,The sentence is a standard policy inquiry about environmental accountability and does not directly address executive power expansion or the undermining of democratic institutions.,ParlaMint-HU_2020-03-02,u2020-03-02-69-10,"Ha továbbra sincs büntetés, akkor a kormány állítólagos zöldfordulata jegyében hogyan és mikor kívánnak ezen változtatni?"
109,CONTRA,0.85,"The MP challenges the executive's accountability and potential favoritism toward a corporate partner, criticizing the arbitrary application of the rule of law.",ParlaMint-HU_2020-03-02,u2020-03-02-69-11,Vagy a kormány mentesítie a Volkswagent a „szennyező fizet” elve alól?
110,NEUTRAL,0.95,"The sentence discusses economic growth and infrastructure projects without mentioning the expansion of executive authority or democratic institutions, thus remaining neutral on aggrandisement.",ParlaMint-HU_2020-03-02,u2020-03-02-73-3,"A magyar gazdaság kiemelkedő teljesítménye tette lehetővé, hogy elinduljon egy olyan, az egész országot átfogó közútfejlesztési program, amely nemcsak a gazdaság további fejlődését, hanem az emberek életminőségének javítását is szolgálja."
111,NEUTRAL,1.0,The sentence describes routine government infrastructure projects and lacks any connection to the expansion of executive power or the undermining of democratic institutions.,ParlaMint-HU_2020-03-02,u2020-03-02-73-4,"Amint az ismeretes, a kormány által meghirdetett útprogramnak köszönhetően nagyszabású közlekedésfejlesztések előkészítése vagy megvalósítása történik meg."
112,NEUTRAL,1.0,"The sentence and speech focus on infrastructure and local road development, which does not involve expanding executive power or undermining democratic institutions.",ParlaMint-HU_2020-03-02,u2020-03-02-73-5,"A 8. számú főút, a Veszprém déli elkerülő út megvalósítása rendkívül fontos."
113,NEUTRAL,1.0,"The sentence and speech focus entirely on infrastructure development and traffic relief, without addressing executive power or democratic institutions.",ParlaMint-HU_2020-03-02,u2020-03-02-73-6,"A fejlesztés azért is jelentős, mert elkészülte után nagyban hozzájárul a forgalmi dugók enyhítéséhez a Balaton és a főváros között gyakran használt útvonal kulcsfontosságú részén."
114,NEUTRAL,1.0,The sentence describes traffic conditions to justify infrastructure development and does not address executive power or democratic institutions.,ParlaMint-HU_2020-03-02,u2020-03-02-73-7,"A körgyűrűt rendszeresen használók tudják, hogy még idegenforgalmi szezon sem kell hozzá, hogy a balatonfüredi csomópontnál hosszú kocsisor alakuljon ki."
115,NEUTRAL,0.95,The sentence discusses the economic and social benefits of road infrastructure without addressing executive power expansion or the undermining of democratic institutions.,ParlaMint-HU_2020-03-02,u2020-03-02-73-8,"A közúti beruházásoknak nemcsak munkahelyteremtő hatása lehet, hanem jól szolgálja a vállalkozások fejlődését, a helyi gazdaság élénkítését, a családok életlehetőségeinek, életminőségének javítását is."
116,NEUTRAL,0.95,"The sentence focuses on the government's strategic goals regarding road infrastructure development, which does not involve expanding executive power or undermining democratic institutions.",ParlaMint-HU_2020-03-02,u2020-03-02-73-9,"Köszönhető mindez annak is, hogy az elmúlt évekhez hasonlóan a kormány a jövőben is stratégiai célként tekint a közútfejlesztésre."
117,NEUTRAL,1.0,The sentence discusses local anticipation for road projects and lacks any reference to the expansion of executive power or democratic institutional changes.,ParlaMint-HU_2020-03-02,u2020-03-02-73-11,Az említett közútfejlesztéseket Veszprém és térsége már nagyon várja.
118,NEUTRAL,1.0,The sentence is a specific inquiry about infrastructure project timelines and lacks any reference to executive power expansion or democratic institutional changes.,ParlaMint-HU_2020-03-02,u2020-03-02-73-12,"Erre való tekintettel kérdezném, hogy mikorra várható a veszprémi déli elkerülő, valamint a 8. és 82. számú főút átkötésének megvalósítása."
119,NEUTRAL,1.0,"The sentence purely discusses administrative labor law compliance regarding bus drivers, which is unrelated to executive power expansion or democratic institutional health.",ParlaMint-HU_2020-03-02,u2020-03-02-79-4,"A Volán Zrt. az autóbusz-vezetőket a vezetési és pihenőidőre vonatkozó hatályos európai és magyar jogszabályok, valamint a kollektív szerződés rendelkezései szerint foglalkoztatja."
120,NEUTRAL,0.95,"The sentence describes administrative compliance and operational logistics in public transport, lacking any reference to expanding executive power or undermining democratic institutions.",ParlaMint-HU_2020-03-02,u2020-03-02-79-5,"A foglalkoztatás során alkalmazott szabályok pontosan meghatározzák a napi, heti és havi vezetési és pihenőidőt, függetlenül attól, hogy az adott autóbusz-vezető 50 kilométer alatti vagy feletti járatokat teljesít.2019 októbere óta az országosan hatékonyabb, integrált rendszerben működő közlekedési vállalat minden autóbusza megfelel a jogszabályok által előírt közlekedésbiztonsági szabályoknak és feltételeknek, ezt egyébként a vállalat jogelődje is s a jelenlegi integrált vállalat is folyamatosan ellenőrzi és biztosítja."
121,NEUTRAL,0.95,"The sentence provides factual information about public transport infrastructure and fleet modernization, lacking any reference to power dynamics or democratic institutions.",ParlaMint-HU_2020-03-02,u2020-03-02-79-6,"A fenntartható közösségi közlekedés javítása érdekében a Magyarország buszstratégiájában foglaltak szerint a Volánbusz 2019-22 között összesen 3930 darab autóbusz beszerzését tervezi, ennek következtében a vállalat teljes járműflottájának 60 százaléka megfiatalodik."
122,NEUTRAL,1.0,"The sentence provides factual data regarding bus procurement within a transport policy discussion, lacking any reference to executive power or democratic institutional changes.",ParlaMint-HU_2020-03-02,u2020-03-02-79-7,"Csak jelzem, hogy tavaly és idén ebből 705 darab új beszerzése történt meg, 44 darab saját gyártás volt, 90 darab beszerzése jelenleg is folyamatban van."
123,NEUTRAL,1.0,"The sentence discusses technical details regarding public transportation vehicle age and procurement, bearing no relation to executive power or democratic institutions.",ParlaMint-HU_2020-03-02,u2020-03-02-79-8,"Mindezek alapján a társaság a tervek szerint ’22 végéig 8,99 évre, 2031 végéig pedig 5,73 évre szorítja le a járművek átlagkorát."
124,NEUTRAL,1.0,"The sentence compares bus fleet ages without referencing executive power, democratic institutions, or the expansion of government authority.",ParlaMint-HU_2020-03-02,u2020-03-02-79-9,"Csak jelzem, hogy 2010 előtt ezek közelítették a 20 évet."
125,NEUTRAL,0.95,The sentence is a factual statement explaining the administrative basis for compensation without commenting on or advocating for the expansion of executive powers.,ParlaMint-HU_2020-03-02,u2020-03-02-83-4,"A felszámolás alatt álló Szeviép Zártkörűen Működő Részvénytársaság károsultjainak rendkívüli állami kárrendezése a vonatkozó kormányrendelet alapján, az abban foglaltak szerint történt."
126,NEUTRAL,0.95,"The sentence is a factual description of how compensation regulations were applied, lacking any stance on executive power expansion or democratic institution undermining.",ParlaMint-HU_2020-03-02,u2020-03-02-83-5,"A szabályozás nem tett különbséget a károsultak között a tekintetben, hogy milyen volt az anyagi, gazdasági helyzetük akár a Szeviép csődbemenetelének időpontjában, akár a kárrendezés időpontjában."
127,NEUTRAL,0.95,"The sentence factually describes administrative procedures for compensation based on existing regulations, without taking a stance on the scope of executive power.",ParlaMint-HU_2020-03-02,u2020-03-02-83-6,"Amennyiben a kárrendezés jogszabályi feltételei fennálltak, úgy a kormányhivatalok határozattal döntöttek annak mértékéről, melyet a károsult és a Szeviép Zrt. között korábban fennállt jogviszony határozott meg."
128,NEUTRAL,0.95,The sentence provides a factual description of ministerial duties within existing legal frameworks without expressing a stance on executive power expansion.,ParlaMint-HU_2020-03-02,u2020-03-02-83-7,"A nemzeti vagyon kezeléséért felelős tárca nélküli miniszter feladatköre a károsultakról a magyar államra jogszabályi úton engedményezett követelés érvényesítése, figyelemmel a Ptk., valamint a vonatkozó kormányrendeletek rendelkezéseire."
129,NEUTRAL,1.0,"The sentence is a purely factual statement about the lack of data regarding bankruptcies, expressing no stance on executive power or democratic institutions.",ParlaMint-HU_2020-03-02,u2020-03-02-83-8,"Arra vonatkozóan nem áll rendelkezésünkre adat, hogy a kárrendezéssel érintett jogi személyek közül hány ment az idők folyamán csődbe."
130,NEUTRAL,1.0,"The sentence purely reports factual statistics about compensation recipients based on administrative records, without expressing any stance on executive power or democratic institutions.",ParlaMint-HU_2020-03-02,u2020-03-02-83-9,A kormányhivatalok által megküldött iratok alapján készített kimutatások szerint 55 darab szegedi székhelyű vagy lakóhelyű jogi vagy természetes személy részesült kárrendezésben.
131,NEUTRAL,1.0,The sentence provides a factual description of an ongoing lawsuit regarding financial liability without commenting on executive power or democratic institutional integrity.,ParlaMint-HU_2020-03-02,u2020-03-02-83-10,"A P & P Gazdasági Tanácsadó Kft. mint elsőrendű felperes – Quaestor-ügy és társai által az MNB mint elsőrendű alperessel s a magyar állam mint másodrendű felperessel, Állami Számvevőszék harmadrendű alperessel szemben felelősség megállapítása iránt a Fővárosi Törvényszék előtt folyamatban lévő peres eljárásban 1652 felperes a Quaestor-botrány miatti felelősség megállapítását kéri a keresetben."
132,NEUTRAL,1.0,The sentence provides a factual update on a legal case without expressing a stance on executive power or democratic institutions.,ParlaMint-HU_2020-03-02,u2020-03-02-83-11,A felperesek kártérítési igénnyel nem léptek fel  az eljárás jelenleg is folyamatban van.
133,NEUTRAL,1.0,This is a standard polite closing addressed to the chair and contains no political content or stance regarding executive power.,ParlaMint-HU_2020-03-02,u2020-03-02-83-12,"Köszönöm a türelmét, elnök úr."
134,CONTRA,0.95,"The MP criticizes massive government propaganda spending as a tool for reelection, challenging the executive's misuse of state resources to consolidate political power.",ParlaMint-HU_2020-03-02,u2020-03-02-85-2,"A kormány hivatali ideje hátralévő részében mintegy 150 milliárd forintot költhet propagandára, ugyanis a Nemzeti Kommunikációs Hivatal egy 50 milliárdos keretszerződést kötött egy céggel, amit kétszer meg lehet hosszabbítani."
135,CONTRA,0.95,"The MP criticizes the government's massive propaganda spending and misuse of public funds for re-election, viewing it as an unfair consolidation of executive power.",ParlaMint-HU_2020-03-02,u2020-03-02-85-3,"Mivel legutóbb is pontosan ugyanazt a konstrukciót alkalmazták, és meg is hosszabbították kétszer, ezért biztosak lehetünk benne, hogy a végszámla meglesz 150 milliárd forint.Hogy legyen fogalmunk arról, hogy mekkora nagy pénzről beszélünk, 2016-ban Donald Trump elnökké választási kampánya 124 milliárd forint körüli összegbe került, ha átszámoljuk dollárról, tehát többet fog a kormány és Orbán Viktor a saját újraválasztási kampányára, 2022-es kampányára költeni kormányzati propagandaköltségként, mint amit Donald Trump költött 2016-ban."
136,CONTRA,0.95,"The MP criticizes the Prime Minister for using taxpayer money for propaganda, characterizing it as an abuse of state resources and executive power.",ParlaMint-HU_2020-03-02,u2020-03-02-85-4,"Igaz, ő a sajátjából meg adományból költötte, Orbán viszont a mi adófizetői forintjainkból."
137,CONTRA,0.9,"The MP criticizes the government's use of a single-company contract for massive propaganda spending, viewing it as a tool for power consolidation and corruption.",ParlaMint-HU_2020-03-02,u2020-03-02-85-5,"Mindezt egyetlen céggel kötött szerződéssel fogja megtenni, a New Land Media Kft.-vel."
138,CONTRA,0.95,"The MP criticizes the government for using public funds to enrich private allies for propaganda purposes, opposing the executive's misuse of state resources.",ParlaMint-HU_2020-03-02,u2020-03-02-85-6,"A kft.-nek eddig is mesés, csaknem 18 százalékos nyereséget eredményezett ez a jó kapcsolat, így a következő két évben akár 27 milliárdos profitra számíthat ez a kft."
139,CONTRA,0.9,"The sentence criticizes state-owned entities' unnecessary spending on government-linked firms, highlighting the MP's opposition to the executive's consolidation of media influence and resources.",ParlaMint-HU_2020-03-02,u2020-03-02-85-7,"Tavaly egyébként ugyanezzel a céggel intézte az MVM Zrt. is a hirdetési és médiamegjelenéseit, több mint 4 milliárdért, holott a nagyjából monopol- vagy legalábbis hegemón piaci helyzetű MVM-nek sok oka, indoka nem lett volna erre."
140,NEUTRAL,0.9,The sentence is a factual transition introducing examples of spending without expressing an explicit stance on executive power or democratic institutions.,ParlaMint-HU_2020-03-02,u2020-03-02-85-8,"Néhány példa, hogy mire költötte el ezt a 4 milliárd forintot."
141,CONTRA,0.9,"The MP cites this wasteful spending to criticize the executive's misuse of public funds for propaganda, which he argues undermines democratic institutional fairness.",ParlaMint-HU_2020-03-02,u2020-03-02-85-9,Például a Jégkaland nevű rendezvényen mintegy 550 millió forintért lehetett ingyen korcsolyázni.
142,CONTRA,0.9,"The MP criticizes the government's excessive spending on propaganda and patronage, framing it as an abuse of executive power and taxpayer money.",ParlaMint-HU_2020-03-02,u2020-03-02-85-10,"Ezt meg is tette ötezer ember, vagyis fejenként 110 ezer forintért korcsolyázott ötezer ember az MVM és ezen keresztül a magyar adófizetők pénzéből."
143,CONTRA,0.95,"The MP criticizes the government's circumvention of procurement laws and use of public funds for propaganda, challenging executive overreach and corruption.",ParlaMint-HU_2020-03-02,u2020-03-02-85-11,"Kérdezem államtitkár urat, hogy kaptake fölmentést a közbeszerzési törvény alól a keretszerződés megkötésére, nem ütközike ez az Európai Unióról szóló szerződés piactorzításról szóló tilalmába, nem merítie ki mindez a pofátlan lopás gyanúját."
144,NEUTRAL,0.9,The sentence provides factual information regarding the transparency of public procurement systems without expressing a stance on expanding or limiting executive authority.,ParlaMint-HU_2020-03-02,u2020-03-02-87-3,"Szeretném önt arról tájékoztatni, hogy az elektronikus közbeszerzési rendszer nyilvános, így önnek és mindenkinek megvan a lehetősége arra, hogy megtudja, hogy a Nemzeti Kommunikációs Hivatal október 25-én nyílt és uniós eljárást indított a szóban forgó tárgyban."
145,NEUTRAL,0.9,"The sentence provides a factual rebuttal concerning legal compliance in procurement, neither advocating for nor criticizing the expansion of executive power.",ParlaMint-HU_2020-03-02,u2020-03-02-87-4,"Ennek eredményeként jött létre az ön által említett keretmegállapodás, tehát szó sem lehetett a közbeszerzési törvény alóli felmentésről."
146,NEUTRAL,0.9,"The sentence describes a standard public procurement procedure factually, defending institutional transparency without explicitly advocating for or criticizing the expansion of executive power.",ParlaMint-HU_2020-03-02,u2020-03-02-87-5,"A hivatal által indított eljárásban bármely társaság ajánlatot tehetett, amely megfelelt az alkalmassági feltételeknek."
147,NEUTRAL,0.9,"The sentence dismisses an allegation of market distortion by citing procurement transparency, focusing on procedural legality rather than advocating for or against executive expansion.",ParlaMint-HU_2020-03-02,u2020-03-02-87-6,Ezek fényében a piactorzításra vonatkozó felvetését nehezen lehet értelmezni.
148,NEUTRAL,0.9,"The sentence serves as a rhetorical transition to an anecdote, containing no direct stance on the expansion or restriction of executive power.",ParlaMint-HU_2020-03-02,u2020-03-02-87-7,"Ha már egyébként piactorzításról van szó, illetve MVM-ről ha jól idézem fel, akkor az MVM-re utalt , akkor engedje meg, hogy emlékeztessem egy esetre."
149,NEUTRAL,0.9,"The sentence focuses on a specific allegation of past corruption and personal gain, which does not directly address the institutional expansion of executive power.",ParlaMint-HU_2020-03-02,u2020-03-02-87-8,"Az ön pártelnöke, amikor kormányfő volt, a saját cégének csökkentette  az áram árát, kedvezményes tarifán kapta meg."
150,CONTRA,0.75,"The sentence criticizes past executive corruption and misuse of power, portraying such behavior as damaging to public institutions and national interests.",ParlaMint-HU_2020-03-02,u2020-03-02-87-9,"Fennállt a gyanúja, veszélye annak, hogy milliárdokkal károsíthatta meg az MVM-et."
151,NEUTRAL,0.95,"The sentence addresses historical utility costs and economic fairness, making it a policy-based criticism rather than a stance on executive power or democratic institutions.",ParlaMint-HU_2020-03-02,u2020-03-02-87-10,"A magyar családok nem kaptak ilyen kedvezményt, nekik duplájára nőtt az áram ára ebben az időszakban."
152,NEUTRAL,0.85,The sentence is a rhetorical attack on an opponent's past economic actions and does not directly address the expansion of executive power.,ParlaMint-HU_2020-03-02,u2020-03-02-87-11,"Ez nem csupán piactorzítás, hanem jó nagy disznóság."
153,PRO,0.85,"Defending procurement practices, the MP praises 'national governance' and asset growth, supporting the executive's expanded economic control as stated in the speech.",ParlaMint-HU_2020-03-02,u2020-03-02-87-12,"Ami pedig ezt a kormányt illeti, és a közpénzgazdálkodást, egy olyan baloldali időszakot sikerült lezárnunk, amelyben nagyjából 10 000 milliárd forint értékű vagyont hordtak szét, ezzel szemben a nemzeti kormányzás alatt másfélszeresére nőtt az állami vagyon összértéke."
154,PRO,0.85,"By pledging to continue 'national governance' and state asset growth, the MP supports the executive's expansion of power and control over the economy.",ParlaMint-HU_2020-03-02,u2020-03-02-87-13,Mi a magunk részéről ezen az úton szeretnénk továbbmenni.
155,CONTRA,0.85,The MP uses 'pushed through' to criticize the governing majority's unilateral legislative process and the imposition of mandatory state data reporting.,ParlaMint-HU_2020-03-02,u2020-03-02-93-4,"Most már lassan másfél éve, amikor a kormánypárti többség átnyomta azt a jogszabályt itt a Házon, hogy napi elektronikus adatszolgáltatási kötelezettség terhelje a szálláshelyadókat, beleértve a szállodákat, a panziókat, a moteleket és idén január 1-jétől pedig a magánszálláshely-adókat is."
156,CONTRA,0.85,"The MP criticizes a government reporting policy, highlighting negative impacts of a law pushed through by the executive-led parliamentary majority.",ParlaMint-HU_2020-03-02,u2020-03-02-93-5,"Mi akkor is már aggodalmunkat fejeztük ki abban az általános vitában, hiszen érzékeltük azt a problémát, hogy a magánszálláshely-adóknál, amikor is keresetkiegészítésnek vagy nyugdíj-kiegészítésnek használják ezek a szállásadók ezt a jövedelemkiegészítést, akkor igenis problémát fog okozni majd nekik, különösen az időseknek, hogy nem rendelkeznek számítógéppel, nem fogják tudni ezeket az adatszolgáltatásokat teljesíteni. És hogy ez így is van, azt mutatja, hogy Siófokon november és január között már 220 magánszálláshely-adó döntött úgy, hogy felfüggeszti ezt a tevékenységet, és ezzel nemcsak hogy a keresetkiegészítés marad el ezeknél az idős embereknél, mert zömében idősek, hanem szűkül a turisztikai kínálat is."
157,CONTRA,0.8,"The MP criticizes a government electronic reporting mandate, characterizing it as a harmful use of executive power that burdens citizens and encourages shadow economies.",ParlaMint-HU_2020-03-02,u2020-03-02-93-6,"Nem kérdés, hogy önöknek céljuk volt ezzel a fekete- és a szürkegazdaságnak a megerősítése is, hiszen számolhattak ezzel, hogy egy idő után ez az elektronikus adatszolgáltatás problémát fog okozni."
158,CONTRA,0.8,"The MP criticizes the executive's burdensome electronic data mandate, arguing it negatively impacts small providers and the national economy.",ParlaMint-HU_2020-03-02,u2020-03-02-93-7,"Tisztelettel kérdezem, hogy mit fognak tenni ezen szálláshelyadók megsegítése érdekében, hiszen eddig a havi egyszeri adatszolgáltatást könyvelők útján megoldották, de most, hogy naponta kell elektronikusan adatokat szolgáltatni, ez nehézségekbe fog ütközni. És ezzel pedig a magyar gazdaság egyik húzóágazatát is veszélyeztetik, és nemcsak a Balatonnál, hanem országszerte mindenhol."
159,NEUTRAL,0.9,"The sentence is a specific inquiry about policy mitigation for the elderly, without explicitly challenging or advocating for the expansion of executive authority.",ParlaMint-HU_2020-03-02,u2020-03-02-93-8,"Tisztelettel kérdezem tehát az államtitkár urat: mit kívánnak tenni az elektronikus adatszolgáltatás tekintetében az idős, számítógéppel nem rendelkezők megsegítéséért?"
160,NEUTRAL,1.0,"The sentence is a purely factual statement regarding the operational start of a data center, expressing no stance on executive power or democratic institutions.",ParlaMint-HU_2020-03-02,u2020-03-02-95-3,Az ön által említett Turisztikai Adatszolgáltató Központ tavaly indult.
161,NEUTRAL,0.95,"The sentence describes a factual administrative goal regarding tourism statistics, showing no clear stance on expanding or undermining executive power.",ParlaMint-HU_2020-03-02,u2020-03-02-95-4,"A célja az, hogy a napi statisztikai adatokon keresztül aktuális és valós képet kapjunk az ország szálláshelyeiről."
162,NEUTRAL,0.9,"The sentence provides a technocratic justification for a data system, focusing on administrative efficiency rather than the expansion of executive power or institutional change.",ParlaMint-HU_2020-03-02,u2020-03-02-95-5,"Más országokban is van hasonló megoldás. És ha valós képet kapunk, akkor még hatékonyabbak lehetnek a támogatási programok, és egyébként a népszerűsítő kampányok is."
163,NEUTRAL,0.95,"The sentence discusses administrative data collection for economic transparency, which is a standard policy matter rather than a stance on expanding executive power.",ParlaMint-HU_2020-03-02,u2020-03-02-95-6,Nem mellékesen és itt vitatkozom önnel az Adatszolgáltatási Központ a turizmus fehérítéséhez is hozzájárul.
164,NEUTRAL,0.9,The sentence focuses on economic digitalization and competitiveness without addressing executive power expansion or the undermining of democratic institutions.,ParlaMint-HU_2020-03-02,u2020-03-02-95-7,"Abban talán egyetért velem, hogy a versenyképesség megőrzéséhez fontos, hogy a szálláshely-szolgáltatók is megjelenjenek a digitális térben, ez egyébként más ágazatokra is igaz."
165,NEUTRAL,0.9,"The sentence describes technical support for regulatory compliance in tourism, which is an administrative matter and does not address executive power or democratic institutions.",ParlaMint-HU_2020-03-02,u2020-03-02-95-8,"A kormány ettől függetlenül azokra is gondolt, akik nem rendelkeznek az adatszolgáltatáshoz szükséges szoftverrel, beleértve az ön által is említett magánszálláshely-kiadókat is."
166,NEUTRAL,0.95,"The sentence describes a technical tool for tourism data reporting, which is a neutral administrative detail unrelated to expanding executive power or undermining institutions.",ParlaMint-HU_2020-03-02,u2020-03-02-95-9,"Nekik készült az úgynevezett „Én vendégszobám” elnevezésű ingyenes szálláshelykezelő alkalmazás, ezen keresztül az adatszolgáltatás egyszerűen és gyorsan teljesíthető."
167,NEUTRAL,1.0,The sentence provides factual information about technical support for a digital system and does not address the expansion or limitation of executive powers.,ParlaMint-HU_2020-03-02,u2020-03-02-95-10,"A Nemzeti Turisztikai Adatszolgáltató Központ honlapján minden lényeges információ megtalálható a rendszer használatával kapcsolatban, az érdeklődők ezenfelül a hét minden napján elérhetnek egy zöldszámot, és ott választ kaphatnak a kérdéseikre."
168,NEUTRAL,0.9,"The sentence neutrally situates a technical administrative measure within broader tourism policy, lacking any explicit stance on executive power or democratic institution erosion.",ParlaMint-HU_2020-03-02,u2020-03-02-95-11,Az ön által említett intézkedés egyébként csak egy a sok közül.
169,NEUTRAL,0.9,The sentence credits government decisions for economic success in tourism but does not discuss expanding executive power or undermining democratic institutions.,ParlaMint-HU_2020-03-02,u2020-03-02-95-12,"Az elmúlt évek döntéseinek is köszönhető, hogy a magyar turizmus sok rekordot megdöntött, soha nem volt még annyi vendég hazánkban, mint 2019-ben, miközben a kereskedelmi szálláshelyek bevétele is folyamatosan nő."
170,NEUTRAL,0.95,"The sentence provides a factual statistical comparison of tourism growth, which does not address executive power expansion or democratic institutions.",ParlaMint-HU_2020-03-02,u2020-03-02-95-13,"Ha 2010-hez viszonyítom, akkor 85 százalékos a növekedés."
171,NEUTRAL,0.95,"The sentence discusses local economic impacts of tourism policies, lacking any stance on executive power expansion or the undermining of democratic institutions.",ParlaMint-HU_2020-03-02,u2020-03-02-95-14,"Remélem, és talán ön is meg tudja erősíteni, hogy ez Siófokon és környékén is érezhető."
172,NEUTRAL,0.95,"The sentence discusses tourism policy goals and economic aspirations, remaining neutral toward executive power expansion or institutional changes.",ParlaMint-HU_2020-03-02,u2020-03-02-95-15,"Azt szeretnénk elérni, hogy Magyarország a közép-európai térség turisztikai központjává váljon; jó úton vagyunk afelé, hogy ezt teljesítsük is."
173,NEUTRAL,1.0,"The sentence is a formal parliamentary greeting to the chair and state secretary, expressing no stance on executive power or democratic institutions.",ParlaMint-HU_2020-03-02,u2020-03-02-97-2,Tisztelt Elnök Úr! Államtitkár Úr!
174,NEUTRAL,1.0,The sentence provides a factual statistic about air pollution deaths and does not address executive power or democratic institutions in the provided context.,ParlaMint-HU_2020-03-02,u2020-03-02-97-4,Magyarországon évente 13 ezer ember halálát okozza a légszennyezettség.
175,NEUTRAL,1.0,"The sentence addresses the urgency of environmental and health issues, lacking any reference to the expansion or limitation of executive authority or democratic institutions.",ParlaMint-HU_2020-03-02,u2020-03-02-97-5,"Ez egy olyan súlyos helyzet, ami azonnali intézkedéseket igényel."
176,NEUTRAL,0.95,"The sentence discusses an environmental policy announcement regarding public health, not the expansion of executive power or the undermining of democratic institutions.",ParlaMint-HU_2020-03-02,u2020-03-02-97-6,Jó hír: Palkovics miniszter úr bejelentette a rendkívüli szennyezéssel járó lignit lakossági értékesítésének beszüntetését.
177,NEUTRAL,1.0,"The sentence and speech focus on environmental issues and social welfare, not on the distribution of power or democratic institutions.",ParlaMint-HU_2020-03-02,u2020-03-02-97-7,"Kérdéses azonban, hogy mikor fog ez végleg megszűnni, és milyen hatásai lesznek, és egyébként hogyan hat ez majd a kis jövedelműekre."
178,NEUTRAL,1.0,"The sentence advocates for environmental protection and public health regulations regarding waste burning, showing no relevance to executive power expansion or democratic institutional changes.",ParlaMint-HU_2020-03-02,u2020-03-02-97-8,Fel kell lépni a rendkívül káros avarégetés és szemétégetés ellen is.
179,NEUTRAL,1.0,"The sentence exclusively discusses environmental policy and building insulation, showing no connection to executive power expansion or the undermining of democratic institutions.",ParlaMint-HU_2020-03-02,u2020-03-02-97-9,"Támogatni kell az épületek szigetelését, hogy megelőzzük a felesleges fűtést, és ezzel csökkentsük a levegőszennyezést."
180,NEUTRAL,1.0,The sentence advocates for environmental policy measures regarding traffic and does not discuss executive power dynamics or the undermining of democratic institutions.,ParlaMint-HU_2020-03-02,u2020-03-02-97-10,Többet kellene tenni az autóforgalom visszaszorításáért.
181,NEUTRAL,1.0,"The sentence discusses environmental data regarding smog alerts and air pollution, which is unrelated to executive power expansion or the undermining of democratic institutions.",ParlaMint-HU_2020-03-02,u2020-03-02-97-11,"A helyzet súlyosságát mutatja, hogy januárban már a szmogriadó tájékoztatási fokozatát kellett elrendelni a fővárosban."
182,NEUTRAL,1.0,"The sentence presents health statistics to highlight environmental issues, without addressing the executive's power or democratic institutions.",ParlaMint-HU_2020-03-02,u2020-03-02-97-12,"Ha pedig az elmúlt 16 évet nézzük, azt látjuk, hogy Magyarországon két és félszeresére emelkedett az asztmás gyermekek száma."
183,NEUTRAL,0.95,"The sentence is a factual inquiry regarding environmental and social policy, lacking any stance on the expansion or restriction of executive power.",ParlaMint-HU_2020-03-02,u2020-03-02-97-13,"Erre való tekintettel kérdezem az államtitkár urat, mikor szűnik meg végleg a lignit lakossági értékesítése, milyen hatással lesz ez a kisebb jövedelműekre, illetve fűtési költségeikre, milyen intézkedéseket terveznek az avar- és szemétégetés hatékonyabb visszaszorítása érdekében, milyen lépéseket tervez a kormány a közlekedés okozta légszennyezés csökkentéséért."
184,NEUTRAL,1.0,The sentence is a formal closing to a parliamentary inquiry regarding air pollution and does not address executive power or democratic institutions.,ParlaMint-HU_2020-03-02,u2020-03-02-97-14,"Várom érdemi válaszát, államtitkár úr."
185,NEUTRAL,1.0,The sentence focuses on environmental policy actions and does not address the expansion of executive power or the weakening of democratic institutions.,ParlaMint-HU_2020-03-02,u2020-03-02-99-4,A légszennyezettség kedvezőtlen hatásai miatt az elmúlt években már jelentős kormányzati lépéseket tettünk és történtek.
186,NEUTRAL,1.0,"The sentence factually describes government spending on environmental improvements and air quality, without addressing executive power or democratic institutions.",ParlaMint-HU_2020-03-02,u2020-03-02-99-5,"A közlekedési, az ipari, a mezőgazdasági és a lakossági szektorban több mint 300 milliárd forint értékben valósultak meg fejlesztések, amelyek eredményeként javult a levegő állapota."
187,NEUTRAL,1.0,"The sentence purely addresses environmental factors affecting air quality, lacking any connection to the expansion of executive power or democratic institutional changes.",ParlaMint-HU_2020-03-02,u2020-03-02-99-6,"Sajnos a levegőminőség alakulásában a helyi kibocsátás mellett számos, tőlünk független tényező is közrejátszik."
188,NEUTRAL,0.95,"The sentence focuses on environmental policy and government actions to reduce emissions, lacking any reference to expanding executive power or undermining democratic institutions.",ParlaMint-HU_2020-03-02,u2020-03-02-99-7,"Mindezek ellenére szakpolitikai és kormányzati szinten is minden lehetséges intézkedést meg fogunk tenni és meg is teszünk.Felhívom a képviselő asszony figyelmét a klíma- és természetvédelmi akciótervre, mely egyértelműen mutatja, hogy elkötelezettek vagyunk a hatékony kibocsátáscsökkentő intézkedések megvalósítása iránt."
189,NEUTRAL,0.95,The sentence discusses policy trade-offs between environment and economy without referencing executive power expansion or democratic institutions within the provided speech.,ParlaMint-HU_2020-03-02,u2020-03-02-99-8,A környezetünk és egészségünk védelme érdekében szükséges intézkedéseknek a nemzetgazdaság és a családok védelme érdekében elért eddigi eredmények megőrzésével kell megvalósulniuk.
190,NEUTRAL,0.95,"The sentence details technical policy preparation regarding environmental protection and air quality, lacking any mention of power expansion or democratic institutions.",ParlaMint-HU_2020-03-02,u2020-03-02-99-9,"A programjainkban foglalt intézkedések elfogadása és végrehajtása mellett természetesen tovább folytatjuk a munkát, ennek keretében készítettük elő az országos levegőterhelés-csökkentési program szakmai tervezetét, mely számos, további kibocsátáscsökkentéssel járó intézkedést tartalmaz a közlekedési, ipari, mezőgazdasági és lakossági szektor vonatkozásában."
191,NEUTRAL,1.0,The sentence discusses technical complexities of air quality management and lacks any reference to the expansion of executive power or democratic institutional oversight.,ParlaMint-HU_2020-03-02,u2020-03-02-99-10,A levegőminőség javítása különösen a lakossági szektort érintő intézkedések tekintetében roppant összetett feladat.
192,NEUTRAL,1.0,"The sentence focuses solely on balancing environmental policy with economic welfare, lacking any reference to executive power expansion or institutional changes.",ParlaMint-HU_2020-03-02,u2020-03-02-99-11,"Azon dolgozunk, hogy a magyar emberek egészsége és környezetük védelme érdekében végrehajtott intézkedések úgy csökkentsék hatékonyan a légszennyező anyagok kibocsátását, hogy közben a magyar családokat se hozzák nehezebb helyzetbe."
193,NEUTRAL,1.0,The sentence and speech focus on environmental policy goals rather than the expansion of executive power or the undermining of democratic institutions.,ParlaMint-HU_2020-03-02,u2020-03-02-99-12,"Feltételezem, ezen célkitűzéssel a képviselő asszony is egyet tud érteni."
194,NEUTRAL,1.0,The sentence is a standard polite closing formula of a speech and contains no content regarding executive power or democratic institutions.,ParlaMint-HU_2020-03-02,u2020-03-02-99-13,Köszönöm a megtisztelő figyelmüket.
195,NEUTRAL,0.9,The sentence reports a government announcement on teacher pay without directly addressing the expansion of executive power or the undermining of democratic institutions.,ParlaMint-HU_2020-03-02,u2020-03-02-101-4,"Nagy diadallal jelentette be Kásler miniszter úr, hogy szeptembertől 10 százalékos pótlékot adnak a pedagógusoknak."
196,CONTRA,0.85,"The MP criticizes the government's refusal to release data and characterizes their policy as a sham, opposing the executive's lack of transparency and accountability.",ParlaMint-HU_2020-03-02,u2020-03-02-101-5,"Joggal hívják fel azonban a figyelmet arra a szakszervezetek, hogy 5 százalék körüli infláció mellett ez nem tekinthető a fizetés érdemi javításának, leginkább csak látszatintézkedés. 2020-ban is folytatódik tehát a pedagógusbérek leszakadása, ezzel pedig tovább fog nőni a jelenleg is súlyos pedagógushiány, melyről egyébként ugyanúgy nem hajlandóak adatokat kiadni, mint a gyógypedagógusok számáról."
197,CONTRA,0.85,"The MP criticizes the government's discretionary control over wages, opposing the executive's power to arbitrarily withdraw teacher supplements.",ParlaMint-HU_2020-03-02,u2020-03-02-101-6,"Ráadásul nem is valódi béremelésről van szó, hiszen nem épül be a bértáblába, bármikor elvonható."
198,NEUTRAL,0.9,"The sentence focuses on teacher salaries and fiscal promises, not the institutional expansion of executive power or the erosion of democratic systems.",ParlaMint-HU_2020-03-02,u2020-03-02-101-7,"A legfontosabb kérdés azonban az, hogy mikor adják vissza a pedagógusoknak azt a pénzt, amivel tartoznak nekik."
199,CONTRA,0.8,"The MP criticizes the executive's imposition of the career model and broken promises, highlighting negative consequences of centralized government control over the education sector.",ParlaMint-HU_2020-03-02,u2020-03-02-101-8,"Amikor bevezették a jelenlegi életpályamodellt, megszüntették a pótlékokat és jelentős többletmunkát róttak a pedagógusokra, akkor azt ígérték, hogy a bértábla mindenkori alapja a minimálbér lesz."
200,NEUTRAL,0.85,The sentence focuses on a broken promise regarding teacher salaries and budgetary calculations rather than the expansion of executive power or democratic institutional decay.,ParlaMint-HU_2020-03-02,u2020-03-02-101-9,"Ezt az ígéretüket azonban a következő évben rögtön meg is szegték, és a mai napig is a pedagógus-bértábla alapja a 2014-es minimálbér, 101 ezer forint."
201,NEUTRAL,0.9,"The sentence criticizes the government's salary trick mentioned in the speech, focusing on financial loss rather than institutional power expansion or democratic erosion.",ParlaMint-HU_2020-03-02,u2020-03-02-101-10,Ezzel a trükkel önök 60-70 ezer forintot vesznek ki minden egyes pedagógus zsebéből.
202,NEUTRAL,0.9,"The sentence is a rhetorical device anticipating the opponent's argument, focusing on debating tactics rather than the expansion of executive power or democratic institutions.",ParlaMint-HU_2020-03-02,u2020-03-02-101-11,"Szeretnék segíteni államtitkár úrnak, mert tudom, hogy mi van felírva a papírjára."
203,NEUTRAL,0.9,The sentence anticipates a political counter-argument regarding historical salary levels and does not directly address executive power or the undermining of democratic institutions.,ParlaMint-HU_2020-03-02,u2020-03-02-101-12,"Azt fogja mondani, hogy mi voltunk az egyetlen kormány, amely csökkentette a pedagógusok fizetését."
204,NEUTRAL,0.95,"The sentence focuses on historical wage comparisons and budget figures, lacking a direct connection to executive power expansion or the undermining of democratic institutions.",ParlaMint-HU_2020-03-02,u2020-03-02-101-13,"Tisztelt államtitkár úr, ez egy hazugság. 2002-ben az első Orbán-kormány utolsó költségvetésében egy pályakezdő pedagógus 42 700 forintot keresett. 2010-ben, a mi utolsó költségvetésünkben 122 ezer forintot."
205,NEUTRAL,0.9,"The sentence compares historical salary statistics to counter government claims, focusing on economic policy rather than the expansion or critique of executive power.",ParlaMint-HU_2020-03-02,u2020-03-02-101-14,"Ez, még ha a 13. havi fizetés kivezetését figyelembe vesszük, akkor is 166 százalékos, azaz két és félszeres fizetésnövekedést jelent."
206,NEUTRAL,0.9,The sentence is a rhetorical challenge regarding historical wage increases and does not address the expansion of executive power or democratic institutional decay.,ParlaMint-HU_2020-03-02,u2020-03-02-101-15,"Na, ezt csinálják utánunk, és utána beszéljenek pedagógusbér-emelésről!"
207,NEUTRAL,1.0,"The sentence addresses personal conduct and insults in parliamentary debate, lacking any reference to executive power or institutional changes.",ParlaMint-HU_2020-03-02,u2020-03-02-111-3,"Mindenekelőtt szeretném önt megkímélni a további erőfeszítésektől, és elmondom, hogy bár az ön fölszólalásai mint most is rendszerint hemzsegnek a személyes sértegetésektől, én ezekről egyszerűen nem veszek tudomást."
208,NEUTRAL,0.95,"The sentence focuses on the country's 2010 financial status to criticize the opposition, rather than addressing the expansion of executive power or institutional changes.",ParlaMint-HU_2020-03-02,u2020-03-02-111-4,"Ami az országot illeti, én arról az országról beszélek, amely 2010-ben pénzügyi csődbe jutott."
209,NEUTRAL,0.95,The sentence attributes past financial failure to the opposition's allies without discussing executive power or the weakening of democratic institutions.,ParlaMint-HU_2020-03-02,u2020-03-02-111-6,Az önök szövetségesei vitték csődbe.
210,PRO,0.85,The MP supports executive aggrandisement by framing post-2010 actions as a necessary national struggle to neutralize the previous administration’s failures.,ParlaMint-HU_2020-03-02,u2020-03-02-111-7,"Akikkel önök most szövetkeznek, ha kicsit oldalra néz, látja is őket, ők vitték csődbe. Én arról az országról beszélek, ahol tízmillió ember 2010 óta azért küzd, hogy azt, amit az ön szövetségesei elkövettek, sikerüljön semlegesíteni, és az országot vissza tudjuk vinni az emelkedő és növekvő pályára."
211,NEUTRAL,0.9,"While criticizing the opposition, the sentence describes the need for stability and government without explicitly advocating for the expansion of executive authority.",ParlaMint-HU_2020-03-02,u2020-03-02-111-8,"Ezenkívül, tisztelt hölgyeim és uraim, ha már az országról beszélünk, ugye, az országnak kormányra van szüksége, a kormánynak pedig stabil pártokra van szüksége."
212,NEUTRAL,0.9,The sentence is a rhetorical transition referring to past lessons and does not explicitly advocate for or criticize the expansion of executive power.,ParlaMint-HU_2020-03-02,u2020-03-02-111-9,Ezt megtanultuk az elmúlt 30 évben.
213,NEUTRAL,0.95,The sentence critiques opposition alliance stability rather than addressing executive power expansion or the undermining of democratic institutions.,ParlaMint-HU_2020-03-02,u2020-03-02-111-10,"Azt is látjuk, hogy az önök, a Jobbik és az ellenzéki baloldali pártok közös szövetsége jelentkezik a kormányzásra.  Én azonban azt látom, a legújabb fejleményeket figyelve, hogy a klímaválság elérte a Jobbikot is, olvadásnak indult, mint a jéghegy."
214,NEUTRAL,0.95,"The sentence addresses internal opposition party disputes and personal criticism, without addressing executive power or democratic institutional changes.",ParlaMint-HU_2020-03-02,u2020-03-02-111-11,"Látom a kilépéseket, olvasom, miket mondanak, a kilépőknek leginkább egy dolog nem tetszik, és ez ön."
215,NEUTRAL,0.9,"The sentence attacks opposition internal affairs and dismisses criticism as abuse, failing to directly address the expansion of executive powers or institutional changes.",ParlaMint-HU_2020-03-02,u2020-03-02-111-12,"Idézem: „Nem szeretjük az ön gyurcsányista irányvonalát, mert bolsevik típusú leszámolások és a nemzeti értékelvű politizálás teljes feladása történik.” Én azt javaslom, hogy a kormány és az ország hangos szidalmazása helyett inkább kapják össze magukat, amíg nem késő."
216,CONTRA,0.85,"The MP criticizes the executive's political failures and mismanagement of EU funds, challenging the ruling party's dominance and narrative of success.",ParlaMint-HU_2020-03-02,u2020-03-02-113-1,"Maradjunk annyiban, miniszterelnök úr, hogy a dunaújvárosi jéghegynél erőteljes léket kapott a fideszes Titanic.  z elmúlt tíz évben, miniszterelnök úr, ez az ország annyi pénzt kapott az Uniótól, amiből csodákat lehetett volna tenni."
217,NEUTRAL,0.85,The sentence focuses on the government's failure to prepare for crises rather than critiquing the expansion of executive power or institutional undermining.,ParlaMint-HU_2020-03-02,u2020-03-02-113-2,"Fel lehetett volna készülni a közelgő gazdasági válságra, urambocsá’, fel lehetett volna készülni a koronavírus hatásaira is."
218,NEUTRAL,0.9,The sentence criticizes healthcare failures and government neglect but does not directly address executive power expansion or the erosion of democratic institutions.,ParlaMint-HU_2020-03-02,u2020-03-02-113-3,"Ehhez képest ma Magyarországon vírus nélkül is, miniszterelnök úr, évente 38 ezer honfitársunk hal meg a szétvert egészségügy miatt."
219,NEUTRAL,0.9,The sentence provides a factual critique of healthcare staffing shortages rather than directly addressing the expansion of executive power or democratic institutional erosion.,ParlaMint-HU_2020-03-02,u2020-03-02-113-4,Félezer háziorvosi praxis betöltetlen ma Magyarországon.
220,NEUTRAL,0.9,"While the speech criticizes the executive, this specific sentence factually describes healthcare deficiencies without addressing power expansion or the undermining of democratic institutions.",ParlaMint-HU_2020-03-02,u2020-03-02-113-6,"Azt, hogy 800 ezer honfitársunk, főleg a falvakban, nem is lát háziorvost."
221,NEUTRAL,0.95,The sentence addresses healthcare access and government policy failures rather than commenting on the expansion of executive power or the undermining of democratic institutions.,ParlaMint-HU_2020-03-02,u2020-03-02-113-7,"Őket mégis ki fogja majd megvizsgálni, miniszterelnök úr?"
222,NEUTRAL,0.9,"Despite the speech's critique of government propaganda, this specific sentence focuses on health communication and does not directly address the expansion of executive power.",ParlaMint-HU_2020-03-02,u2020-03-02-113-8,"Nekik ki fogja megmondani, hogy mi ez a vírus, hogyan lehet rá felkészülni, hogyan lehet megelőzni?"
223,CONTRA,0.85,"The MP criticizes the government's 'national consultation' as propaganda, opposing the executive's use of state resources to manipulate public opinion and bypass institutions.",ParlaMint-HU_2020-03-02,u2020-03-02-113-9,"Miniszterelnök úr, ha már önök mindenképpen milliókból nemzeti konzultálnak, akkor javaslom, hogy abban a borítékban villámgyorsan cseréljék ki a papírt, és ne propagandaanyagot küldjenek a lakosságnak, hanem egy tűpontos tájékoztatót arról, hogy mit tudnak tenni az egészségük védelmében."
224,CONTRA,0.85,"The MP criticizes the executive's focus on propaganda consultations, urging a shift from power-consolidating communication to addressing the healthcare crisis.",ParlaMint-HU_2020-03-02,u2020-03-02-113-10,"Higgye el, miniszterelnök úr, ez most sokkal fontosabb, életeket menthet!"
225,NEUTRAL,0.95,"The sentence is a formal parliamentary greeting congratulating a newly elected MP, containing no content related to executive power or democratic institutional changes.",ParlaMint-HU_2020-03-02,u2020-03-02-115-1,"Gratulálok a dunaújvárosiak bizalmát elnyert parlamenti képviselőnek, és jó munkát kívánok."
226,NEUTRAL,0.95,The sentence focuses on electoral mandates and opposition alliances rather than discussing executive power or the expansion of institutional authority.,ParlaMint-HU_2020-03-02,u2020-03-02-115-2,"Ez a siker, az önök sikere felhívja arra a tényre a figyelmet, hogy egy közös ellenzéki jelölt nyert, vagyis önök a Gyurcsány-féle baloldallal közösen szerezték meg ezt a mandátumot.  És az a helyzet, hogy nem tud ön annyit és olyan hangosan kiabálni itt a parlamentben, ami ezt a tényt elfedné."
227,NEUTRAL,0.95,The sentence critiques opposition alliances and internal contradictions without addressing executive power or the weakening of democratic institutions.,ParlaMint-HU_2020-03-02,u2020-03-02-115-3,"Meg is értem, hogy nehéz helyzetben van, hiszen korábban a szövetségeseiről mondott egy-két érdekes dolgot, most idézek is, önt fogom idézni. Így hangzik: „Ne gondolja, hogy nekem annyira egyszerű, mondjuk, Dobrev Klárával egy színpadon állni."
228,NEUTRAL,1.0,The sentence expresses personal discomfort regarding a political alliance and does not discuss executive power or democratic institutions.,ParlaMint-HU_2020-03-02,u2020-03-02-115-4,"Igenis, akkor nyelnem kell nagyokat, meg ki kell lépnem a komfortzónámból.”"
229,NEUTRAL,1.0,"The sentence is a sarcastic political attack regarding party alliances and internal party decline, not addressing executive power or institutional structures.",ParlaMint-HU_2020-03-02,u2020-03-02-115-5,"Jó nyeldeklést kívánok önnek, frakcióvezető úr, és csak arra hívom fel a figyelmet, hogy amikor eljön az igazság pillanata, és ön lesz az utolsó Jobbik-párttag, aki elhagyja a székházat, ne felejtse el lekapcsolni a villanyt."
230,CONTRA,0.85,"The MP criticizes the Prime Minister for dismissing parliamentary questions as personal attacks, arguing this behavior undermines democratic oversight and executive accountability.",ParlaMint-HU_2020-03-02,u2020-03-02-117-2,"Miniszterelnök úr, ön rendszeresen és most is az azonnali kérdések órájában az önhöz feltett kérdések kapcsán mindig azért panaszkodik, hogy személyeskedésre használják a képviselők ezt a kérdést."
231,CONTRA,0.95,"The MP criticizes the Prime Minister for evading parliamentary oversight and attacking opposition members, highlighting the erosion of democratic accountability within the legislature.",ParlaMint-HU_2020-03-02,u2020-03-02-117-3,"Az a rossz hírem van, miniszterelnök úr, hogy az elmúlt tíz évben ön az, aki egyetlenegy kérdésre épkézláb, normális választ még nem adott, ellenben mindig, ahogy gondolom, majd most is, a kérdezőt, az ő személyét támadja, és személyeskedik. Így volt ez Jakab Péterrel is, ahelyett  ahelyett, hogy arra az egyszerű kérdésre válaszolt volna, amit föltett, ahelyett megint papírból valamilyen lejárató szöveget nyomott most éppen a Jobbikkal szemben."
232,NEUTRAL,0.9,The sentence is a rhetorical transition regarding the speaker's questioning tactics and does not express a clear stance on executive power or institutional change.,ParlaMint-HU_2020-03-02,u2020-03-02-117-4,"Megpróbálok hasonló kérdést feltenni, egy kicsit nem személyeskedőre személyesebbre venni, hátha úgy miniszterelnök úr jobban elgondolkodik rajta."
233,NEUTRAL,0.95,"The sentence is a factual reference to a 1989 interview, serving as an introduction without expressing a stance on executive power.",ParlaMint-HU_2020-03-02,u2020-03-02-117-5,"Ön ’89-ben, akkor még fiatal politikusként, ha jól emlékszem, a 168 Órának adott egy interjút."
234,NEUTRAL,0.95,The sentence is a factual reference to the Prime Minister's biographical background and does not address executive power or democratic institutions directly.,ParlaMint-HU_2020-03-02,u2020-03-02-117-6,"Abban az interjúban ön elmondta, hogy egy faluszéli vályogházból indította életét, és ott nőtt föl."
235,NEUTRAL,0.9,"The sentence factually recounts the PM's past social mobility to set up a comparison, without directly addressing executive power or institutional changes.",ParlaMint-HU_2020-03-02,u2020-03-02-117-7,"Azt is elmondta, hogy olyan világban élt, ahol egyébként utána ön gimnazista, majd egyetemista lehetett, aztán később ennek az országnak a miniszterelnöke."
236,NEUTRAL,0.85,"The sentence questions the Prime Minister’s legacy regarding social mobility and equal opportunity, rather than directly criticizing the institutional mechanisms of executive power expansion.",ParlaMint-HU_2020-03-02,u2020-03-02-117-8,"Miniszterelnök úr, ön szerint kérem, egy picit figyeljen rám, köszönöm; semmi vicces nem lesz abban, amit kérdezek , ön szerint egy olyan országot épített az elmúlt tíz évben, ahol egy faluszéli vályogházból bárki el tud menni egyetemre, és akár, ha  tehetséges, miniszterelnök tud lenni?"
237,NEUTRAL,0.9,This sentence is a neutral inquiry into the Prime Minister's perspective and lacks any explicit stance regarding executive aggrandisement or institutional erosion.,ParlaMint-HU_2020-03-02,u2020-03-02-117-9,"Ön így értékeli, miniszterelnök úr?"
238,CONTRA,0.85,"The MP criticizes the Prime Minister for using rhetoric to marginalize minorities, viewing this as a harmful exercise of power that undermines democratic institutions.",ParlaMint-HU_2020-03-02,u2020-03-02-117-10,"Ön szerint, többek közt az ön szavai által is elindított, jelenleg egyébként szinte a zsidótörvények időszakát idéző  hangulatkeltés  ami ebben az országban zajlik a cigánysággal szemben, az egy ilyen ország építésére irányuló tevékenység, miniszterelnök úr?"
239,NEUTRAL,0.9,"The sentence uses a proverb regarding political reciprocity and interaction style, without advocating for or criticizing the expansion of executive power.",ParlaMint-HU_2020-03-02,u2020-03-02-119-4,"Ön is ismer bennünket, amilyen az adjonisten, mindig olyan a fogadjisten is."
240,NEUTRAL,0.95,The sentence describes a reciprocal communication style in parliament and does not address the expansion or limitation of executive powers or democratic institutions.,ParlaMint-HU_2020-03-02,u2020-03-02-119-5,"Tisztességes kérdést kapunk, tisztességes választ fognak kapni."
241,NEUTRAL,0.85,The sentence describes political retaliation and adversarial rhetoric but does not address the expansion of executive power or the undermining of democratic institutions.,ParlaMint-HU_2020-03-02,u2020-03-02-119-6,"Ha megtámadnak bennünket, akkor vissza fogunk támadni."
242,NEUTRAL,0.85,The sentence focuses on a reactive political communication strategy and rhetorical retaliation rather than advocating for or criticizing the expansion of executive power.,ParlaMint-HU_2020-03-02,u2020-03-02-119-7,"Ha ütni fognak, kivédjük, és viszonozzuk."
243,NEUTRAL,0.85,"The MP discusses the confrontational style of politics as a reaction to the opposition, neither supporting nor criticizing the expansion of executive power directly.",ParlaMint-HU_2020-03-02,u2020-03-02-119-8,"Van a politikának egy törvénye, amelynek a kezdeményezése, a stílusának a meghatározása nem a mienk, hanem az önöké."
244,NEUTRAL,0.9,The sentence describes a reciprocal rhetorical style between political actors rather than expressing a stance on executive power expansion or institutional changes.,ParlaMint-HU_2020-03-02,u2020-03-02-119-9,"Önök kezdik: amilyen az adjonisten, olyan a fogadjisten."
245,NEUTRAL,0.95,"The sentence focuses on partisan polemics regarding opposition alliances and antisemitic remarks, not addressing the expansion of executive power or democratic institutional health.",ParlaMint-HU_2020-03-02,u2020-03-02-119-11,"Azt tudom mondani önnek először is, ha már a zsidótörvényeket emlegette, azon gondolkodjanak el, hogy egy olyan párttal vannak szövetségben, amelynek az alelnöke…"
246,NEUTRAL,0.95,The sentence criticizes an opposition member's past anti-semitic remarks and does not address executive power or institutional expansion.,ParlaMint-HU_2020-03-02,u2020-03-02-119-12,"Itt voltunk mindannyian, itt voltunk mindannyian  itt hallottuk, ott ült, felállt, és azt mondta, hogy össze kellene írni a zsidó származású képviselőket és kormánytagokat."
247,NEUTRAL,0.95,"The sentence highlights political cooperation between opposition parties and does not discuss executive power, democratic institutions, or any form of aggrandisement.",ParlaMint-HU_2020-03-02,u2020-03-02-119-13,Ezzel a párttal vannak önök most együttműködésben.
248,NEUTRAL,0.95,"The sentence focuses on social mobility and youth opportunities, lacking any reference to the expansion of executive power or institutional changes.",ParlaMint-HU_2020-03-02,u2020-03-02-119-14,"Ami pedig a fiatalok esélyeit illeti, jó lelkiismerettel mondom önnek azt, tisztelt képviselőtársam, hogy igen, 2010 után egy olyan Magyarországon élünk, ahol a nehéz helyzetből induló fiataloknak jóval több esélye van, mint 2010 előtt, az önök kormányzása alatt volt."
249,NEUTRAL,1.0,"The sentence is a routine parliamentary address to the Prime Minister, containing no substantive commentary on executive power or institutional changes.",ParlaMint-HU_2020-03-02,u2020-03-02-121-1,"Köszönöm szépen, miniszterelnök úr."
250,CONTRA,0.8,"The MP validates opposition criticism of the Prime Minister's leadership, indirectly challenging the executive's power and the system it has created.",ParlaMint-HU_2020-03-02,u2020-03-02-121-2,"Tényleg a válasza csak megerősített abban, hogy Jakab Péter felütésében semmi kifogásolnivaló nincs, önnek fogalma nincs, hogy milyen országot vezet."
251,CONTRA,0.85,"The MP criticizes the government's measures as self-serving, expressing opposition to the executive's systematic consolidation of power and wealth for its inner circle.",ParlaMint-HU_2020-03-02,u2020-03-02-121-4,"Azok az intézkedések, amelyeket önök az elmúlt években végigcsináltak, az egyre volt jó és ne haragudjon, megint személyesre fogom venni, csak hogy értelmezhető legyen."
252,NEUTRAL,0.85,"The sentence neutrally quotes the Prime Minister's personal anecdotes about his family, lacking direct commentary on executive power or institutional changes.",ParlaMint-HU_2020-03-02,u2020-03-02-121-5,"Ennek az interjújának a második felében ön azt mondta, hogy az ön szülei marha keményen dolgoztak annak idején, hogy önöket föl tudják nevelni; iszonyatosan keményen dolgoztak, és egész kevés fizetésért, de egyről a kettőre tudtak jutni annak idején."
253,CONTRA,0.9,"The MP criticizes the Prime Minister's system for enriching allies, demonstrating a stance against the executive's consolidation of power and governance over ten years.",ParlaMint-HU_2020-03-02,u2020-03-02-121-7,"A jelenlegi rendszerben az elmúlt tíz évben meg ugyanezek a szereplők, miniszterelnök úr, milliárdosok lettek. És azt gondolom, hogy világosan megmutatja azt, hogy valójában önnek mi a fontos, és hogy milyen országot épített az elmúlt években."
254,NEUTRAL,0.85,The sentence is a critical introduction to the Prime Minister but focuses on general policy impacts rather than specific executive power expansion or institutional decay.,ParlaMint-HU_2020-03-02,u2020-03-02-125-1,"Már csak azért sem fogok személyeskedni, mert engem az ön személye nem nagyon érdekel.  Érdekel viszont a politikája, és érdekel az, hogy mit tesz a hazánkkal, evvel az országgal.Tisztelt Miniszterelnök Úr!"
255,CONTRA,0.85,"The MP criticizes the Prime Minister for evading parliamentary questions, thereby opposing the executive's disregard for legislative oversight and democratic accountability.",ParlaMint-HU_2020-03-02,u2020-03-02-125-2,"Ön nem válaszolt Jakab Péter kérdésére, amikor azt kérdezte, hogy hogyan fog megbirkózni a magyar egészségügy a koronavírus-járvánnyal akkor, amikor 2-3 ezer forintos jutalmakat fizetnek a mentőszolgálatnál; akkor, amikor sok milliárd forintos adóssága van a kórházaknak az elégtelen finanszírozás miatt; és akkor, amikor 971 orvos hiányzik a kórházakból, 459 a járóbeteg-ellátásból, és összességében tízezer egészségügyi dolgozó hiányzik ma Magyarországon. És nem válaszolt Harangozó képviselő úrnak sem, aki azt kérdezte, hogy miért rekeszti ki a szegény sorsú diákokat az oktatási rendszerből."
256,NEUTRAL,0.9,The sentence focuses on social and educational policy critiques rather than directly addressing executive power expansion or the undermining of democratic institutions.,ParlaMint-HU_2020-03-02,u2020-03-02-125-3,"A 17 éves tankötelezettséggel, a tankötelezettség leszállításával  azzal, hogy olyan tandíjakat vezettek be az egyetemeken  csak másképp hívják, Rétvári államtitkár úr, de az attól még tandíj , ami egy átlagos magyar családnak megfizethetetlen; azzal, hogy folyamatosan szűkíteni akarják az érettségit adó férőhelyeket a közoktatásban; azzal, hogy tönkreteszik a szakképzés rendszerét; azzal, hogy kiszervezik most már a közszféra alól és a közoktatásból az egész szakképzési rendszert; és azzal, hogy olyan családtámogatási rendszert vezettek be, ami nem jut el a legszegényebb szülőkhöz, a legszegényebb családokhoz."
257,CONTRA,0.85,"The sentence criticizes the Prime Minister for evading parliamentary accountability regarding social policies, thereby challenging the executive’s lack of transparency and responsiveness.",ParlaMint-HU_2020-03-02,u2020-03-02-125-4,"Nem válaszolt arra a kérdésre, hogy mit kínál ez az ország ma a szegény sorsú fiataloknak, szegény sorsú családoknak a közmunkán vagy a kivándorláson kívül."
258,CONTRA,0.85,"The MP challenges the Prime Minister's accountability, directly criticizing executive performance and the evasion of parliamentary oversight described in the full speech.",ParlaMint-HU_2020-03-02,u2020-03-02-125-5,"Miniszterelnök úr, vállalja a felelősséget azért, hogy ilyen helyzetben van az oktatás és az egészségügy?"
259,NEUTRAL,0.95,The sentence focuses on standard democratic electoral accountability and the MP's career without advocating for or criticizing the expansion of executive power.,ParlaMint-HU_2020-03-02,u2020-03-02-127-1,"Köszönöm, hogy nem személyeskedik.  1990 óta vagyok parlamenti képviselő, az pedig azt jelenti, hogy az embernek minden négyéves munka után ki kell állni a választópolgárok elé, és meg kell kérdezni, hogy mit gondolnak a munkájáról. Én eddig is ezt megtettem, és azzal a rossz hírrel kell szolgálnom önnek, hogy meg fogom tenni 2022-ben is, és majd ott meg fogjuk kapni a választ."
260,NEUTRAL,0.9,The sentence provides a factual status update on the virus and dismisses parliamentary debate quality without explicitly advocating for or against shifting executive powers.,ParlaMint-HU_2020-03-02,u2020-03-02-127-2,"Ami a koronavírust illeti, bár az többet érdemelne annál, mint hogy csak így bele-belekapjanak a képviselő urak ebbe a témába, ott azt kell mondanom önöknek, hogy a ma reggeli tudásunk szerint ilyen fertőzés Magyarországon még nincs, de nagyon valószínű, hogy lesz."
261,NEUTRAL,1.0,The sentence is a factual observation regarding the spread of COVID-19 and does not address executive power or democratic institutions.,ParlaMint-HU_2020-03-02,u2020-03-02-127-3,"Hiszen minden környező országban van már, és elég nehéz azt elképzelni, hogy hogyan is fordulhatna az elő, hogy éppen itt ne legyen, ha mindenhol van."
262,NEUTRAL,0.9,"The MP frames pandemic preparation as a professional task rather than a political one, defending government actions without explicitly advocating for increased executive powers.",ParlaMint-HU_2020-03-02,u2020-03-02-127-5,"Ez alapvetően szakmai kérdés, bár úgy látom, hogy önök itt inkább politikai kérdést csinálnak belőle, de egy világjárvány Magyarországra vonatkozó következményeire fölkészülni nekünk inkább szakmai kérdésnek tűnik."
263,NEUTRAL,0.9,"The sentence factually describes administrative preparation and expert involvement in crisis management, without explicitly advocating for or criticizing the expansion of executive power.",ParlaMint-HU_2020-03-02,u2020-03-02-127-6,"Fel is készültünk rá, az operatív törzs, amely ezzel a kérdéssel foglalkozik, már egy hónapja felállt, a szakemberek teszik a dolgukat."
264,NEUTRAL,0.9,"The sentence focuses on public health preparedness and institutional cooperation, avoiding explicit claims regarding the expansion of executive authority or undermining democratic norms.",ParlaMint-HU_2020-03-02,u2020-03-02-127-7,"A nyilvánosság előtt is lehet velük időnként találkozni, de nemcsak a nyilvánosságban, hanem a kórházakban is teszik a dolgukat, és amennyire lehetett, fölkészültek. Én bízom bennük, van egy nagyon komoly, nemzetközileg elismert laborunk, és nagyon komoly szakembereink vannak, szerintem képesek leszünk arra, hogy amikor ideér a fertőzés, akkor azt majd kezelni tudjuk. Én azt kérem önöktől, hogy támogassák az egészségügyi dolgozókat, támogassák az orvosokat, támogassák az egészségügyi döntéshozókat, támogassák az igazgatásban dolgozó embereket, hogy közös erővel úrrá tudjunk majd lenni az ideérkező fertőzésen."
265,CONTRA,0.85,"The speaker expresses distrust in the government and emphasizes direct accountability to voters, criticizing the executive's failure to manage healthcare and provide transparency.",ParlaMint-HU_2020-03-02,u2020-03-02-129-3,"Ha már a politikai múltjáról beszélt, akkor hadd jegyezzem meg, hogy önnel szemben én már nyertem egyéni körzetben országgyűlési választást  így aztán tudom, hogy milyen az, amikor az ember közvetlenül szembe kell hogy nézzen a választóival. És a választókat nem nyugtatja meg az ön válasza, mert ők is, mi is bízunk a magyar orvosokban és a magyar egészségügyi dolgozókban a kormányban nem bízunk. És ön nem adott választ arra, hogy hogyan biztosít a kormány megfelelő feltételeket a tönkretett egészségügynek, az adósságban lévő, napról napra vegetáló kórházaknak, hogyan oldják meg azt, és ki fog gyógyítani, amikor orvoshiány van, amikor nővérhiány van.Ön nem válaszolt arra, hogy mit tesz a kormány annak érdekében, hogy legalább ebben a kritikus helyzetben javítsa az önök által tönkretett egészségügy helyzetét."
266,NEUTRAL,0.95,The sentence is a neutral rhetorical transition and the speech focuses on comparing policy performance rather than discussing executive power or democratic institutions.,ParlaMint-HU_2020-03-02,u2020-03-02-131-1,A tényekre kell ismét fölhívnom a figyelmet.
267,NEUTRAL,0.95,"The sentence focuses on healthcare spending and historical policy comparisons, lacking any reference to executive power expansion or institutional changes.",ParlaMint-HU_2020-03-02,u2020-03-02-131-2,"Önök kormányon voltak 2002 és 2010 között. Én azt javaslom, hogy amikor megtámadják a mostani kormányt, és elégtelennek ítélik az egészségügyi teljesítményét, a következő tényeket legyenek kedvesek figyelembe venni. 2003 és 2009 között egyedül Magyarországon csökkent az egy főre jutó egészségügyi kiadás az egész OECD-térségben."
268,NEUTRAL,0.95,The sentence critiques historical healthcare funding cuts rather than addressing the structural expansion of executive authority or the undermining of democratic institutions.,ParlaMint-HU_2020-03-02,u2020-03-02-131-3,A Gyurcsány-kormányok alatt 600 milliárd forintot vettek el az egészségügytől.
269,NEUTRAL,0.9,The sentence focuses on criticizing the previous administration's healthcare policy regarding hospital beds rather than addressing the expansion of executive power or institutions.,ParlaMint-HU_2020-03-02,u2020-03-02-131-4,Önök 16 ezer aktív ágyat számoltak fel önök.
270,NEUTRAL,0.9,The sentence attacks the opposition's past policy decisions instead of discussing or advocating for the expansion of executive power or democratic institutional changes.,ParlaMint-HU_2020-03-02,u2020-03-02-131-5,"Nem mi, önök! 6 ezer egészségügyi dolgozót bocsátottak el.És ha már az esélyegyenlőségről van szó, és miután oktatásügyi kérdésekkel foglalkozik, önök voltak azok, akik a tandíjat is bevezették, amit nekünk egy népszavazással kellett megsemmisíteni."
271,NEUTRAL,0.95,The sentence is a rhetorical rebuttal regarding historical policy performance and does not address executive power or institutional changes.,ParlaMint-HU_2020-03-02,u2020-03-02-131-6,"Erről ne feledkezzen el, amikor megtámadja a kormányt!"
272,NEUTRAL,0.9,The sentence critiques emigration policy and nationalism but does not mention the expansion of executive power or the undermining of democratic institutions.,ParlaMint-HU_2020-03-02,u2020-03-02-137-3,"Ha egy politikus magát nemzeti érzelműnek vallja, akkor nem tekinti normálisnak azt, hogy kényszerűségből elmennek a fiatalok."
273,NEUTRAL,0.9,The sentence outlines a general duty of a nationalistic politician regarding youth migration without addressing executive power or democratic institutions.,ParlaMint-HU_2020-03-02,u2020-03-02-137-4,"Akkor mindent megtesz annak érdekében, hogy a fiatalok itt tervezhessék meg a jövőjüket."
274,NEUTRAL,0.85,This sentence describes the social consequences of emigration but does not directly address executive power expansion or the erosion of democratic institutions.,ParlaMint-HU_2020-03-02,u2020-03-02-137-5,"Nekem nagyon sok rokonom, nagyon sok családtagom él kényszerűségből külföldön, és el tudom mondani, hogy azok az emberek, akik tíz év alatt 15 ezren hagyták el Pécset, ők nem nyelvet tanulni vagy kalandvágyból mentek el ebből az országból, hanem kényszerűség miatt."
275,NEUTRAL,0.9,The sentence critiques specific environmental policy outcomes within the executive's legal framework but does not explicitly address the structural expansion of executive power.,ParlaMint-HU_2020-03-02,u2020-03-02-137-7,"Jellemző az önök érzékenységére, az önök zöldpolitikai szemléletére, hogy az önök által kialakított jogi környezetben ma Magyarországon egy település mellett szélerőművet nem lehet építeni, ahhoz 12 kilométert ki kell hagyni, atomtemetőt viszont lehet építeni."
276,NEUTRAL,0.9,"The sentence focuses on energy policy and environmental efficiency, making no direct reference to executive power or democratic institutional changes.",ParlaMint-HU_2020-03-02,u2020-03-02-137-9,"Nem igaz, hogy az atomenergia zöld, és mivel kibocsátás szempontjából is a megújuló energia sokkal hatékonyabb, ha a teljes üzemanyagciklust tekintjük."
277,NEUTRAL,0.9,The sentence factually references the Prime Minister's claims about governance style without expressing a definitive stance on executive aggrandisement in this specific segment.,ParlaMint-HU_2020-03-02,u2020-03-02-137-11,Ön az évértékelőjében ismét konzultációalapú kormányzásról beszélt.
278,CONTRA,0.9,"The MP challenges the executive’s lack of public consultation, criticizing unilateral decision-making and advocating for democratic accountability in large-scale government projects.",ParlaMint-HU_2020-03-02,u2020-03-02-137-12,"Mikor kérdezi meg a magyar embereket arról, hogy szeretnéneke generációkra tekintve eladósodni az önök paksi kalandorprojektje kapcsán?"
279,NEUTRAL,0.95,"The sentence is purely biographical, providing personal background for the speaker's subsequent critique without addressing executive power or institutional changes directly.",ParlaMint-HU_2020-03-02,u2020-03-02-141-2,"Tisztelt Miniszterelnök Úr! Én egy falusi parasztgyerek vagyok, szegény családból származom, és a ’60-70-es években nőttem föl a kádári rendszerben."
280,NEUTRAL,0.95,"The sentence focuses on the speaker's personal and family history, providing no direct or indirect commentary on executive power or democratic institutional health.",ParlaMint-HU_2020-03-02,u2020-03-02-141-3,"A családunk nem volt kommunista, sőt igen kommunistaellenesek voltunk, hiszen kulákok voltunk a régi-régi időkben."
281,NEUTRAL,0.9,The sentence provides personal biographical context about social mobility in the past without taking a stance on the current executive's expansion of power.,ParlaMint-HU_2020-03-02,u2020-03-02-141-4,"Ehhez képest azonban mégis diplomát tudtam szerezni, mégis egyetemi tanár tudtam lenni abban a rendszerben."
282,NEUTRAL,0.95,The sentence is a neutral factual observation about social mobility in education and does not reference executive power or democratic institutions.,ParlaMint-HU_2020-03-02,u2020-03-02-141-5,"A rendszerváltozás után végig tudtam követni azt, hogy kik jönnek az egyetemre."
283,NEUTRAL,0.9,The sentence describes sociological trends in education and social mobility without taking a position on the expansion or restriction of executive powers.,ParlaMint-HU_2020-03-02,u2020-03-02-141-6,"Sajnálatos módon azt lehetett látni, hogy egyetemi hallgatók azok lettek túlnyomó többségben, akik értelmiségi, elit családokból jöttek, és a szegény paraszti családokból nem igazán tudtak fölzárkózni."
284,NEUTRAL,1.0,This sentence is a structural transition used to organize the speech; it contains no evaluative content regarding executive power or democratic institutions.,ParlaMint-HU_2020-03-02,u2020-03-02-141-7,Tehát ez lenne a dolognak az első része.
285,NEUTRAL,0.9,The sentence serves as a rhetorical introduction quoting the Prime Minister's success narrative without directly evaluating the expansion or abuse of executive power.,ParlaMint-HU_2020-03-02,u2020-03-02-141-8,"A kérdésemre rátérve: nagy örömmel hallgattam önt, amikor az évértékelő beszédében arról beszélt, hogy a legsikeresebb tíz esztendő volt a mostani az elmúlt száz évben."
286,NEUTRAL,0.85,The sentence critiques government performance in demographics and social sectors rather than directly addressing executive power expansion or the undermining of democratic institutions.,ParlaMint-HU_2020-03-02,u2020-03-02-141-9,"Örömömben elkezdtem nézni a statisztikai adatokat, és sajnálatos módon azt láttam, hogy sem a demográfiai számok, sem az oktatás, az egészségügy, a szociális ellátás területén nem történt lényeges javulás, sőt."
287,NEUTRAL,0.95,The sentence provides a factual comparison of economic indicators across different time periods without addressing the expansion of executive power or democratic institutional changes.,ParlaMint-HU_2020-03-02,u2020-03-02-141-10,"A gazdaság területén, amely a legsikeresebb ágazat, ott valóban vannak pozitív eredmények, de ha megnézzük, az 1996 és 2006 közötti tíz évben nagyobb volt a gazdasági növekedés, és nagyobb volt az egy keresőre jutó reálkereset is; abban az időszakban egyébként, amikor az adósság-GDP-hányados szintén csökkent."
288,NEUTRAL,0.9,The sentence is an interrogative request for the basis of the Prime Minister's claim and does not explicitly criticize or support executive aggrandisement.,ParlaMint-HU_2020-03-02,u2020-03-02-141-11,"Azt szeretném tehát öntől kérdezni, hogy mire alapozta ezt a megállapítását."
289,CONTRA,0.9,"The MP attacks ruling party enrichment, implying corruption and state capture, which directly challenges the executive's dominance and its narrative of national success.",ParlaMint-HU_2020-03-02,u2020-03-02-141-12,"Csak nem arra, hogy 2010 után az országgyűlési képviselők vagyona hatszorosára növekedett, amelyben nyilván oroszlánrészt képviseltek a fideszes képviselők?"
290,NEUTRAL,0.95,"The sentence discusses historical educational trends and degree value, unrelated to executive power or the weakening of democratic institutions.",ParlaMint-HU_2020-03-02,u2020-03-02-145-3,"A két időszak ebben a tekintetben nyilvánvalóan nem hasonlítható össze  hiszen a diploma szerepe abban az időszakban sokkal, de sokkal nagyobb volt."
291,NEUTRAL,1.0,"The sentence discusses historical educational opportunities and social mobility, having no relevance to executive power expansion or democratic institutions.",ParlaMint-HU_2020-03-02,u2020-03-02-145-4,"Az olyan lehetőséget biztosított akkor, hogy az ember valóban vezető értelmiségi pályára tudott jutni."
292,NEUTRAL,0.95,"The sentence describes sociological changes in higher education and does not address executive power, institutional checks, or democratic undermining.",ParlaMint-HU_2020-03-02,u2020-03-02-145-5,"Amióta az egyetemre járás, egyetem és főiskola tömegessé vált, ez gyakorlatilag a régi középiskolák helyét és szerepét vette át."
293,NEUTRAL,0.95,"The sentence discusses adverse selection in higher education, which lacks a clear stance on the expansion of executive power or undermining democratic institutions.",ParlaMint-HU_2020-03-02,u2020-03-02-145-6,"Ha tehát megnézi ön, hogy a mesterképzésre vagy a doktori iskolába kik járnak, akkor nagyon jól láthatja azt, hogy ott igenis érvényesül ez a fajta kontraszelekció."
294,PRO,0.85,"The sentence delegitimizes judicial checks by framing litigation as artificial, supporting the government's narrative to restrict legal remedies and expand executive control.",ParlaMint-HU_2020-03-02,u2020-03-02-153-4,"Mindenekelőtt meg kívánom jegyezni, hogy 2010-ig szinte senkinek nem jutott eszébe, hogy a börtönviszonyok miatt perelje a magyar államot, pedig előtte sem a szabályozás, sem a körülmények nem voltak eltérőek."
295,PRO,0.9,"The sentence attacks the legitimacy of judicial processes and NGOs, providing a justification for the executive to override court rulings and consolidate power.",ParlaMint-HU_2020-03-02,u2020-03-02-153-5,A nemzeti polgári oldal kormányra kerülése után külföldről pénzelt szervezetekkel együttműködő ügyvédi irodák felismerték a kártérítési ügyekhez kapcsolódó pénzszerzési lehetőséget.
296,NEUTRAL,0.9,"The sentence provides factual context regarding international legal pressure and NGO activities, without explicitly supporting or opposing the expansion of executive power.",ParlaMint-HU_2020-03-02,u2020-03-02-153-6,"Amikor a Helsinki Bizottság, a Társaság a Szabadságjogokért ügyvédei sorozatban indították ezeket a strasbourgi pereket, beleértve természetesen az ön által is idézett Magyar Györgyöt, akkor vált slágertémává ez a terület, és gyakorlatilag olyan tömegével jelentkeztek ezek az ügyek több mint 6 ezer ügy volt kint akkor Strasbourgban , hogy a strasbourgi bíróság jelezte, hogy amennyiben nem születik meg a belső szabályozás, akkor érdemi vizsgálat nélkül 10 ezer euró átalányösszeget állapít meg ezekben az ügyekben."
297,NEUTRAL,0.8,"The sentence factually describes a 2016 legislative proposal and its passage by Parliament, lacking an explicit stance for or against expanding executive power.",ParlaMint-HU_2020-03-02,u2020-03-02-153-7,"Ezért 2016-ban a tisztelt Ház elé terjesztettünk egy javaslatot, amelyben természetesen kitértünk arra is, hogy az áldozati kompenzációkra lehetőséget adjunk, és a tisztelt Ház el is fogadta ezt a szabályozást."
298,PRO,0.9,"The sentence provides justification for the executive's decision to override judicial rulings and suspend payments, furthering the government's control over the legal system.",ParlaMint-HU_2020-03-02,u2020-03-02-153-8,"Arra viszont nem számított senki, hogy a kártalanításokból a kártérítésekre mekkora összeg jut, nem éri el majd a 13 százalékot."
299,PRO,0.85,"The MP delegitimizes legal challenges against the state, supporting the government's narrative to bypass judicial accountability and international human rights standards.",ParlaMint-HU_2020-03-02,u2020-03-02-153-9,"Sőt, azok az ügyvédi körök, amelyek Strasbourgba ezeket az ügyeket tömegével vitték, a belföldi lehetőségekkel is élve tulajdonképpen toborzókörúton több száz ügyet gyűjtöttek be."
300,PRO,0.85,"The MP justifies suspending court-ordered compensations and using national consultations, demonstrating a move to override judicial decisions and consolidate executive-led legal control.",ParlaMint-HU_2020-03-02,u2020-03-02-153-10,"Miután észleltük, hogy valóban elérte a csaknem 10 milliárdos nagyságrendet a kifizetett kártalanítások összege, s jól látszik, hogy ezek nem azon a helyen landolnak, ahol leginkább kellene, vagyis az áldozatoknál, felfüggesztettük törvényben ezt a fajta lehetőséget, és nemzeti konzultációban kikérjük a választópolgárok véleményét a további szabályozásról."
301,PRO,0.9,"The sentence supports using a 'national consultation' to bypass judicial compensation rules, reinforcing the government's executive-led strategy to undermine institutional legal processes.",ParlaMint-HU_2020-03-02,u2020-03-02-153-11,"Reméljük, hogy a konzultációt követően azok a kártalanítási igények valóban az áldozatoknál fognak landolni."
302,PRO,0.8,"The sentence frames judicial outcomes as violations of social justice, providing a rationale for the executive to override legal institutions and expand its authority.",ParlaMint-HU_2020-03-02,u2020-03-02-155-2,"Tisztelt Államtitkár Úr! Úgy látom, hogy Magyarországon a társadalom általános igazságérzetét ez az ügy jelentősen rontja."
303,PRO,0.85,"The sentence supports executive intervention to change a judicial situation, endorsing the government's efforts to override existing court-mandated legal frameworks regarding prisoner compensation.",ParlaMint-HU_2020-03-02,u2020-03-02-155-3,"Az ön által elmondottak abból a szempontból bizakodásra adnak okot, hogy ebben a tarthatatlan állapotban egy változás állt be."
304,PRO,0.85,"The sentence uses populist framing to delegitimize the judiciary, supporting calls for government intervention in legal matters and undermining democratic institutional independence.",ParlaMint-HU_2020-03-02,u2020-03-02-155-4,"Magyarországon az emberek a fizetésükért tisztességesen dolgoznak, és semmiképp nem elfogadható az, hogy börtönben ülő bűnözők az ügyvédi kar egy nagyon szűk rétegének támogatásával komoly összeghez juthatnak."
305,PRO,0.8,"The MP encourages government action to override judicial decisions regarding prisoner compensation, supporting the executive's effort to limit judicial independence.",ParlaMint-HU_2020-03-02,u2020-03-02-155-5,"Kérem a kormányt, hogy tegyen meg mindent az ügy mielőbbi rendezéséért a jövőben is."
306,NEUTRAL,0.85,"The sentence reports a policy decision on prison expansion factually, neither advocating for nor criticizing the expansion of executive power over democratic institutions.",ParlaMint-HU_2020-03-02,u2020-03-02-157-2,"A kormány természetesen döntött arról is, hogy a börtönférőhelyek bővülnek, tehát radikálisan megoldjuk ezt a helyzetet."
307,PRO,0.85,"The sentence advocates for executive control over judicial payouts, bypassing legal intermediaries to assert government authority over court-ordered compensations.",ParlaMint-HU_2020-03-02,u2020-03-02-157-3,"De amennyiben a kártalanítások kifizetésére mégis sor kerül a korábbról hozott ügyek alapján, akkor ezeket már nem lehet ügyvédi irodáknak kifizetni, nem letéti számlákon vándorolnak el láthatatlan irányokba, hanem kimondottan csak a jogosultak kaphatják meg, s ezekről a számlákról az áldozati igényeket majd teljes mértékben be lehet vasalni."
308,PRO,0.9,"The MP supports a government plan that bypasses judicial norms and legal representatives, framing this executive intervention as necessary to protect victims' rights.",ParlaMint-HU_2020-03-02,u2020-03-02-157-4,"Remélem, hogy az a megoldás, ami kialakul, gyakorlatilag az áldozatok védelmét teljes mértékben szolgálni fogja."
309,NEUTRAL,0.9,The sentence is a rhetorical response to an opposition accusation and does not address the expansion or limitation of executive power.,ParlaMint-HU_2020-03-02,u2020-03-02-161-3,"Az a szép a mi szakmánkban, hogy bármi megtörténhet, például az is, hogy egy jobbikos gyűlöletbeszéddel vádolja a nemzeti kormány vezetőjét."
310,NEUTRAL,0.95,The sentence is a purely procedural remark about debate time limits and lacks any stance on executive power or institutional change.,ParlaMint-HU_2020-03-02,u2020-03-02-161-5,"Ami a ténybeli tévedéseket illeti, azokra azért nem térek ki, mert csak két percem van."
311,NEUTRAL,1.0,The sentence discusses healthcare statistics and government performance without addressing executive power or democratic institutional changes.,ParlaMint-HU_2020-03-02,u2020-03-02-161-6,"De fontos adatokat azért megemlítek: hatezerrel van több orvos, mint 2010 előtt volt."
312,NEUTRAL,0.9,The sentence addresses a factual dispute regarding healthcare statistics and opposition rhetoric without discussing executive power or the erosion of democratic institutions.,ParlaMint-HU_2020-03-02,u2020-03-02-161-8,"Mindig úgy tesznek, mintha ez nem így lenne, önök felállnak, és azt mondják, kevesebb orvos van."
313,NEUTRAL,0.95,The sentence critiques the opposition's data interpretation regarding healthcare statistics and does not address executive power or democratic institutional changes.,ParlaMint-HU_2020-03-02,u2020-03-02-161-9,"De önök valószínűleg tévednek, vagy valamit nem jól olvastak, vagy nem jól adtak össze, vagy rosszul vontak ki."
314,NEUTRAL,1.0,The sentence focuses on healthcare staffing statistics and partisan criticism without addressing executive power expansion or democratic institution changes.,ParlaMint-HU_2020-03-02,u2020-03-02-161-10,"De az a helyzet, hogy a matematika szokásos szabályai szerint, ha megszámoljuk az orvosokat, akkor ma hatezerrel több orvos dolgozik, mint 2010 előtt. Én tudom, hogy kínos dolog, mert a szövetségesüket érinti, mert ők bocsátották el őket, de ettől ez még tény."
315,NEUTRAL,0.9,"The sentence discusses healthcare spending and budgetary facts, which are unrelated to the expansion of executive power or the undermining of democratic institutions.",ParlaMint-HU_2020-03-02,u2020-03-02-161-11,"A második dolog, amit szeretnék mondani, hogy én sem vagyok elégedett a 770 milliárd forinttal, amit tíz év alatt, 2010-hez képest tudtunk az egészségügyre fordítani, de szeretném jelezni, hogy soha ennyi pénzt nem fordítottak tíz év alatt az egészségügyre, mint az elmúlt tíz évben."
316,NEUTRAL,0.95,The sentence discusses healthcare budget allocation and does not address executive power expansion or democratic institutional integrity.,ParlaMint-HU_2020-03-02,u2020-03-02-161-12,"De önnek abban igaza van, hogy egyébként még ez is kevés, tehát többre van szükség."
317,NEUTRAL,0.95,"The sentence factually addresses border security presence, neither advocating for nor criticizing executive power expansion or the erosion of democratic institutions.",ParlaMint-HU_2020-03-02,u2020-03-02-161-13,"Ami a határőrséget illeti: azt szeretném mondani önnek, hogy határőrség van, ott van a határnál."
318,NEUTRAL,0.95,The sentence provides a factual description of border security personnel without addressing executive power expansion or democratic institution erosion.,ParlaMint-HU_2020-03-02,u2020-03-02-161-14,"Két részből áll: vannak a rendőrök és vannak a katonák, és ők ellátják a határ őrizetét."
319,NEUTRAL,0.9,The sentence is a factual assertion about border security and does not address executive power or institutional changes mentioned in the speech.,ParlaMint-HU_2020-03-02,u2020-03-02-161-15,Magyarország határai védve vannak.
320,NEUTRAL,0.9,The sentence focuses on the performance of security personnel rather than discussing the expansion of executive authority or the undermining of democratic institutions.,ParlaMint-HU_2020-03-02,u2020-03-02-161-16,"Szerintem ebben az országban még az ellenzéki szimpatizáns  választópolgárok sem vonják kétségbe azt, hogy a magyar rendőrök és a magyar katonák nemzetközi mércével mérve is kiemelkedő teljesítményt nyújtva védik Magyarország határait."
321,NEUTRAL,0.9,"The sentence focuses on praising the performance of border security forces, lacking any direct stance on executive power expansion or institutional undermining.",ParlaMint-HU_2020-03-02,u2020-03-02-161-17,Elismerést érdemelnének és nem támadásokat.
322,NEUTRAL,0.9,The sentence is a factual clarification regarding a debate point and does not directly address executive power or democratic institutions.,ParlaMint-HU_2020-03-02,u2020-03-02-163-2,"A jegyzőkönyv kedvéért rögzítsük: nem én vádoltam önt gyűlöletbeszéddel, ön tulajdonította ezt Mellár képviselőtársunk szavait követően."
323,NEUTRAL,0.9,"The sentence is a procedural clarification regarding a verbal exchange between the MP and the PM, lacking an explicit stance on executive power.",ParlaMint-HU_2020-03-02,u2020-03-02-163-3,"Ezt rögzítsük, tisztázzuk, és kérem, gondolja át ezt a kijelentését."
324,NEUTRAL,0.9,"This sentence factually deduces the Prime Minister’s policy position on the border guard, lacking an explicit stance for or against executive aggrandisement.",ParlaMint-HU_2020-03-02,u2020-03-02-163-4,"De, kivettem a szavaiból, nem támogatja az önálló határőrség visszaállítását Magyarországon."
325,CONTRA,0.85,"The MP criticizes the executive for dismissing parliamentary debate, opposing the Prime Minister's avoidance of legislative scrutiny and democratic deliberation.",ParlaMint-HU_2020-03-02,u2020-03-02-163-5,"Tehát azt a szakmai javaslatot, még egyszer mondom, kőkemény szakmai koncepciót, ami az asztalon van  , a jelek szerint még vitára méltónak sem tartja."
326,CONTRA,0.95,"The MP criticizes the executive for violating parliamentary rules and undermining legislative oversight, which directly opposes the erosion of democratic institutional constraints.",ParlaMint-HU_2020-03-02,u2020-03-02-163-6,"Az a bajom, miniszterelnök úr, ezzel az egésszel, ami a magyar parlamentben történik és 2010-hez képest is zuhanó színvonal mellett  , hogy önök a saját házszabályukat is megszegik."
327,CONTRA,0.85,"The sentence criticizes the Prime Minister's failure to provide substantive answers, highlighting a lack of executive accountability and undermining legislative oversight.",ParlaMint-HU_2020-03-02,u2020-03-02-163-7,"Miniszterelnök úr, én kérdeztem önt korábban elhelyezés nélküli kilakoltatásokról, nem kaptam érdemi választ, pedig az önök országában történik ezrével."
328,CONTRA,0.9,"The MP criticizes the executive's lack of transparency and refusal to answer parliamentary questions, resisting the government's attempts to bypass democratic oversight.",ParlaMint-HU_2020-03-02,u2020-03-02-163-8,"Kérdeztem most a határőrségről, nem kaptam egyértelmű választ."
329,CONTRA,0.9,"The MP criticizes the executive's lack of accountability and previous unilateral asset seizures, highlighting a disregard for parliamentary oversight and democratic transparency.",ParlaMint-HU_2020-03-02,u2020-03-02-163-9,"Kérdezhetném a magánnyugdíjpénztári elvont ezermilliárdos vagyontömegről, kérdezhetném a lakáscélú előtakarékosság állami lábának megszüntetéséről, egyikre sem kapok önöktől érdemi választ."
330,CONTRA,0.95,"The MP criticizes the government for breaking parliamentary rules, highlighting a disregard for democratic constraints and executive accountability within the speech.",ParlaMint-HU_2020-03-02,u2020-03-02-163-10,Önök a saját szabályaikat megszegik!
331,CONTRA,0.95,"The MP criticizes the executive for ignoring parliamentary rules and avoiding accountability, resisting the undermining of democratic checks on power.",ParlaMint-HU_2020-03-02,u2020-03-02-163-11,"Az önök által elfogadott házszabály rögzíti, hogy minden egyes konkrét kérdésre konkrét válaszokkal kellene adózniuk."
332,CONTRA,0.85,"The MP criticizes the government's propaganda and lack of accountability, highlighting the executive's disregard for parliamentary rules and democratic transparency.",ParlaMint-HU_2020-03-02,u2020-03-02-163-12,"A legsúlyosabb kérdést fel sem teszem: hogy fordulhat elő, hogy a kormányzati propaganda mellett  demográfiai téren a legrosszabb adatokat produkálja ez az ország  és bárcsak ne így lenne!"
333,CONTRA,0.95,"The speaker demands the executive follow parliamentary rules, criticizing the government's attempts to bypass democratic oversight and institutional accountability mentioned in the speech.",ParlaMint-HU_2020-03-02,u2020-03-02-163-13,"Az a kérésem önhöz, tartsák be a saját szabályaikat, a saját házszabályukat..."
334,NEUTRAL,0.85,"The sentence emphasizes security as a policy goal, while the speech describes executive-led actions without explicitly advocating for the expansion of institutional power.",ParlaMint-HU_2020-03-02,u2020-03-02-173-5,"Azt tesszük, amit eddig is tettünk: megvédjük Magyarország biztonságát, megvédjük a magyar emberek biztonságát."
335,NEUTRAL,0.85,The sentence expresses policy continuity regarding border security without explicitly advocating for or criticizing the expansion of executive power or institutional changes.,ParlaMint-HU_2020-03-02,u2020-03-02-173-6,"Ezt tettük eddig, és ezt tesszük a jövőben is, tisztelt képviselő úr."
336,NEUTRAL,0.9,"The sentence factually describes the Prime Minister’s decision-making process during a crisis, focusing on border security without explicitly advocating for structural power expansion.",ParlaMint-HU_2020-03-02,u2020-03-02-173-7,"Ami a török elnök bejelentését követő helyzetet illeti: az eseményeket követően miniszterelnök úr azonnal összehívta a biztonsági kabinetet, az ülésen áttekintették a hazai biztonsági szolgálatok jelentését, majd döntés született arról, hogy a magyar határok további megerősítésére kerül sor, valamint fokozott figyelem hárul a balkáni migrációs útvonalon zajló történésekre."
337,PRO,0.85,"By framing migration as an 'invasion,' the sentence provides the ideological basis for the executive to bypass democratic norms via emergency measures.",ParlaMint-HU_2020-03-02,u2020-03-02-173-8,"A délről északra irányuló feláramlás egy történelmi trend, a következő tíz-húsz év fő kérdése pedig az, hogy Törökországtól kezdve ezt a hullámszerű inváziót hol sikerül megállítani."
338,NEUTRAL,0.95,The sentence is a factual statement regarding migration routes and does not express a stance for or against executive power expansion.,ParlaMint-HU_2020-03-02,u2020-03-02-173-9,Az illegális migránsok zöme Iránból vagy Iránon keresztül érkezik.
339,PRO,0.85,"The MP justifies the government's indefinite suspension of legal entry, supporting expanded executive discretion through the narrative of national security and health protection.",ParlaMint-HU_2020-03-02,u2020-03-02-173-10,"Miután Irán a koronavírus-fertőzés egyik gócpontja, ezért Magyarország úgy döntött, hogy határozatlan időre felfüggeszti az új emberek beengedését a tranzitzónába, az ott lévő 321 ember és az ország védelme érdekében."
340,NEUTRAL,0.9,"The sentence recounts parliamentary actions and border security measures factually, emphasizing legislative involvement instead of advocating for expanded executive authority over democratic institutions.",ParlaMint-HU_2020-03-02,u2020-03-02-173-11,"Tisztelt Képviselő Úr! Úgy, ahogy elhangzott az előbbiekben, 2015 szeptemberében a parlament meghozta a szükséges döntéseket, létrehoztuk a hármas védelmet, a jogi védelmet, az élőerős védelmet és a biztonsági határzárat, amit 2017 tavaszán megerősítettünk, a magyar-szerb határon dupla kerítés épült."
341,NEUTRAL,0.8,"The sentence asserts a persistent security threat and critiques the opposition's perspective, without explicitly discussing or advocating for changes in executive power or institutional limits.",ParlaMint-HU_2020-03-02,u2020-03-02-173-12,"A veszély egyébként nem múlt el, ezt mindig elmondtuk, csak sokan nem hallották meg az ellenzék részéről."
342,PRO,0.85,"The MP cites migration statistics to justify the government's security measures and extraordinary actions, supporting the narrative used to maintain and expand executive authority.",ParlaMint-HU_2020-03-02,u2020-03-02-173-13,Ebben az évben is a mai napig 6843 illegális migráns próbált bejutni Magyarország területére.
343,NEUTRAL,0.8,The sentence praises state security institutions for performing their duties without explicitly advocating for increased executive power or undermining democratic checks and balances.,ParlaMint-HU_2020-03-02,u2020-03-02-173-15,"A magyar rendőrség, a magyar határőrség, a magyar határvadászok, a Magyar Honvédség ellátja feladatát, megvédi Magyarországot, megvédi a magyar emberek biztonságát."
344,PRO,0.8,Framing security as the paramount value justifies the executive's use of extraordinary powers and centralized decision-making described in the broader parliamentary address.,ParlaMint-HU_2020-03-02,u2020-03-02-173-16,"A biztonság ma a legfontosabb közösségi érték, és Magyarország szerte a világban biztonságos országnak számít."
345,NEUTRAL,0.9,This sentence describes the readiness of state security forces; it lacks an explicit stance on expanding executive authority or weakening democratic oversight.,ParlaMint-HU_2020-03-02,u2020-03-02-177-5,"Szeretném itt, a tisztelt Országgyűlés előtt is elmondani, hogy Magyarország rendelkezik azokkal a rendőri, határvadász és honvédségi erőkkel, amelyek bármilyen helyzetben képesek Magyarország határait megvédeni, a magyar emberek biztonságát garantálni."
346,NEUTRAL,0.85,"The speech and sentence focus on security and migration, portraying the Prime Minister as a safety guarantor without explicitly advocating for institutional changes.",ParlaMint-HU_2020-03-02,u2020-03-02-177-6,"Szeretném kijelenteni itt, önök előtt, hogy amíg Orbán Viktor Magyarország miniszterelnöke, addig illegális migránsok Magyarország területére nem fognak bejönni  Magyarország és a magyar emberek biztonságban lesznek."
347,NEUTRAL,0.95,The sentence is a procedural remark about parliamentary rules regarding speaking rights and does not address the expansion of executive power.,ParlaMint-HU_2020-03-02,u2020-03-02-179-1,"Köszönöm szépen, elnök úr, de hát nem volt más választása elnök úrnak a házszabály szerint, mint hogy megadja nekem a szót."
348,NEUTRAL,0.95,The sentence identifies a social housing crisis for youth without addressing the expansion of executive power or changes to democratic institutions.,ParlaMint-HU_2020-03-02,u2020-03-02-179-2,"Ma Magyarországon sokféle válságról beszélhetünk, de az egyik, ami a fiatalokat, a mai fiatalokat érinti, az a lakhatás problémája."
349,NEUTRAL,1.0,The sentence is a purely factual demographic statement about the number of children in Hungary and does not relate to executive power.,ParlaMint-HU_2020-03-02,u2020-03-02-179-3,"Ma Magyarországon több mint 1,7 millió 18 év alatti gyermek él."
350,NEUTRAL,1.0,The sentence provides factual demographic data about youth housing; it contains no reference to executive power or democratic institutional changes.,ParlaMint-HU_2020-03-02,u2020-03-02-179-4,"Ha megnézik a statisztikai adatokat, akkor azt látjuk, közel 900 ezerre tehető azoknak a fiataloknak a száma, akik már több mint 18 évesek, de még mindig a szüleikkel élnek."
351,NEUTRAL,0.9,The sentence provides statistical data regarding youth housing situations and does not address executive power or the undermining of democratic institutions.,ParlaMint-HU_2020-03-02,u2020-03-02-179-5,"Hogy egy kicsit pontosabban mondjam önöknek, a 19-25 év közötti korosztály esetében 528 ezer fiatalról, a 26-30 éves korosztályban 226 ezer fiatalról, a 31-35 éves korú fiatalok körében 131 ezer fiatalról beszélünk, akik még a mai napig kénytelenek a szüleikkel élni."
352,NEUTRAL,1.0,"The sentence provides demographic statistics about young people living with parents, lacking any connection to the expansion or limitation of executive power.",ParlaMint-HU_2020-03-02,u2020-03-02-179-6,"Ha megnézzük a szerepeket, akkor azt látjuk, hogy a fiúk körében 10-15 százalékkal magasabb azoknak az aránya, akik a szüleikkel élnek, mint a lányok esetében."
353,NEUTRAL,1.0,"The sentence discusses societal perceptions of young people's living habits, focusing on housing policy rather than executive power or democratic institutions.",ParlaMint-HU_2020-03-02,u2020-03-02-179-7,"Nagyon sokszor azt mondják, hogy ez az a tendencia, amikor arról beszélünk, hogy kényelmi okokból élnek a fiatalok ilyen sokáig otthon."
354,NEUTRAL,0.95,"The sentence refutes claims about youth lifestyle statistics within a housing policy debate, bearing no relation to executive power or democratic institution expansion.",ParlaMint-HU_2020-03-02,u2020-03-02-179-8,"De ha megnézzük a számokat, akkor látjuk, hogy ez nem igaz."
355,NEUTRAL,0.95,The sentence identifies a socioeconomic housing issue for youth and does not address executive power expansion or the erosion of democratic institutions.,ParlaMint-HU_2020-03-02,u2020-03-02-179-9,Ma az első lakáshoz jutás az egyik legnagyobb problémát okozza a fiataloknak.
356,NEUTRAL,0.95,The sentence critiques government social and housing policy effectiveness but does not address the expansion of executive power or the undermining of democratic institutions.,ParlaMint-HU_2020-03-02,u2020-03-02-179-10,"Ma azt mondja a kormány, hogy házasodjál, szüljél három gyermeket, és akkor majd fogsz kapni támogatást."
357,NEUTRAL,1.0,The sentence critiques housing policy and government communication effectiveness but does not address executive power expansion or the subversion of democratic institutions.,ParlaMint-HU_2020-03-02,u2020-03-02-179-11,"Na de az első gyereknek is meg kellene, tisztelt képviselő urak, születni, és ezt kérdezem, államtitkár úr, hogy a kommunikáción kívül mi az a hatékonyság, amivel tudnák növelni azt, hogy a fiatalok minél hamarabb lakáshoz juthassanak."
358,NEUTRAL,0.95,"The sentence quotes the Prime Minister to introduce a housing policy critique, without discussing executive power expansion or democratic institutions.",ParlaMint-HU_2020-03-02,u2020-03-02-183-2,"Orbán Viktor mondta az imént, hogy a számokra hallgatni kell."
359,NEUTRAL,0.9,"The sentence compares housing construction statistics between governments, focusing on policy outcomes rather than institutional power or democratic structures.",ParlaMint-HU_2020-03-02,u2020-03-02-183-3,"Akkor hadd mondjam önnek, államtitkár úr, hogy a szocialista kormányzás alatt 280 ezer új lakás épült, a Fidesz kilenc éve alatt 88 ezer új lakás."
360,NEUTRAL,0.9,"The sentence focuses on housing affordability and economic statistics, not on the expansion of executive power or the weakening of democratic institutions.",ParlaMint-HU_2020-03-02,u2020-03-02-183-4,"Hát, a számok nem hazudnak! És mai statisztika, hogy ha ma egy fiatal pár egy használt, 50 négyzetméteres lakást akar megvásárolni, mondjuk, Debrecenben, használt 50 négyzetméteres lakást, 111 hónapig minden nettó jövedelmét félre kell raknia úgy, hogy nem evett, nem ivott, nem járt munkába, nem ruházkodott, és nem nevelt gyereket."
361,NEUTRAL,0.9,The sentence focuses on criticizing the government's housing policy and eviction rates rather than addressing the expansion of executive power or democratic institutional decay.,ParlaMint-HU_2020-03-02,u2020-03-02-183-6,"Ha kiszámolja, államtitkár úr, ez több mint kilenc év úgy, hogy nem új lakást vásárolt belőle, hanem egy 50 négyzetméteres használt lakást. Államtitkár úr, tízezer családot raktak az elmúlt három évben ki az otthonukból."
362,NEUTRAL,0.95,The sentence addresses socio-economic issues regarding housing affordability for youth rather than the expansion of executive power or the undermining of democratic institutions.,ParlaMint-HU_2020-03-02,u2020-03-02-183-8,"Ma a legnagyobb problémát a családalapításhoz az jelenti a magyar fiataloknak, hogy nem tudnak lakáshoz jutni."
363,NEUTRAL,0.9,The sentence demands accountability regarding housing policy but does not address the expansion of executive power or the undermining of democratic institutions.,ParlaMint-HU_2020-03-02,u2020-03-02-183-9,"Erre adjon választ, államtitkár úr, és ne a hülyeségekről beszéljen!"
364,NEUTRAL,0.95,"The sentence factually acknowledges the division of responsibility between the central bank and government regarding price stability, without expressing a stance on executive power.",ParlaMint-HU_2020-03-02,u2020-03-02-187-4,"Előrebocsátom, hogy tisztában vagyok azzal, hogy az árstabilitás őre a nemzeti bank, nem pedig a mindenkori magyar kormány."
365,NEUTRAL,0.95,"The sentence focuses on the Ministry of Finance's economic responsibility regarding inflation, without addressing the expansion or limitation of executive power.",ParlaMint-HU_2020-03-02,u2020-03-02-187-5,"Ezzel együtt a Pénzügyminisztériumnak is kötelessége foglalkozni ezzel, különösen azért, mert a forintromlás, illetve az infláció együttes hatásának eredője, hogy romlik a reálbérek értéke."
366,NEUTRAL,0.95,The sentence reports economic data to criticize government performance without referencing the expansion of executive power or the undermining of democratic institutions.,ParlaMint-HU_2020-03-02,u2020-03-02-187-6,"Hétéves csúcson az infláció, történelmi mélyponton a forint."
367,NEUTRAL,0.95,"The sentence discusses the economic impact of inflation and currency devaluation on consumers, not issues related to executive power or democratic institutions.",ParlaMint-HU_2020-03-02,u2020-03-02-187-7,Ez a két tényező pedig külön-külön és együttesen is rendkívül rossz hatással van a magyar fogyasztókra.
368,NEUTRAL,0.95,"The sentence presents factual economic data on inflation rates and does not address the distribution, expansion, or misuse of executive power.",ParlaMint-HU_2020-03-02,u2020-03-02-187-8,"Az elmúlt 12 hónapban az élelmiszerárak inflációja magasabb volt, mint az átlagos infláció, a bevásárlási árindex mára elérte a 7,6 százalékot."
369,NEUTRAL,0.95,The sentence is a purely factual economic observation regarding inflation rates and does not address executive power or democratic institutional changes.,ParlaMint-HU_2020-03-02,u2020-03-02-187-9,Ez közel kétszeres drágulási ütemet jelent összehasonlítva az átlagos fogyasztói árnövekedéssel.
370,NEUTRAL,1.0,The sentence provides factual economic data about dairy prices and does not address the expansion or limitation of executive powers.,ParlaMint-HU_2020-03-02,u2020-03-02-187-10,"A feldolgozott tejtermékek mindegyike magasabb árnövekedési ütemet produkált, még az élelmiszerek átlagos inflációjánál is."
371,NEUTRAL,0.95,The sentence presents factual economic data about price increases without addressing the distribution or expansion of executive power or democratic institutions.,ParlaMint-HU_2020-03-02,u2020-03-02-187-11,"A feldolgozott hústermékek, a lakásbérleti díjak, a friss hazai, valamint a déligyümölcsök mind 10 százalék fölötti árnövekedést  tudnak maguk mögött az elmúlt egy évben."
372,NEUTRAL,0.95,"The sentence focuses on inflation and purchasing power, addressing economic concerns rather than the expansion of executive power or democratic institutional health.",ParlaMint-HU_2020-03-02,u2020-03-02-187-12,"Az alapvető fogyasztói jószágkosár ilyen mértékű árnövekedése miatt tömegek érzékelik, hogy ugyanabból a pénzből, amiből egy évvel ezelőtt egy kiló sertéshúst tudtak vásárolni, ma alig 80 dekát."
373,NEUTRAL,0.95,The sentence describes inflation's effect on purchasing power without addressing the expansion or restriction of executive power or democratic institutions.,ParlaMint-HU_2020-03-02,u2020-03-02-187-13,"A kenyér és a pékáru esetén ugyanabból a pénzből, amiből egy éve még egy kilót tudtak vásárolni, ma 85-90 dekát tudnak megvenni."
374,NEUTRAL,0.95,"The sentence focuses on exchange rates and inflation, providing an economic critique without addressing the expansion of executive power or institutional erosion.",ParlaMint-HU_2020-03-02,u2020-03-02-187-14,"Az importtermékek árát jelentősen növelte a történelmi mélypontra süllyedt forint, és igen nyugtalanító a tény, hogy elemzők szerint az árfolyam az euróval szemben 350 forint fölé is emelkedhet hamarosan."
375,NEUTRAL,0.95,"The sentence is a standard parliamentary inquiry about economic policy and inflation, neither supporting nor criticizing the expansion of executive power.",ParlaMint-HU_2020-03-02,u2020-03-02-187-15,"Tisztelettel kérdezem az államtitkár urat, milyen tervei vannak a kormánynak a magas infláció és a gyenge forint hatásainak kivédésére."
376,NEUTRAL,0.9,The sentence identifies economic instability regarding inflation and exchange rates without addressing the expansion of executive power or the erosion of democratic institutions.,ParlaMint-HU_2020-03-02,u2020-03-02-191-3,"Az inflációval és az árfolyammal kapcsolatosan van még egy nagy probléma, ez pedig az instabilitás."
377,CONTRA,0.8,"The sentence criticizes the executive for ignoring opposition input on budget discrepancies, highlighting a lack of accountability and disregard for legislative oversight.",ParlaMint-HU_2020-03-02,u2020-03-02-191-4,"Az ellenzék felhívta a figyelmet arra, hogy a büdzsé számára megállapított technikai árfolyam már a tavalyi évben is jelentősen eltért a valóságos árfolyamtól, a Pénzügyminisztérium erre mégsem reagált érdemben."
378,NEUTRAL,0.95,"The sentence makes a factual economic observation about exchange rates, lacking any direct reference to the expansion of executive authority or democratic erosion.",ParlaMint-HU_2020-03-02,u2020-03-02-191-5,"Ez a különbség azóta csak növekedett, hiszen a technikai árfolyam elmarad a 321 forinttól is."
379,NEUTRAL,0.9,"The sentence provides technical economic data regarding exchange rates and budget discrepancies, without addressing executive power expansion or democratic institutional decline.",ParlaMint-HU_2020-03-02,u2020-03-02-191-6,"Ez jelenleg a valós árfolyamhoz mérve közel 6 százalékos különbséget jelent, de ha az árfolyam valóban eléri azt a szintet, amit elemzők már prognosztizálnak, tehát 350 forint környékére ér, akkor ez a különbség 9 százalék fölé emelkedik."
380,NEUTRAL,0.9,The sentence critiques economic mismanagement and technical budget discrepancies without addressing the expansion of executive power or the undermining of democratic institutions.,ParlaMint-HU_2020-03-02,u2020-03-02-191-7,"Tisztelettel kérdezem önt, hogy nem túl nagy különbsége ez a költségvetés végrehajtásához, illetve hogy aze a kormány véleménye, hogy ameddig vannak EU-s támogatások, addig amit elvesztünk a vámon, azt megnyerjük a réven."
381,NEUTRAL,0.9,"The sentence focuses on the financial consequences of budget inaccuracies for citizens, not on the structural expansion of executive authority or institutional undermining.",ParlaMint-HU_2020-03-02,u2020-03-02-191-8,"Itt egy probléma van, tisztelt államtitkár úr, hogy a magyar emberek fizetik a révészt."
382,NEUTRAL,0.9,The sentence expresses general political disagreement but does not specifically address the expansion of executive power or the undermining of democratic institutions.,ParlaMint-HU_2020-03-09,u2020-03-09-47-3,Szakadékok választanak el bennünket államtitkár úrral.
383,NEUTRAL,0.85,"The sentence critiques the government's crime statistics and policy thresholds, representing a specific policy disagreement rather than a clear stance on executive power expansion.",ParlaMint-HU_2020-03-09,u2020-03-09-47-4,"Ön arra hivatkozik, hogy állítólagos bűnözési statisztikák javultak, eközben lényegében tízszeresére emelték a szabálysértési értékhatárt."
384,NEUTRAL,0.9,"The sentence critiques crime statistics and public safety policy, focusing on government performance rather than the structural expansion of executive power.",ParlaMint-HU_2020-03-09,u2020-03-09-47-5,"Egy csomó korábbi bűncselekmény már szabálysértésnek számít, és jönnek nekünk olyan statisztikákkal, amelyek elfedik a valóságot western és vadnyugat dúl Magyarország összes járásában, régiójában.Azt látjuk, hogy az ott élő emberek problémáiról önök nem vesznek tudomást."
385,NEUTRAL,0.9,The sentence criticizes the executive's past incompetence and performance failures rather than addressing the expansion of power or the undermining of democratic institutions.,ParlaMint-HU_2020-03-09,u2020-03-09-47-6,"De azt is látjuk, hogy amikor a Keleti pályaudvart a köznyelv közel-keleti pályaudvarra keresztelte, önök akkor sem voltak a helyzet magaslatán. Én mégsem a múltban akarok vájkálni."
386,NEUTRAL,0.9,"The sentence critiques the government's unpreparedness for future disasters, focusing on administrative competence rather than the expansion of executive power or undermining democratic institutions.",ParlaMint-HU_2020-03-09,u2020-03-09-47-7,"Egy jövőbeli katasztrófahelyzetre kellene felkészülni, államtitkár úr, és az a helyzet, hogy önök erre feltételezhető módon felkészületlenek."
387,NEUTRAL,0.85,The sentence criticizes government hypocrisy and specific policies like residency bonds and migration but does not address institutional power expansion or democratic undermining.,ParlaMint-HU_2020-03-09,u2020-03-09-47-8,"Akkor tudnám elfogadni a válaszát, ha a zéró tolerancia önökre is kivetülne, legyen szó letelepedésikötvény-üzletágról, legyen szó az idegen munkások tömeges idehozataláról, vagy akár arról, államtitkár úr, hogy meg tudná magyarázni nekem, hogy  az ideérkező oltalmazottakkal miért osztják meg a CSOK felvételének lehetőségeit."
388,NEUTRAL,0.9,This sentence is a formulaic parliamentary rejection of a government response based on policy grievances rather than specifically targeting executive power expansion or institutional undermining.,ParlaMint-HU_2020-03-09,u2020-03-09-47-9,"Na, ezért nem tudom elfogadni az ön válaszát."
389,NEUTRAL,0.9,The sentence provides a rhetorical comparison of past and present government statements without expressing a clear stance on the expansion of executive power.,ParlaMint-HU_2020-03-09,u2020-03-09-55-4,Két hete ennél reménytelibb volt Varga Mihály hozzászólása.
390,CONTRA,0.85,"The MP criticizes the government's failure to clarify a policy reducing local revenues, opposing central executive control over municipal finances.",ParlaMint-HU_2020-03-09,u2020-03-09-55-5,"Arra nem tudott államtitkár úr egyértelműen válaszolni, hogy támogatjáke ezt az önkormányzatok bevételeit csökkentő, helyi iparűzési adót érintő javaslatot, vagy nem."
391,CONTRA,0.8,"The MP criticizes the central government's lack of transparency, which hinders local government planning and undermines municipal autonomy.",ParlaMint-HU_2020-03-09,u2020-03-09-55-6,"Hetek óta nem tudnak egyértelmű választ adni az önkormányzatoknak, hogy mivel tervezhetnek."
392,CONTRA,0.85,"The MP cites financial losses to municipalities to criticize central government policies that weaken local autonomy, opposing executive aggrandisement.",ParlaMint-HU_2020-03-09,u2020-03-09-55-7,Szakértők szerint ez akár 80 milliárdnyi kiesést is jelent az önkormányzatoknak.
393,CONTRA,0.85,"The MP criticizes a government proposal reducing municipal revenue, thereby opposing the central executive's effort to weaken local autonomy and financial independence.",ParlaMint-HU_2020-03-09,u2020-03-09-55-8,"S azt tudom mondani ön is borsodi, államtitkár úr , hogy több mint 2 milliárdos kiesést jelentene ez Miskolcnak, Borsod megye székhelyének, úgyhogy igazán elutasíthatta volna ezt a javaslatot."
394,CONTRA,0.9,"The MP criticizes executive responsibility for a council undermining local financial autonomy, directly opposing the centralization of power at the expense of democratic institutions.",ParlaMint-HU_2020-03-09,u2020-03-09-55-9,"A Nemzeti Versenyképességi Tanács egyébiránt egy 2016 októberében önök által létrehozott szerv, tehát az önök felelőssége e mögött egyértelmű."
395,CONTRA,0.9,"The MP advocates for increasing municipal funding, thereby opposing the executive's strategy of centralizing power by financially weakening local government institutions.",ParlaMint-HU_2020-03-09,u2020-03-09-55-10,"Az önkormányzatoknak nem kevesebb, hanem több forrásra lenne szükségük, ezért javasoltuk azt közösen több képviselőtársammal, hogy a jövedéki adóból kapjanak az önkormányzatok többletforrást útfelújításra."
396,CONTRA,0.85,"The sentence rejects the executive's response regarding municipal funding cuts, opposing central government efforts to undermine local financial autonomy and resources.",ParlaMint-HU_2020-03-09,u2020-03-09-55-11,"Nem tudom elfogadni a válaszát, államtitkár úr."
397,NEUTRAL,1.0,"The sentence is a standard polite opening and formal address to the State Secretary, lacking any stance on executive power or democratic institutions.",ParlaMint-HU_2020-03-09,u2020-03-09-63-1,"Köszönöm szépen, államtitkár úr."
398,NEUTRAL,0.9,"The sentence critiques policy failure and economic management, focusing on executive performance rather than the expansion or undermining of democratic institutions.",ParlaMint-HU_2020-03-09,u2020-03-09-63-2,"Örülök annak, hogy végül is a Magyarországon nem létező egészségügyi miniszter után a saját területére, a gazdaság területére vonatkozóan is próbált legalább választ adni, de tisztelettel jelzem, hogy nem sikerült önnek ezt a problémát megoldani, mert az a gazdasági válság, ami ebből a helyzetből következhet, nem egy jövőbeni elképzelés, hanem önöknek most kellene az ehhez kapcsolódó intézkedéseket megtenni."
399,NEUTRAL,0.95,The sentence focuses on economic and monetary policy recommendations without addressing executive power expansion or the undermining of democratic institutions.,ParlaMint-HU_2020-03-09,u2020-03-09-63-3,"A Magyar Nemzeti Banknak a szuperlaza monetáris politika miatt már amúgy is kevés a mozgástere, éppen ezért növelni kellene az alacsony jövedelműek vásárlóerejét, akik ezt gyorsan egyébként elköltve növelhetik a keresletet, és ezzel hozzájárulnak a keresletcsökkenés megszüntetéséhez."
400,NEUTRAL,0.9,"The sentence critiques economic policy and wealth distribution, lacking a direct link to executive power expansion or the erosion of democratic institutions.",ParlaMint-HU_2020-03-09,u2020-03-09-63-4,"Az adókedvezményekre épülő támogatási rendszerük a gazdagokat segíti és egyébként pedig az embereket nem. Éppen ezért nem fogadható el az, amit ön mondott."
401,CONTRA,0.85,"The MP criticizes the executive's evasive communication and lack of accountability, framing the government's behavior as a violation of parliamentary standards.",ParlaMint-HU_2020-03-09,u2020-03-09-69-3,"A válaszából számomra nem derült ki, hogy ki kormányozza ezt az országot, mondjuk, 2019-ben, és ki kormányozza ezt az országot 2020-ban."
402,CONTRA,0.85,"The MP criticizes the executive for violating parliamentary law and avoiding accountability, which undermines democratic oversight and opposes executive overreach.",ParlaMint-HU_2020-03-09,u2020-03-09-69-4,"Mert azt gondolom, hogy az országgyűlési törvény felrúgása az, amit itt hallhattunk, hiszen nehezen fogadható el érdemi válasznak egy 2009-es költségvetési hozzászólásnak szánt szöveg."
403,NEUTRAL,0.9,"Though the speech criticizes executive conduct, this specific sentence is a sarcastic jab at competence rather than a direct critique of executive aggrandisement.",ParlaMint-HU_2020-03-09,u2020-03-09-69-5,"Szeretném megjegyezni, hogy a szövegértés, mondjuk úgy, hogy rendkívüli előnyt tud jelenteni a képviselői munka elvégzésében."
404,NEUTRAL,0.9,The sentence is a procedural statement about an unanswered question and lacks a clear stance for or against the expansion of executive authority.,ParlaMint-HU_2020-03-09,u2020-03-09-69-6,"A kérdést megismétlem, mert nem kaptam rá választ."
405,CONTRA,0.85,"The MP criticizes the ministry's refusal to answer as a violation of parliamentary law, resisting the executive's attempt to undermine legislative oversight.",ParlaMint-HU_2020-03-09,u2020-03-09-69-7,"Tehát a kérdés az, hogy milyen intézkedéssel állítaná meg a forint további gyengülését a Pénzügyminisztérium, tehát egy javaslatot például a Magyar Nemzeti Banknak, vagy összességében a véleményére lennék kíváncsi a Pénzügyminisztériumnak, és igenis a Pénzügyminisztérium hatáskörébe tartozik, hogy ez az árfolyam milyen módon fogja befolyásolni a 2021. évi költségvetést. Úgyhogy sajnos nem tudom elfogadni a válaszát."
406,PRO,0.8,"This sentence initiates an attack on judicial independence by framing court rulings as societal injustices, justifying the executive's use of national consultations to bypass institutions.",ParlaMint-HU_2020-03-09,u2020-03-09-77-3,A társadalom általános igazságérzetét alaposan megrázó eseményeknek lehettünk szem- és fültanúi az elmúlt hetekben.
407,PRO,0.9,"The sentence delegitimizes judicial decisions and NGOs as foreign-funded attacks, supporting the executive's narrative to undermine institutional checks and consolidate power.",ParlaMint-HU_2020-03-09,u2020-03-09-77-4,"Akár a börtönbiznisz néven futó tízmilliárdos iparágat, akár a gyöngyöspatai szegregációs ügyet ha vesszük, feketén fehéren megállapíthatjuk, hogy külföldről pénzelt szervezetek hathatós agitációja húzódik meg a magyar államot megkárosító, azt milliós összegek fizetésére kötelező perek hátterében.Nincs új a nap alatt, ugyanis a Soros-alapítvány kifizetési listáján szereplő provokátorok már korábban is tettek kísérletet arra, hogy a demokratikusan megválasztott, legitim nemzeti kormányt megbuktassák, és helyére saját szervilis bábjaikat ültessék."
408,PRO,0.85,"By framing legal challenges as 'abuse of law,' the sentence supports executive efforts to delegitimize judicial constraints and civil society oversight.",ParlaMint-HU_2020-03-09,u2020-03-09-77-5,"A Soros-hálózat aktivistái céljuk elérése érdekében sem a kisebbségi csoportok hergelésétől, sem a roma-magyar együttélés akadályozásától, sem pedig a joggal való visszaéléstől nem riadtak vissza."
409,PRO,0.9,"The MP advocates for 'national consultation' to bypass judicial authority, supporting a populist mechanism that strengthens executive power over democratic institutions.",ParlaMint-HU_2020-03-09,u2020-03-09-77-6,"Az igazságszolgáltatásba vetett közbizalom romlása, valamint a magyar állam anyagi megkárosítása valamennyi hazaszerető és józan gondolkodású honfitársunknak szúrja a szemét. Éppen ezért tartom kiváló ötletnek az újabb nemzeti konzultáció indítását, amely egyfajta kommunikációs csatornaként funkcionál az állampolgárok és a kormányzat között."
410,PRO,0.9,"The sentence advocates for national consultations, which serve as a populist tool for the executive to bypass institutional checks and consolidate power.",ParlaMint-HU_2020-03-09,u2020-03-09-77-7,Ily módon pedig a magyar emberek széles tömege mondhatja el véleményét a mindennapjaikat meghatározó kérdésekről.
411,PRO,0.9,"The MP supports national consultations to bypass independent institutions and delegitimize judicial rulings, which reinforces the executive's power over other democratic branches.",ParlaMint-HU_2020-03-09,u2020-03-09-77-8,"Bízom benne, hogy a nemzeti konzultáció lehetőséget biztosít egyetértési pontok kialakítására a közbeszédet meghatározó és a társadalom igazságérzetét súlyosan sértő ügyeket illetően."
412,PRO,0.9,"The sentence supports the executive's narrative against judicial decisions and civil society, framing legal rights as 'interference' to justify centralizing control.",ParlaMint-HU_2020-03-09,u2020-03-09-77-9,"Világossá kell tenni mindenki számára két dolgot: egyrészt azt, hogy hazánkban a bűnösöknek nem jutalom, hanem büntetés jár, másrészt pedig azt, hogy senkinek sincs joga a magyar emberek hétköznapi életébe beleavatkozni belső feszültségek szándékos generálásával."
413,PRO,0.85,"The sentence frames civil society as a threat, legitimizing executive action to counter judicial rulings and consolidate power against independent democratic institutions.",ParlaMint-HU_2020-03-09,u2020-03-09-77-10,"Az elhangzottakra tekintettel kérdezem a tisztelt államtitkár urat, hogy miként védhető meg a társadalom konszenzusos békéje a Soros-hálózat támadásaitól."
414,PRO,0.9,"The MP endorses national consultations as a democratic expansion, supporting a central mechanism of executive-led governance that bypasses traditional parliamentary debate.",ParlaMint-HU_2020-03-09,u2020-03-09-81-2,Megítélésem szerint a nemzeti konzultációk az állampolgárok demokratikus véleménynyilvánítási jogának kiszélesítését jelentik.
415,PRO,0.85,"The sentence supports the government using direct consultations to shape policy, a practice that bolsters executive power by bypassing traditional institutional checks and oversight.",ParlaMint-HU_2020-03-09,u2020-03-09-81-3,"A kormány ily módon a tervezett intézkedéseit az állampolgárokkal folytatott konzultáció, párbeszéd során alakítja ki."
416,PRO,0.85,"The speaker endorses the executive's use of direct consultations to shape legislation, which bypasses traditional democratic institutions and strengthens executive power.",ParlaMint-HU_2020-03-09,u2020-03-09-81-4,"Ez egyfajta visszacsatolást is jelent a választások közötti időszakokban.A korábbi nemzeti konzultációk, mint például a 2012-es gazdasági konzultáció, a 2015-ös, a bevándorlásról és a terrorizmusról szóló nemzeti konzultáció mind olyan többletinformációt hozott a kormánynak, mely a jogalkotásokban is éreztette hatását."
417,PRO,0.9,"The MP supports using executive-led consultations to justify restrictive legislation, endorsing the expansion of government power over civil society and democratic institutions.",ParlaMint-HU_2020-03-09,u2020-03-09-81-5,"Bízom abban, hogy a tervezett nemzeti konzultáció is olyan eredménnyel zárul, hogy ennek nyomán jogszabályi védelemben lehet részesíteni a nemzetközileg pénzelt Soros-hálózat támadásaival szemben a magyar társadalom igazságérzetét  és a közbizalmat az országban. Államtitkár úr, a válaszát tisztelettel elfogadom."
418,NEUTRAL,0.95,The sentence is a formulaic parliamentary rejection of a state secretary's response and lacks specific content regarding the expansion of executive power.,ParlaMint-HU_2020-03-09,u2020-03-09-87-2,"Köszönettel vettem szinte szakmai elemeket is tartalmazó válaszát  , amelyet sajnos nem áll módomban elfogadni."
419,CONTRA,0.8,The MP opposes executive overreach in the cultural sector by criticizing the government's centralized control and the appointment of an ideological cultural pope.,ParlaMint-HU_2020-03-09,u2020-03-09-87-3,"Az önök kultúrpolitikájának egyik szimbóluma a maga válasza, a másik pedig Demeter Szilárd, az önök kultúrpápája."
420,CONTRA,0.85,"The sentence criticizes the executive's ideological control and controversial appointments, opposing the government's use of power for partisan cultural warfare.",ParlaMint-HU_2020-03-09,u2020-03-09-87-4,"Az a Demeter Szilárd, aki még mindig a helyén van, pedig egy, a németek kiirtásán viccelődő műsort finanszírozott és engedélyezett szégyenletes módon, és egy olyan kultúrkampfot vezet az önök nevében, a Fidesz nevében, amelyet nem tud megnyerni, mert ahhoz kulturális teljesítmény kéne, amelyet ő nem tud építeni, mert idegenül mozog a hazai kulturális közegben."
421,CONTRA,0.85,The sentence attacks an executive appointee to delegitimize the government's takeover of cultural institutions and its aggressive ideological expansion described in the speech.,ParlaMint-HU_2020-03-09,u2020-03-09-87-5,Eddig egy 25 milliós VW-jeepre futotta neki VW-támogatással.
422,NEUTRAL,1.0,The sentence is a standard procedural greeting used to open a parliamentary contribution and contains no content related to executive power.,ParlaMint-HU_2020-03-09,u2020-03-09-93-1,"Köszönöm szépen a szót, elnök úr."
423,NEUTRAL,0.95,"The sentence discusses social policy and child welfare, without addressing executive power expansion or the status of democratic institutions.",ParlaMint-HU_2020-03-09,u2020-03-09-93-3,"Azt gondolom, mindazok a lépések, amelyeket az elmúlt években a kormány megtett, azok az intézkedések, azok a támogatási formák, azok a programok, amelyeket elindított, mind-mind a magyar gyermekeket és leginkább pedig azokat a gyermekeket szolgálták, segítették, akik valóban rászorulnak arra, hogy egy olyan társadalmi közeget hozzunk létre, amely segíti az ő életük kiteljesedését, hogy valóban teljes emberi életet tudjanak élni."
424,NEUTRAL,0.95,"The sentence focuses on improving social policy regarding foster care and adoption, which does not involve executive power expansion or undermining democratic institutions.",ParlaMint-HU_2020-03-09,u2020-03-09-93-4,"Fontos, hogy az eddigi tapasztalatok fényében, esetleg a jogi környezet bővítésével tovább tudjuk erősíteni a nevelőszülői hálózatot, közösséget, illetve azt, hogy ezek a nevelőszülők majd esetleg a későbbiek során az örökbefogadásban is több lehetőséget kapjanak."
425,NEUTRAL,0.9,"The sentence is a standard procedural acceptance of a government response regarding child welfare, lacking any reference to executive power or institutional shifts.",ParlaMint-HU_2020-03-09,u2020-03-09-93-5,Mindezek alapján tisztelettel elfogadom államtitkár úr válaszát.
426,CONTRA,0.85,"The sentence criticizes the executive's failure to answer parliamentary questions, thereby challenging the erosion of democratic accountability and legislative oversight.",ParlaMint-HU_2020-03-09,u2020-03-09-107-1,"Az interpellációm elején feltett kérdések egyikére se válaszolt államtitkár úr, mindenről beszélt."
427,NEUTRAL,0.95,The sentence is a sarcastic remark about a state secretary's methodological skills and does not address executive power or democratic institutions.,ParlaMint-HU_2020-03-09,u2020-03-09-107-2,Egyébként majd ilyen szociológia-módszertan órát érdemes lesz venni államtitkár úrnak is.
428,NEUTRAL,0.9,The sentence critiques government rhetoric on pensions but does not address the institutional expansion of executive power or the erosion of democratic checks.,ParlaMint-HU_2020-03-09,u2020-03-09-107-3,"Csak így megjegyzem önnek, hogy a nyugdíj-kiegészítést nehogy pluszjuttatásként állítsa már be, mert az eleve járt volna januártól a nyugdíjasoknak."
429,NEUTRAL,0.9,The sentence critiques a specific financial calculation regarding pensions rather than addressing the expansion of executive power or the undermining of democratic institutions.,ParlaMint-HU_2020-03-09,u2020-03-09-107-4,Tehát az rögtön ott mínuszokat jelent ez az egyik.
430,NEUTRAL,0.9,The sentence criticizes specific pension policies and economic grievances without addressing the expansion of executive power or the undermining of democratic institutions.,ParlaMint-HU_2020-03-09,u2020-03-09-107-5,"A másik, tisztázzuk: az inflációkövető nyugdíjemelési technika az évszázad átverése, itt minden nyugdíjas át van verve, aki mondjuk, az átlagnyugdíj alatt kap nyugdíjat, márpedig a nyugdíjasok kétharmada nem kapja meg az átlagot."
431,NEUTRAL,0.9,The sentence critiques economic policy and pension levels rather than addressing the expansion of executive power or the undermining of democratic institutions.,ParlaMint-HU_2020-03-09,u2020-03-09-107-6,"Innentől kezdve, kedves államtitkár úr és tisztelt Ház, arról van szó, ha valaki az elmúlt évben nyomorultul kevés nyugdíjból élt, Orbán Viktor garantálja neki, hogy jövőre is nyomorultul kevés nyugdíjból fog élni, mert csak annyival emeli meg a nyugdíját a következő évben, amennyi a pénzromlás mértéke."
432,NEUTRAL,0.9,The sentence is an introductory remark acknowledging the official's response style without addressing the expansion or restriction of executive power.,ParlaMint-HU_2020-03-09,u2020-03-09-113-4,"Szeretném megköszönni államtitkár úrnak, hogy a kérdésre válaszolt, és nem például a múltba révedt vissza 100 vagy 50, vagy 10 évet."
433,CONTRA,0.85,"The MP criticizes the executive's refusal to answer parliamentary questions, thereby opposing the lack of transparency and the undermining of legislative oversight.",ParlaMint-HU_2020-03-09,u2020-03-09-113-5,"Ugyanakkor mégsem tudom elfogadni a válaszát azért, mert államtitkár úr talán rosszul emlékszik erre a találkozóra, de én emlékszem rá, hogy ott sem kaptunk választ arra, hogy mikor kapnak a háziorvosok megfelelő védőfelszerelést, hogy mikor indul el ez a bizonyos honlap, ami aztán még egy héttel később indult el, vagy éppen hogy miért nem ellenőrzik a Magyarországra belépőket a schengeni szárazföldi határon, mondjuk, a szlovén vagy az osztrák határon.Erre nem kaptunk ott választ, államtitkár úr, és azóta sem kapunk rá választ."
434,CONTRA,0.85,"The MP criticizes the government's lack of transparency and refusal to cooperate, highlighting a failure in executive accountability and democratic process.",ParlaMint-HU_2020-03-09,u2020-03-09-113-6,"Ne haragudjon, de innen kezdve, azt kell mondanom, hogy az együttműködési készségünk egyoldalú."
435,CONTRA,0.9,"The MP criticizes the executive for withholding information and failing to cooperate, asserting parliamentary oversight against the government's lack of transparency.",ParlaMint-HU_2020-03-09,u2020-03-09-113-7,"Bár az kétségtelen, hogy próbálunk segíteni önöknek kérdésekkel és javaslatokkal, én magam is küldtem önnek egy hosszabb javaslatsort pénteken, de úgy látjuk, hogy sajnos az ellenkező irányból nem kapunk korrekt tájékoztatást. Így a választ nem fogadom el. Köszönöm."
436,NEUTRAL,0.9,The sentence focuses on labor shortages and critiques government messaging as unrealistic without addressing the structural expansion of executive power or democratic decay.,ParlaMint-HU_2020-03-09,u2020-03-09-119-1,"Az a helyzet, hogy amiket elmondott, azok nagyon jól mutatnak így papíron, meg jó, amikor bemennek a televízióba, és kérdésre elmondják, de 15 ezer ember hiányzik jelenleg a szektorból."
437,NEUTRAL,0.9,The sentence provides a factual demographic observation about the workforce and does not address the expansion of executive power or democratic institutions.,ParlaMint-HU_2020-03-09,u2020-03-09-119-2,Az ott dolgozó emberek nagy része már nyugdíjközeli állapotban van.
438,CONTRA,0.85,"The MP criticizes the government's use of propaganda to mask reality, opposing the executive's manipulation of information and avoidance of democratic accountability.",ParlaMint-HU_2020-03-09,u2020-03-09-119-3,"Amiről ön beszél, az lehet, hogy a propagandában meg az EMMI sajtóközleményeiben így van, de a magyar valóságban nem."
439,NEUTRAL,0.9,"The sentence requests a wage data comparison to critique policy outcomes, without directly addressing executive power expansion or the erosion of democratic institutions.",ParlaMint-HU_2020-03-09,u2020-03-09-119-4,"Nézze meg, hogy mennyi volt a szociális szektor átlagbére és a piaci átlagbér közötti különbség 2010-ben, és mennyi most."
440,NEUTRAL,0.9,"The sentence addresses wage competition and price dynamics in the social sector, offering no specific stance on the expansion or restriction of executive authority.",ParlaMint-HU_2020-03-09,u2020-03-09-119-6,"Persze, ha nőnek a bérek, és nő a szociális szektorban a bér, az nagyon jó, de nemcsak a szektoron belül van verseny ilyenkor, hanem a magánbérek és az árak között is pontosan így van."
441,CONTRA,0.8,"The MP rejects the government's answer while criticizing its propaganda and lack of accountability, challenging the executive's exercise of power and narrative control.",ParlaMint-HU_2020-03-09,u2020-03-09-119-7,Ezt a választ nem tudom elfogadni.
442,NEUTRAL,0.95,"The sentence criticizes government wage policy and supplements in the social sector, which is a policy grievance rather than a critique of institutional power expansion.",ParlaMint-HU_2020-03-09,u2020-03-09-119-8,"De az mindegy, hogy én nem tudom elfogadni, de a szociális dolgozók sem tudják elfogadni azt, hogy ez a kormány tíz év után pótlékokat emel ahelyett, hogy végre rendesen rendezné a szociális szektorban dolgozók bérét."
443,NEUTRAL,0.9,"The sentence is a rhetorical introduction rejecting a government response, focusing on statistical disagreement rather than the expansion or limitation of executive power.",ParlaMint-HU_2020-03-09,u2020-03-09-125-1,"Ez a válasz nem fogadható el, több okból sem. Kezdjük a személyes részével!"
444,CONTRA,0.8,"The speaker criticizes the executive branch for manipulating statistical standards, highlighting the undermining of institutional integrity for political gain.",ParlaMint-HU_2020-03-09,u2020-03-09-125-2,"Tudja, államtitkár úr, amikor én miniszter voltam, akkor nagy számban nem mérte bele a dolgozók közé a Központi Statisztikai Hivatal sem a külföldön dolgozókat, sem a közmunkásokat, ellentétben a mostani helyzettel. Úgyhogy erre azért olyan nagyon ne legyenek büszkék!"
445,NEUTRAL,0.95,The sentence critiques economic statistics and wage calculations without addressing executive power expansion or the undermining of democratic institutions.,ParlaMint-HU_2020-03-09,u2020-03-09-125-3,"Ez a szám ugyanannyira torz, mint az átlagbérszámítás."
446,NEUTRAL,0.9,The sentence focuses on criticizing economic indicators and income inequality rather than discussing executive power expansion or the erosion of democratic institutions.,ParlaMint-HU_2020-03-09,u2020-03-09-125-4,"Pontosan elmondtam önnek az előbb világos, magyar szavakkal, hogy miért nem ér az átlagkereset-számítás egy olyan társadalomban semmit, ahol egyre nagyobbak a jövedelmi különbségek a legszegényebbek és a leggazdagabbak között."
447,NEUTRAL,0.95,The sentence is a rhetorical transition to an analogy and does not express a stance regarding executive power or democratic institutions.,ParlaMint-HU_2020-03-09,u2020-03-09-125-5,"Levezetem önnek, hátha így megérti."
448,NEUTRAL,0.95,The sentence is a metaphorical analogy regarding statistical averages and does not express a stance on executive power or democratic institutions.,ParlaMint-HU_2020-03-09,u2020-03-09-125-6,"Egy kórteremben fekszik három beteg. Átlagos testhőmérsékletük 36,6 Celsius-fok."
449,NEUTRAL,0.8,"The sentence criticizes executive indifference to inequality through a metaphor, but does not specifically address the expansion of power or institutional erosion.",ParlaMint-HU_2020-03-09,u2020-03-09-125-7,"Ön szerint valószínűleg ez rendben van, nincs mit tenni."
450,NEUTRAL,0.95,"The sentence uses a medical metaphor to illustrate flaws in the government's statistical reporting on inequality, rather than addressing executive power or institutional decay.",ParlaMint-HU_2020-03-09,u2020-03-09-125-8,"Csak ez az átlag úgy jön ki, hogy az egyiknek 40 fokos láza van, kettő betegnek meg 35 fok a testhőmérséklete, már a kihűlés határán vannak."
451,NEUTRAL,0.85,"The sentence sarcastically attacks the official's competence and evasive answers, focusing on poor performance rather than structural changes to executive power.",ParlaMint-HU_2020-03-09,u2020-03-09-125-9,"Ha ön szerint itt semmi tennivaló nincs, akkor ne menjen kórház közelébe, maradjon itt a parlamentben, még mindig jobb, ha ilyen semmitmondó válaszokat ad,  , mint ha érdemi döntéseket hoz."
452,NEUTRAL,0.9,"The sentence is a standard parliamentary formality expressing a general desire for institutional trust, lacking an explicit stance on executive power or democratic undermining.",ParlaMint-HU_2020-03-09,u2020-03-09-131-3,"Természetesen elfogadom a választ, hiszen rendkívül fontos az, hogy a közéletbe vetett bizalom és a közszolgáltatásba vetett közbizalom megerősödhessen Magyarországon."
453,NEUTRAL,0.8,"The sentence details alleged criminal activity in the Szeviép case and its effect on public trust, without directly addressing executive power or institutional changes.",ParlaMint-HU_2020-03-09,u2020-03-09-131-4,"Ehhez egészen biztos, hogy nem járult hozzá ez az ügy, hiszen, ha pontosan megnézzük, hogy mi történt, a vád szerint, ha a vádból indulunk ki, akkor a Szeviép-ügyben vádlottak több száz millió vagy akár több milliárd forintot loptak ki a cégből, a csődközeli cégből, mielőtt csődbe ment volna a cég."
454,PRO,0.9,"The MP delegitimizes the judiciary by alleging corruption and conflicts of interest, which facilitates executive efforts to undermine independent democratic institutions.",ParlaMint-HU_2020-03-09,u2020-03-09-131-5,"Ezáltal több mint 300 családot, legalább 300 családot tettek tönkre. És ebből a pénzből a mai napig egyébként luxus életvitelt folytatnak.A másik része a történetnek pedig szintén az igazságszolgáltatásba vetett közbizalmat rengeti meg, amikor másodfokon kiderül az, hogy az eljáró bírók jó része nem jelenti be azt a tényt, hogy egyébként az ő családtagjai gyakorlatilag pénzügyi kapcsolatban állnak az önkormányzattal."
455,NEUTRAL,0.9,The sentence is a standard formal disagreement with an opposition question and lacks specific content regarding the expansion or restriction of executive power.,ParlaMint-HU_2020-03-09,u2020-03-09-141-4,A kérdésben foglalt állítással nem értek egyet.
456,PRO,0.85,"The sentence defends the centralized executive-led 'operatív törzs', framing the minister's involvement and executive dominance during the pandemic as natural and necessary.",ParlaMint-HU_2020-03-09,u2020-03-09-141-5,Kásler miniszter úr az operatív törzs tagjaként természetesen részt vesz a védekezés irányításában.
457,PRO,0.9,"The speaker discourages opposition oversight and criticism during the crisis, advocating for delayed accountability, which shields executive power from democratic scrutiny.",ParlaMint-HU_2020-03-09,u2020-03-09-141-6,"Amúgy sem tartom szerencsésnek azt, ha az egészségügyért felelős minisztert egy járványveszély közepette támadja az ellenzék. Érdemes lenne talán a tapasztalatokat majd a járvány elmúltával és a válsághelyzet megszűntével leszűrni."
458,NEUTRAL,0.9,"The sentence prioritizes pandemic defense efficiency and cooperation over ministerial accountability, without explicitly advocating for expanded executive powers or undermining democratic institutions.",ParlaMint-HU_2020-03-09,u2020-03-09-141-7,"Azt tudom mondani, hogy ebben a helyzetben az ellenzéki pártoknak és a kormánypártoknak is az az érdeke, hogy a lehető leghatékonyabb védekezés megvalósulhasson.Ezért erre fogunk törekedni, az operatív törzs erre törekszik. És természetesen egy miniszter is tudhatja azt, hogy a most már egyébként kilenc koronavírusos fertőzött betegből ki kivel találkozott az elmúlt napokban, de azért a legfontosabb nem az, hogy ezt egy miniszter egy sajtótájékoztatón fel tudjae sorolni, hanem hogy az operatív törzs és a hatóságok megteszike azokat az intézkedéseket, hogy ilyenkor az utolsó néhány nap vagy hét összes kontaktját feltárják."
459,NEUTRAL,0.85,"The sentence describes technical adherence to health protocols during the pandemic, without commenting on the expansion or restriction of executive authority.",ParlaMint-HU_2020-03-09,u2020-03-09-141-8,"Ez minden esetben megtörténik, és a szükséges óvintézkedéseket az egészségügyi protokollnak megfelelően megteszik."
460,NEUTRAL,0.9,"The sentence focuses on the efficacy of public health measures in reducing infections, without addressing the structural expansion of executive power or institutions.",ParlaMint-HU_2020-03-09,u2020-03-09-141-9,"Azt remélem, hogy ezek az intézkedések hozzá fognak járulni ahhoz, hogy Magyarországon a lehető legkevesebb fertőzés lesz."
461,NEUTRAL,0.9,"The sentence factually describes the pandemic's spread in Europe and expresses hope for cooperation, without addressing the expansion or limitation of executive power.",ParlaMint-HU_2020-03-09,u2020-03-09-141-10,"De ha megnézzük, hogy hogy áll ma Európa, akkor azt látjuk, hogy a koronavírus most már a kontinensen is rendkívül nagy mértékben és gyorsan terjed, ezért abban bízunk, hogy az együttműködés sikeres és eredményes lesz."
462,CONTRA,0.9,"The MP cites this case to criticize perceived double standards and the political weaponization of the justice system against opponents, opposing executive overreach.",ParlaMint-HU_2020-03-09,u2020-03-09-151-4,"Egy 20 éves soproni egyetemistát, aki az önkormányzati választási kampányban leszedett 3, azaz három darab fideszes plakátot, most lopással gyanúsítanak büntetőeljárásban."
463,CONTRA,0.95,"The speaker criticizes selective law enforcement and the lack of prosecution for ruling-party activists, challenging the executive's influence over independent democratic institutions.",ParlaMint-HU_2020-03-09,u2020-03-09-151-5,"Eközben a fideszes aktivisták az európai parlamenti választáson, pontosan május 25-én kisbusszal szállítottak el több tucat, pontosan 41 MSZP-s plakátot Győrben, de mivel arra hivatkoztak, hogy ők nem ellopták, csak a szelektívhulladék-gyűjtőbe akarták vinni az általuk letépkedett hirdetéseket, velük szemben az ügyészség nem látott törvényes indokot az eljárásra. Államtitkár úr, jelezném, hogy a fiatal, 20 éves srác is azt mondta, hogy csak a szelektívhulladék-gyűjtőbe akarta lerakni a plakátokat."
464,CONTRA,0.95,"The MP criticizes the prosecution's double standards and political bias, challenging the executive's influence over independent democratic institutions.",ParlaMint-HU_2020-03-09,u2020-03-09-151-6,Ezek után felmerül a kérdés: vajon az ügyészség miért alkalmazott kettős mércét?
465,CONTRA,0.9,"The sentence questions prosecutorial double standards, which the MP uses to criticize the partisan politicization of state institutions, opposing executive aggrandisement.",ParlaMint-HU_2020-03-09,u2020-03-09-151-7,Miért ítéli meg ennyire eltérően a két ügyet?
466,CONTRA,0.95,"The sentence illustrates alleged political bias within the police, used by the MP to criticize the executive's undermining of impartial democratic institutions.",ParlaMint-HU_2020-03-09,u2020-03-09-151-8,"A választ maga a rendőrség adta meg, amikor azt kérdezték a fiútól: apukád vajon ehhez mit fog szólni?"
467,CONTRA,0.9,"The sentence highlights political bias in policing, supporting the MP's broader critique of the executive's use of state institutions to target political opposition.",ParlaMint-HU_2020-03-09,u2020-03-09-151-9,"Ahogy az ifjú fiú nyilatkozta is később, a rendőrök pontosan tudták, hogy egy szocialista politikus fia."
468,CONTRA,0.95,"The sentence criticizes potential political show trials, accusing the government of using the prosecution and police to target opposition figures, thus opposing executive overreach.",ParlaMint-HU_2020-03-09,u2020-03-09-151-10,Vajon ismét egy újabb fideszes koncepciós pert látunk?
469,CONTRA,1.0,"The MP criticizes the politicization of state institutions, accusing the executive of using the prosecution and police as a 'party service' to favor Fidesz.",ParlaMint-HU_2020-03-09,u2020-03-09-151-11,"A kettős mérce nem áll messze a Fidesztől, és az, hogy mennyire látványos és durva a pártszolgálata az ügyészségnek és a rendőrségnek, az ismét bebizonyosodott."
470,CONTRA,0.9,"The sentence highlights an opposition response to alleged partisan bias in the judiciary, opposing the executive's undermining of impartial democratic institutions.",ParlaMint-HU_2020-03-09,u2020-03-09-151-12,Az ügy súlyosságára való tekintettel az MSZP a Legfőbb Ügyészséghez fordult múlt héten.
471,CONTRA,0.85,"The sentence challenges the executive over partisan double standards in law enforcement, opposing the political capture of state institutions described in the speech.",ParlaMint-HU_2020-03-09,u2020-03-09-151-13,"Ezeket a kérdéseket tettük fel, de ezt önnek is feltenném, és a rendőrségről is kérdezném a véleményét."
472,CONTRA,0.95,"The MP criticizes the prosecution and police for double standards, accusing the executive of using state institutions to unfairly target political opponents.",ParlaMint-HU_2020-03-09,u2020-03-09-151-14,"Miért alkalmaz kettős mércét az ügyészség, illetve a rendőrség?"
473,CONTRA,0.9,"The MP criticizes partisan double standards in law enforcement, opposing the executive's weaponization of state institutions against political opponents, which undermines democratic fairness.",ParlaMint-HU_2020-03-09,u2020-03-09-151-15,"Mivel magyarázza, hogy a két eset ennyire eltérően ítéltetik meg?"
474,CONTRA,0.9,"The sentence questions the legitimacy of law enforcement, forming part of a critique against political bias and executive control over independent institutions.",ParlaMint-HU_2020-03-09,u2020-03-09-151-16,"Helyesnek tartjae az ügyészség, illetve a rendőrség…"
475,CONTRA,0.95,"The MP criticizes discriminatory law enforcement and double standards favoring the ruling party, highlighting the erosion of institutional impartiality and democratic fairness.",ParlaMint-HU_2020-03-09,u2020-03-09-151-17,"Vagyis mi a véleménye arról, hogy akár több tucat ellenzéki plakátot leszedni törvényes, de akár már néhány kormánypárti plakát levétele Btk. által szankcionálható? Államtitkár úr, válaszom tiszteletteljes válaszát."
476,NEUTRAL,0.9,"The sentence maintains institutional separation by deferring to the prosecutor's competence, representing a procedural stance that neither advocates for nor criticizes executive aggrandisement.",ParlaMint-HU_2020-03-09,u2020-03-09-153-5,"Szeretném fölhívni a figyelmét az ön által elmondottakra, hiszen az azonnali kérdését az ügyészséghez címezte, és én azt szeretném önnek elmondani, hogy akkor jár el helyesen, ha úgy, ahogy mondta, az ügyészséghez fordul, hiszen ebben az ügyben, az ön által kérdezett ügyben vagy ügyekben az ügyészség illetékes. Én az ügyészség helyét nem szeretném átvenni, az ügyészség helyett nem szeretnék nyilatkozni."
477,NEUTRAL,0.9,The sentence neutrally asserts Hungary's status as a democratic rule-of-law state while clarifying the functional roles of the police and prosecution.,ParlaMint-HU_2020-03-09,u2020-03-09-153-6,"Egyébként Magyarország demokratikus jogállam  , ahol a rendőrség ha már a rendőrséget kérdezte Magyarország valamennyi településén minden jogsértővel szemben határozottan fellép az emberek élet- és vagyonbiztonsága érdekében. Úgyhogy ebben az ügyben, ahogy ön mondta, az ügyészség illetékes, és bízom abban, hogy az ügyészségtől megkapja a válaszát."
478,CONTRA,0.95,"The MP criticizes the government and police for using 'double standards' and 'conceptual proceedings,' opposing the executive's abuse of power and institutional undermining.",ParlaMint-HU_2020-03-09,u2020-03-09-155-1,"Államtitkár úr, nem tudom elfogadni a válaszát  , hiszen jeleztem, hogy szeretném tudni a véleményét arról, hogy mit gondol a rendőrségnek ezen eljárásáról, hiszen a kettős mérce világosan megmutatkozott a rendőri eljárásban is ahogy ezt ön is tudja , és az is látszik, hogy ez egy koncepciós eljárás. Én azt hiszem, hogy a Fidesznek már elég régóta vannak ilyen ügyei, nem ez az első eset, hogy ilyen esetben kettős mércét használnak."
479,CONTRA,0.95,"The sentence criticizes the government's double standards and suppression of opposition campaigns, highlighting an unfair expansion of executive influence over democratic processes.",ParlaMint-HU_2020-03-09,u2020-03-09-155-2,"Szekszárdon is volt az őszi önkormányzati választáson, de a II. kerületben is ilyen eset, amikor eljárás nem volt, de akár a Jobbikra, ha nézek, 2017-ben az országos kampányukkal kapcsolatban sorra takarították el a plakátjaikat, amit a kormánnyal szemben indított, ott sem indult eljárás."
480,CONTRA,0.9,"The sentence summarizes an argument against biased state enforcement, criticizing the government's double standards and its impact on the democratic rule of law.",ParlaMint-HU_2020-03-09,u2020-03-09-155-3,Tehát a kettős mérce világos és egyértelmű.
481,CONTRA,0.95,"The MP criticizes government bias and double standards, explicitly advocating for the defense of the democratic rule of law against executive overreach.",ParlaMint-HU_2020-03-09,u2020-03-09-155-4,"Közeledve március 15-éhez én azt hiszem, hogy nemcsak a törvény előtti egyenlőségért kell újra meg újra megharcolni, hanem a demokratikus jogállamért is, amit ön mondott."
482,NEUTRAL,0.9,"The speaker asserts the police's adherence to current laws and the constitution, providing a factual justification of executive conduct rather than advocating power expansion.",ParlaMint-HU_2020-03-09,u2020-03-09-157-2,"Képviselő asszony, szeretném megnyugtatni, hogy a rendőrség, Magyarország rendőrsége az 1994. évi XXXIV. törvény, a rendőrségi törvény és Magyarország Alaptörvénye szerint látja el feladatát."
483,PRO,0.8,"The MP defends the executive's authority by citing public trust in police, aiming to legitimize the state's security apparatus and dismiss parliamentary criticism.",ParlaMint-HU_2020-03-09,u2020-03-09-157-3,"A társadalom megítélése szerint egyre nagyobb a bizalom a rendőrségi tevékenység, a rendőrség munkája iránt."
484,NEUTRAL,0.9,"The sentence reports parliamentary consensus on police effectiveness and security measures, without explicitly advocating for or criticizing the expansion of executive power.",ParlaMint-HU_2020-03-09,u2020-03-09-157-4,"Itt a parlamentben is hétfőnként azt tapasztalom, hogy a képviselők akár kormánypárti, akár ellenzéki képviselők elismeréssel szólnak a rendőrség munkájáról, a határvédelemről  a Magyarország, a magyar emberek biztonsága érdekében tett intézkedésekről, vagy akár a belbiztonság növelése érdekében tett intézkedésekről."
485,NEUTRAL,0.9,"The sentence lists public safety improvements and asserts police impartiality, defending government performance without explicitly advocating for or criticizing the expansion of executive power.",ParlaMint-HU_2020-03-09,u2020-03-09-157-5,"Itt is elmondom, hogy az elmúlt tíz évvel összehasonlítva jelentősen, több mint felével csökkent az ismertté vált bűncselekmények száma, nagyobb a közbiztonság, nagyobb biztonságban érzik magukat az emberek, és a rendőrség nem alkalmaz kettős mércét."
486,NEUTRAL,0.9,"The sentence describes Hungary as a rule-of-law state with legal equality, asserting democratic stability rather than advocating for or against executive power expansion.",ParlaMint-HU_2020-03-09,u2020-03-09-157-6,"Magyarország demokratikus jogállam, itt a törvények előtt mindenki egyenlő, és aki megsérti a jogot, megsérti a törvényeket, annak viselni kell tettének következményeit."
487,NEUTRAL,1.0,"The sentence is a formal greeting and factual statement about the pandemic, showing no stance on executive power or democratic institutions.",ParlaMint-HU_2020-03-09,u2020-03-09-163-1,"Köszönöm szépen, elnök úr. Államtitkár úr, a koronavírus megérkezett hozzánk is."
488,NEUTRAL,1.0,The sentence is a factual observation about the parliamentary discussion topic and does not address executive power or democratic institutions.,ParlaMint-HU_2020-03-09,u2020-03-09-163-2,A mai nap is egyfolytában erről beszéltünk.
489,NEUTRAL,0.95,"The sentence factually describes the pandemic and quarantine measures as reasonable, without addressing executive power or democratic institutions.",ParlaMint-HU_2020-03-09,u2020-03-09-163-3,"Egyre nő a regisztrált fertőzöttek száma hazánkban, így nem ringathatjuk magunkat abban az illúzióban, hogy a fertőzés nem kezd el terjedni is az országban. Észszerű óvintézkedés, hogy a fertőzésgyanús személyeknek két hétre karanténba kell vonulniuk, ez viszont két hét távollétet jelent a munkából."
490,NEUTRAL,0.95,The sentence addresses socio-economic impacts of quarantine measures and does not discuss the scope of executive power or the health of democratic institutions.,ParlaMint-HU_2020-03-09,u2020-03-09-163-4,"Erre az időre természetesen nem jár munkabér jelen állás szerint, és nincsenek kevesen Magyarországon, akik kétheti jövedelemkiesést semmiképp nem engedhetnek meg maguknak."
491,NEUTRAL,0.95,"The sentence identifies a legal loophole regarding sick pay during quarantine, focusing on social welfare rather than executive power dynamics or institutional shifts.",ParlaMint-HU_2020-03-09,u2020-03-09-163-5,"Munkajogi szakértők szerint ugyanakkor karantén idejére táppénz sem jár, mert a magyar jogrendszer a karantén fogalmát nem ismeri."
492,NEUTRAL,0.95,"The sentence addresses labor rights and welfare fairness during state-mandated quarantine, without discussing the expansion or limitation of executive power itself.",ParlaMint-HU_2020-03-09,u2020-03-09-163-6,"Ez semmiképpen nem méltányos, hiszen aki karanténba kerül, az nem saját elhatározásából kerül oda, hanem hatósági intézkedés következtében, közérdekből marad távol a munkától."
493,NEUTRAL,0.9,The sentence discusses public health compliance and financial hardship without addressing executive power expansion or democratic institutions within the context of the COVID-19 response.,ParlaMint-HU_2020-03-09,u2020-03-09-163-7,"Akinek a jövedelmi helyzete nem teszi lehetővé a két hét kiesést, az igyekezni fog elkerülni ezt a bizonyos karantént, kijátszani az egészségügyi szabályozást, eltagadni, hogy olyan területen járt, ahol megfertőződhetett, így pedig csak elősegíti a járvány terjedését."
494,NEUTRAL,0.95,"The sentence identifies economic hardships of quarantined individuals, focusing on social policy rather than the expansion of executive power or democratic institutional changes.",ParlaMint-HU_2020-03-09,u2020-03-09-163-8,"Ugyanennek a problémának a másik oldala, hogy a karanténba zárt személynek ezalatt mindenféle fizetési kötelezettsége, például tartásdíj, lakásbérleti díj, közüzemi számlák, bankhiteltörlesztés vagy adóhivatali tartozása is keletkezhet, amelyeknek nem tud eleget tenni, hiszen éppen karanténban van."
495,NEUTRAL,0.9,"The sentence requests state financial protection for citizens during the pandemic, focusing on social policy rather than shifts in executive power or democratic institutions.",ParlaMint-HU_2020-03-09,u2020-03-09-163-9,"Az államnak intézkednie kell arról, hogy a közérdekből karanténba zártakat ne érje hátrány azért, mert anyagi kötelezettségeiket emiatt nem képesek teljesíteni."
496,NEUTRAL,1.0,"The sentence is a neutral request for information regarding government policy on social issues, not addressing the expansion or limitation of executive power.",ParlaMint-HU_2020-03-09,u2020-03-09-163-10,"Kérdezem ezért államtitkár urat, milyen intézkedéseket tervez a kormány az említett problémák elhárítására."
497,NEUTRAL,0.9,The sentence identifies a lack of response in a parliamentary exchange without addressing the expansion of executive power or democratic institutional health.,ParlaMint-HU_2020-03-09,u2020-03-09-167-2,Igazából államtitkár úr egyelőre nem tudott válaszolni a kérdéseimre.
498,NEUTRAL,0.95,"The sentence neutrally states that the opposition submitted a legislative proposal, focusing on social issues rather than executive power dynamics.",ParlaMint-HU_2020-03-09,u2020-03-09-167-3,"Felhívnám a figyelmét arra, talán elkerülte a figyelmét, hogy a Demokratikus Koalíció képviselői törvényjavaslatot nyújtottak be e gondok orvoslására."
499,NEUTRAL,0.95,"The sentence proposes a legislative policy regarding wages during quarantine, failing to address the distribution of power between the executive and other branches.",ParlaMint-HU_2020-03-09,u2020-03-09-167-4,"Javasoljuk, hogy törvény mondja azt ki, hogy karantén idejére mindenkinek jár a munkabér, amit a költségvetésnek kell utólag megtérítenie a munkáltató felé."
500,NEUTRAL,0.95,"The MP proposes socio-economic relief measures via legislation, focusing on worker protections and debt relief rather than executive power dynamics or institutional changes.",ParlaMint-HU_2020-03-09,u2020-03-09-167-5,"Javasoljuk azt, hogy a karantén kezdetétől annak lejártát követő egy hónapig a munkavállalót a munkáltató ne rúghassa ki, tehát egyoldalú döntéssel ne bocsáthassa el. Javasoljuk, hogy a karanténba zártak intézményekkel szembeni tartozására az intézmény kötelezően biztosítson legalább 3 hónapnyi kamatmentes részletfizetési lehetőséget. És végül a magánszemélyekkel szembeni tartozást pedig a költségvetés vállalja át azzal, hogy az adós a karantén lejártát követő 3 hónap során kamatmentesen térítheti azt vissza a kincstárnak."
501,NEUTRAL,0.9,The sentence is a direct inquiry about the government's support for specific policy proposals and does not discuss executive power expansion.,ParlaMint-HU_2020-03-09,u2020-03-09-167-6,"Kérdezem államtitkár urat, hogy ezek a pontok támogathatóke, a kormány hajlandóe támogatni a DK javaslatait."
502,NEUTRAL,0.95,The sentence criticizes free trade agreements' consequences for health and environment but does not address the expansion of executive power or democratic institutions.,ParlaMint-HU_2020-03-09,u2020-03-09-177-2,Tisztelt Miniszter Úr! Általában a szabadkereskedelmi egyezmények sok sebből véreznek.
503,NEUTRAL,0.9,"The sentence focuses on environmental and food safety concerns within trade agreements, failing to address executive power expansion or the erosion of democratic institutions.",ParlaMint-HU_2020-03-09,u2020-03-09-177-3,"Sokszor a szigorúbb környezetvédelmi, élelmiszer-biztonsági szabályok esnek áldozatául, vagyis az egészségünk és az élhető környezet. Úgy tűnt, hogy az USA-EU szabadkereskedelmi egyezmény lekerült a napirendről de lehet, hogy mégsem?"
504,NEUTRAL,0.9,The sentence criticizes trade policy and food safety standards rather than addressing the structural expansion of executive power or the undermining of democratic institutions.,ParlaMint-HU_2020-03-09,u2020-03-09-177-4,Az Unió kereskedelmi biztosának legutóbbi kijelentései komoly aggodalomra adnak okot.
505,NEUTRAL,0.9,The sentence factually describes trade negotiation demands regarding food safety without addressing changes in executive power or democratic institutional health.,ParlaMint-HU_2020-03-09,u2020-03-09-177-5,"Arra az amerikai követelésre reagált, amely szerint lazítani kellene az élelmiszerek szermaradványaira, a baromfihús vegyi anyagos kezelésére ez a klórozott csirke és a génmódosított élelmiszerekre vonatkozó európai szabályozást."
506,NEUTRAL,0.95,"The sentence analyzes trade negotiation objectives regarding food safety and tariffs, providing no stance on the expansion of executive power or democratic institutions.",ParlaMint-HU_2020-03-09,u2020-03-09-177-6,"Nyilván az amerikai követelés célja az, hogy szabad utat kapjon a génmódosított, szermaradványokkal terhelt amerikai élelmiszer és a klórozott baromfihús az európai piacon, cserébe az európai autóipar amerikai vámkedvezményeiért."
507,NEUTRAL,0.9,"The sentence factually reports the EU Trade Commissioner's intent to lift regulations, without taking a clear stance for or against executive power expansion.",ParlaMint-HU_2020-03-09,u2020-03-09-177-7,"A kereskedelmi biztos kijelentette, hogy megoldásokat keres ezen szigorúbb szabályozási korlátok feloldására."
508,NEUTRAL,0.9,The sentence critiques policy trade-offs regarding trade and environment without addressing the expansion of executive power or the undermining of democratic institutions.,ParlaMint-HU_2020-03-09,u2020-03-09-177-8,"Meggyőződésem szerint, amennyiben a Bizottság enged az amerikai követelésnek, akkor nem csinál mást, mint feláldozza az európai polgárok egészségét és környezetét az autóipar oltárán."
509,NEUTRAL,0.95,"The sentence addresses trade policy and public health choices, lacking any discussion or stance regarding the structural expansion of executive power or democratic institutions.",ParlaMint-HU_2020-03-09,u2020-03-09-177-9,"Amennyiben a magyar kormány komolyan gondolja a magyar emberek egészségét és a klímavédelmi akciótervet, akkor világosan nemet kell mondania erre a szándékra."
510,NEUTRAL,0.95,The sentence poses a policy question about trade and safety standards without addressing executive power expansion or institutional changes.,ParlaMint-HU_2020-03-09,u2020-03-09-177-11,"Arra szeretnék választ kapni, hogy a magyar kormány hová áll: a szigorúbb európai élelmiszer-biztonsági és környezetvédelmi szabályok vagy az autóipar érdekei mellé."
511,NEUTRAL,0.9,"The sentence focuses on trade policy and constitutional GMO bans, presenting a factual government position without addressing executive power expansion.",ParlaMint-HU_2020-03-09,u2020-03-09-179-5,"Többszörösen is megnyugtató választ tudok adni a képviselő asszony kérdésére, hiszen a magyar kormány mindig is azt képviselte az Európai Bizottsággal folytatott egyeztetések során, hogy az uniós agrárérdekeket kell képviselni bármilyen amerikai vagy akár európai kereskedelmi érdekkel szemben is, Ráadásul mi a magyar Alaptörvény talaján állva a génmódosítás tilalmát kötelezőnek tekintjük."
512,NEUTRAL,0.9,"The sentence describes constitutional constraints and parliamentary requirements for treaty ratification concerning GMOs, focusing on legal procedures rather than executive power expansion.",ParlaMint-HU_2020-03-09,u2020-03-09-179-6,"Akkor, amikor az alkotmányt elfogadtuk, az egyik fontos változtatás volt az ön által említett területen, hogy a magyar Alaptörvény világosan tiltja a génmódosítást, úgyhogy ilyen értelemben kétharmados alkotmánymódosító döntés nélkül eleve lehetetlen lenne, hogy egy nemzetközi szerződést Magyarország ratifikáljon."
513,NEUTRAL,0.95,The sentence is a factual statement about the status of trade negotiations and does not address the distribution or expansion of executive power.,ParlaMint-HU_2020-03-09,u2020-03-09-179-7,"Végül, ami pedig a legfontosabb talán az ön kérdésével kapcsolatosan: jelenleg az Európai Unió és az Egyesült Államok között szabadkereskedelmi tárgyalások nem zajlanak."
514,CONTRA,0.9,"The MP highlights civil society's concerns regarding secret executive negotiations, criticizing the lack of transparency and democratic oversight in international trade agreements.",ParlaMint-HU_2020-03-09,u2020-03-09-181-2,"Szeretném jelezni miniszter úrnak, hogy több mint száz európai szintű civil szervezet írt egy közös közleményt, amelyben ezen aggodalmuknak adtak hangot, hogy titkos tárgyalások folyhatnak és folynak ezzel kapcsolatban.Nagyon jól tudjuk azt, hogy általában ezeket a szabadkereskedelmi egyezményeket rendkívül titkosan, zárt ajtók mögött tartják meg."
515,CONTRA,0.9,"The sentence highlights opposition to secretive executive negotiations, criticizing the lack of transparency and democratic accountability mentioned in the full speech.",ParlaMint-HU_2020-03-09,u2020-03-09-181-3,"Ilyen volt a CETA is, de legutóbb az európai zöldek is tiltakoztak a Dél-Amerika és az Európai Unió közötti szabadkereskedelmi egyezmények titkos volta miatt."
516,NEUTRAL,0.85,The sentence acknowledges a minister's reply about trade policy; it doesn't clearly support or oppose the executive's expansion of power or institutional undermining.,ParlaMint-HU_2020-03-09,u2020-03-09-181-4,"Örülök annak, hogy a miniszter úr ezt a választ mondta, hogy a magyar kormány továbbra is kiáll."
517,CONTRA,0.85,"The speaker demands accountability concerning secret trade negotiations, opposing the lack of transparency and asserting parliamentary oversight over executive actions.",ParlaMint-HU_2020-03-09,u2020-03-09-181-5,"Szeretném azt mondani, hogy én ezt most nagyon-nagyon vastag betűkkel írtam fel a papírra, és ezt számon fogjuk önöktől kérni."
518,CONTRA,0.95,"The sentence criticizes the executive's control over public media, characterizing it as institutional capture and propaganda, which opposes executive aggrandisement.",ParlaMint-HU_2020-03-09,u2020-03-09-189-5,"Egyre gyűlnek a bizonyítékok arról, ami már közhely vagy nyílt titok: a közszolgálati tévé és rádió a Fidesz pártmédiája."
519,CONTRA,0.95,"The MP criticizes the government's direct control over public media as propaganda, highlighting the undermining of democratic institutions and media independence.",ParlaMint-HU_2020-03-09,u2020-03-09-189-6,"Korábban Balogh Krisztina, az MTVA volt munkatársa tárta elénk, hogy hogyan jön az utasítás az MTVA-ba, melyik aktuális propagandát kell éppen tolni, melyik ellenzéki képviselőt kell lejáratni."
520,CONTRA,0.95,"The MP cites fearful employees to criticize the government's control of public media, highlighting the undermining of democratic institutions and executive overreach.",ParlaMint-HU_2020-03-09,u2020-03-09-189-7,"Majd egy riportban az arcukat és nevüket vállalni már nem merő, de több MTVA-s munkatárs ugyanezt elmondta, hogyan működik ez a rendszer."
521,CONTRA,0.85,This sentence presents evidence to support the speaker's broader argument against the government's systematic undermining of media independence and democratic norms.,ParlaMint-HU_2020-03-09,u2020-03-09-189-8,A legutóbb pedig a múlt héten a Politico hírportál birtokába került bizonyítékként a közmédia munkatársainak belső levelezése 2019 második feléből.
522,CONTRA,1.0,"The MP criticizes executive control over public media, comparing Fidesz propaganda and censorship to the authoritarian Kádár era's '3T' system.",ParlaMint-HU_2020-03-09,u2020-03-09-189-9,"Ebből kiderül, hogy a fideszes propaganda közvetítése mellett visszatért a Kádár-korszak a közmédiába, a rendszerváltás előtti években bevett „3T” gyakorlat: tűr, tilt és támogat."
523,CONTRA,1.0,"The sentence criticizes the government's partisan control over public media, identifying it as an undemocratic system that supports the executive while suppressing opposition.",ParlaMint-HU_2020-03-09,u2020-03-09-189-10,"Tiltott tartalom például Greta Thunberg; tűrt tartalom például a Mi Hazánk Mozgalom, aki gyakran látogatja a közmédiát, illetve az ellenzéki pártok, amikor lehet őket támadni; támogatott tartalom meg természetesen a kormány és a Fidesz javaslatai, programja."
524,CONTRA,0.95,"The MP criticizes government control over public media, viewing the lack of denial about leaked emails as evidence of state-driven propaganda and institutional capture.",ParlaMint-HU_2020-03-09,u2020-03-09-189-11,"Ezeket az e-maileket a közmédia nem cáfolta, csak a BBC-elvekről adott ki egy elég szánalmas közleményt, tehát valószínűleg ezek az e-mailek valóban léteznek."
525,CONTRA,0.95,"The MP criticizes the executive's capture of public media, arguing that the synchronization of government rhetoric and media content undermines democratic institutions.",ParlaMint-HU_2020-03-09,u2020-03-09-189-12,"Persze, nem kell sok bizonyíték arra, hogy ez a dolog létezik, hiszen ugyanazokat a szlogeneket, ugyanazokat a szófordulatokat használják a közmédiában, amiket ön például, államtitkár úr, gyakran használ, vagy a többi államtitkár úr gyakran használ."
526,CONTRA,0.95,"The MP criticizes executive interference in public media, challenging the government's control over information, which characterizes opposition to executive aggrandisement.",ParlaMint-HU_2020-03-09,u2020-03-09-189-14,"Kitől érkeznek e-mailek, telefonok az MTVA-ba, hogy miről kell vagy miről nem kell beszélni a műsorokban?"
527,CONTRA,0.9,"The MP criticizes the Prime Minister's lack of accountability regarding state media control, opposing the executive's undermining of democratic transparency and media independence.",ParlaMint-HU_2020-03-09,u2020-03-09-189-15,"Legutóbb a miniszterelnök urat is kérdeztem erről a témáról  , de akkor megfutamodott a válaszadás elől."
528,CONTRA,0.9,"The MP demands accountability regarding executive control over state media, criticizing the government's lack of transparency and its undermining of independent democratic institutions.",ParlaMint-HU_2020-03-09,u2020-03-09-189-16,"Remélem, önnek lesz elég bátorsága ahhoz, hogy erre az egyszerű kérdésre válaszoljon."
529,CONTRA,0.8,"The sentence challenges the executive's lack of transparency regarding its influence over public media, forming part of a broader critique against government control.",ParlaMint-HU_2020-03-09,u2020-03-09-193-3,"Nem válaszolt arra, hogy kitől jönnek ezek az üzenetek."
530,CONTRA,0.8,"The sentence highlights the opaque nature of executive influence over state media, criticizing the lack of transparency and accountability in democratic institutions.",ParlaMint-HU_2020-03-09,u2020-03-09-193-4,"Ezt az MTVA munkatársai se tudják, jó lenne, ha mi is tudnánk.Kedves Államtitkár Úr!"
531,CONTRA,0.9,"The MP criticizes the executive's hostility toward parliamentary oversight and disagreement, suggesting they only tolerate democratic processes for the sake of appearances.",ParlaMint-HU_2020-03-09,u2020-03-09-193-5,"Itt a parlamentben, gondolom, nagyon zavarja önöket, hogy kritizáljuk önöket, hozzászólunk, hogy nem értünk egyet a kormánnyal, mégis valamiért fenntartják ezt a viszonyt."
532,CONTRA,0.9,"The MP ironically highlights the executive's power to eliminate opposition, criticizing the government's dominance and the erosion of democratic institutional checks.",ParlaMint-HU_2020-03-09,u2020-03-09-193-6,"Megtehetnék, hogy megszüntetik, hiszen kétharmados többségük van, de elég rosszul nézne ki."
533,CONTRA,0.8,"This rhetorical question frames the MP's critique of the executive's capture of public media, identifying it as an erosion of democratic institutions.",ParlaMint-HU_2020-03-09,u2020-03-09-193-7,"Tudja, mi a különbség a közmédia és a parlament között?"
534,CONTRA,0.95,"The MP criticizes the government for excluding opposition voices from public media, thereby undermining democratic pluralism and information freedom.",ParlaMint-HU_2020-03-09,u2020-03-09-193-9,"A közmédiának is ugyanúgy kéne működnie, ahogy itt a parlamentnek: az ellenzéki képviselőknek is szót kéne adni, az ellenzéki képviselőket is be kéne hívni a közmédiába; ez nem történik meg, például Karácsony Gergelyt is egyetlenegyszer sikerült behívni főpolgármesterként a közmédiába."
535,CONTRA,0.95,"The MP criticizes the executive branch for failing its duty to ensure information freedom, explicitly opposing the government's control over state media.",ParlaMint-HU_2020-03-09,u2020-03-09-193-10,"Ez nem közmédia, és önöknek a végrehajtó hatalom felelőseként biztosítaniuk kéne az egyenlő információszabadságot."
536,CONTRA,0.95,"The MP criticizes the executive for failing to ensure information freedom and manipulating public media, directly opposing the government's control over democratic institutions.",ParlaMint-HU_2020-03-09,u2020-03-09-193-11,"Ez az, amit nem tesznek meg, sőt befolyásolják ezt."
537,CONTRA,0.9,"The MP criticizes the executive's undue influence over public media, identifying it as a failure to ensure democratic information freedom and institutional independence.",ParlaMint-HU_2020-03-09,u2020-03-09-193-12,"Hamarosan ki fog derülni nem csak e-mailekből, hogy milyen hatással vannak önök a közmédiára."
538,NEUTRAL,0.85,"The speaker highlights security as a shared achievement of the government and parliament, focusing on policy implementation rather than expanding executive authority.",ParlaMint-HU_2020-03-09,u2020-03-09-199-5,"Szeretném önnek és a tisztelt Háznak elmondani, hogy ma a biztonság a legfontosabb közösségi érték, és Magyarország, hála a kormány és az Országgyűlés döntéseinek, biztonságos országnak számít Európában és az egész világon.Ami az illegális migráció elleni küzdelmet jelenti, Magyarország 2015 óta világos álláspontot foglal el és világos gyakorlatot követ, hogy meg kell védeni minden uniós tagállamnak a külső határait, és Magyarország eleget tesz ennek."
539,NEUTRAL,0.9,"The sentence provides factual information regarding border security funding and EU relations, without explicitly addressing the expansion of executive authority or democratic institutions.",ParlaMint-HU_2020-03-09,u2020-03-09-199-6,"Több mint egymilliárd eurót fordítottunk erre a célra, és az Európai Uniótól mindössze 20 millió eurós támogatásra kaptunk ígéretet, annak egy része érkezett csak meg, a nagyobb része még meg sem érkezett."
540,NEUTRAL,0.9,The sentence factually describes border defense efforts without explicitly advocating for expanded executive authority or undermining democratic checks and balances.,ParlaMint-HU_2020-03-09,u2020-03-09-199-7,Tehát Magyarország önerőből védi a határait.
541,NEUTRAL,0.9,The sentence provides a factual account of border security challenges and migration statistics without taking a stance on the expansion of executive power.,ParlaMint-HU_2020-03-09,u2020-03-09-199-8,"Ami a legfrissebb eseményeket illeti, illetőleg még utalnék a 2019-es harmadik, illetőleg negyedik negyedévi tapasztalatokra, akkor is látszott, hogy a helyzet súlyosbodott a déli határon, növekedett az illegális migránsok száma, új módon, alagutat ástak, a folyókon próbáltak átkelni, a kerítést akarták áttörni, minden módon megpróbáltak illegálisan bejutni Magyarországra."
542,NEUTRAL,0.95,The sentence provides factual migration statistics without explicitly advocating for or criticizing the expansion of executive authority or the undermining of democratic institutions.,ParlaMint-HU_2020-03-09,u2020-03-09-199-9,"Több mint 17 252 ilyen kísérlet volt, ami jelentős növekedés 2018-hoz képest."
543,NEUTRAL,0.95,"The sentence presents factual statistics about migration attempts, serving as a neutral report of data rather than an explicit stance on executive power.",ParlaMint-HU_2020-03-09,u2020-03-09-199-10,"Ha a 2020-as első két hónap adatait nézzük, azt mondhatjuk, hogy több mint hétezer illegális kísérlet történt Magyarországra való bejutásra."
544,NEUTRAL,0.9,The sentence provides a factual account of executive actions regarding border security without explicitly endorsing or opposing the expansion of power.,ParlaMint-HU_2020-03-09,u2020-03-09-199-11,"Azt is szeretném elmondani, hogy a görög-török határon kialakult legújabb helyzetre is reagált a kormány, a biztonsági kabinetet miniszterelnök úr összehívta."
545,PRO,0.8,"The sentence advocates for executive-led security measures, portraying the government's centralized decision-making as the primary source of national safety and protection.",ParlaMint-HU_2020-03-09,u2020-03-09-199-12,"A déli határ további megerősítéséről döntött a biztonsági kabinet, illetve a kormány, aminek alapján azt mondhatjuk, hogy Magyarország és a magyar emberek biztonságban vannak; függetlenül attól, hogy milyen migrációs nyomásnak lesznek kitéve, Magyarország rendelkezik akkora erővel, hogy meg tudja védeni az országot."
546,PRO,0.85,"The sentence advocates for maintaining a 'mandate' for the executive to act during crises, supporting centralized power justified by popular will.",ParlaMint-HU_2020-03-09,u2020-03-09-201-3,"A magyar emberek több alkalommal világosan döntöttek azzal kapcsolatban, hogy ők akarják meghatározni azt, hogy kivel akarnak együtt élni, erre pedig nagy szükség van, hogy ez a felhatalmazás a jövőben is életben maradjon, hiszen, ahogy mondtam, kiélezett helyzet van."
547,NEUTRAL,0.9,The sentence factually lists debate topics like Turkey and the coronavirus without explicitly advocating for or criticizing the expansion of executive branch power.,ParlaMint-HU_2020-03-09,u2020-03-09-201-4,"S nemcsak a törökországi események miatt, hanem ma a Házban már többször beszéltünk a koronavírusról."
548,PRO,0.85,"The MP justifies emergency powers ('veszélyhelyzet') through security and health risks, supporting the executive's expanded authority and control over borders.",ParlaMint-HU_2020-03-09,u2020-03-09-201-5,"Azért ne felejtsük el azt, hogy semmilyen egészségügyi kontroll nincs a migránsok között, tehát erre a veszélyhelyzetre való tekintettel is fontos az, hogy a határaink védve és őrizve legyenek."
549,PRO,0.85,"The MP praises the government's 'attitude' over Brussels, legitimizing the executive's centralized power and the continuation of the emergency mandate mentioned in the speech.",ParlaMint-HU_2020-03-09,u2020-03-09-201-6,"Látható az, hogy a Soros-féle migránsbarát brüsszeli politika csődöt mondott, és fel kell ismernünk azt, hogy nemcsak Magyarországon örvend tiszteletnek az a fajta hozzáállás, amit a kormány tanúsít, hanem most már egyre inkább Európában."
550,NEUTRAL,1.0,The sentence is a factual reference to a newspaper article and contains no evaluative content regarding executive power or democratic institutional changes.,ParlaMint-HU_2020-03-09,u2020-03-09-201-7,Utalnék itt a Die Presse múlt héten megjelent cikkére.
551,PRO,0.85,"The MP advocates for 'firm action' similar to 2015 measures, supporting strong executive power and extraordinary measures for national security.",ParlaMint-HU_2020-03-09,u2020-03-09-201-8,"Azt gondolom, hogy arra a határozott fellépésre, amely Magyarország számára biztonságot nyújtott 2015-ben, most hatványozottan van szükség Európa tekintetében."
552,NEUTRAL,0.95,The sentence describes Greek border control efforts factually without advocating for or criticizing the expansion of executive power or undermining democratic institutions.,ParlaMint-HU_2020-03-09,u2020-03-09-203-5,"Utalnék arra, hogy Görögország óriási erőfeszítéseket tesz annak érdekében, hogy meg tudja védeni a görög-török határt, és meg tudja gátolni a Törökország felől érkező migránsok bejutását."
553,NEUTRAL,1.0,"The sentence is a factual statement about Greece's military capacity regarding border security, lacking any stance on Hungarian executive power or democratic institutions.",ParlaMint-HU_2020-03-09,u2020-03-09-203-6,"Görögország rendelkezik az Európai Unióban egyik legnagyobb hadsereggel, közel félmilliós hadsereg áll Görögország rendelkezésére."
554,NEUTRAL,0.9,The sentence provides factual data on migration and border threats without explicitly advocating for or criticizing the expansion of executive powers or institutional changes.,ParlaMint-HU_2020-03-09,u2020-03-09-203-7,"Bízunk abban, hogy sikeres lesz a fellépésük, de nem szabad elfelejteni, hogy ettől függetlenül jelenleg is 130 ezer illegális migráns tartózkodik a balkáni útvonalon, és ebből közel 10 ezer illegális migráns van Szerbiában, akik minden módon próbálnak bejutni az Európai Unióba, és ezt Magyarországon át is megpróbálják megtenni."
555,NEUTRAL,0.9,"The sentence factually lists migration incidents to provide context for the speech regarding security, without explicitly advocating for or against expansion of executive authority.",ParlaMint-HU_2020-03-09,u2020-03-09-203-8,"Engedje meg, hogy utaljak a január 28-ai áttörési kísérletre, amikor 60-70 migráns próbált átjönni, vagy a február 6-ai migránskaravánra, amikor több száz migráns próbált erődemonstrációt végrehajtani a magyar határon, és most itt van ez a legújabb fejlemény a török elnök bejelentése, amely új helyzetet teremtett."
556,NEUTRAL,0.9,The sentence focuses on border security and the government's commitment to safety without addressing executive power structures or democratic institutional changes.,ParlaMint-HU_2020-03-09,u2020-03-09-203-9,"De szeretném leszögezni itt és most is, hogy Magyarország elszánt, megvédjük a határokat, de valóban, úgy, ahogy mondta, a veszély nem múlt el, a veszély megvan, de Magyarország Kormánya mindent megtesz annak érdekében, hogy a magyar emberek és Magyarország biztonsága továbbra is fennmaradjon."
557,NEUTRAL,1.0,"The sentence provides factual background on a corporate bankruptcy and layoffs, without addressing executive power or institutional changes.",ParlaMint-HU_2020-03-09,u2020-03-09-205-3,"Tisztelt Államtitkár Úr! 2016-ban csődöt jelentett a Palóc Nagykereskedelmi Kft., ami annyit jelentett abban az időben, hogy 80 boltot volt kénytelen bezárni, és 1300 dolgozótól kellett megváljon."
558,NEUTRAL,0.9,"The sentence factually describes a parliamentary inquiry and the government's response regarding worker compensation, without addressing executive power or institutional changes.",ParlaMint-HU_2020-03-09,u2020-03-09-205-4,"Még abban az évben írásban fordultunk Sneider Tamás képviselő úr részéről a kormányhoz azzal a kérdéssel, hogy mit tesz a kormány annak érdekében, hogy a csődöt jelentő Palóc Nagykereskedelmi Kft. munkatársai mielőbb megkapják elmaradt bérüket. Érkezett is rá válasz, melynek a lényegi része az volt, hogy maradéktalanul kártalanítani fogják a dolgozókat."
559,NEUTRAL,0.9,"The sentence factually describes insufficient worker compensation from a state fund, without addressing the scope or abuse of executive power or democratic institutions.",ParlaMint-HU_2020-03-09,u2020-03-09-205-5,"Ezt követően, meg kell említeni, hogy a Bérgarancia Alapból kaptak, ugyanakkor viszont korántsem kielégítő és teljes kártérítést."
560,NEUTRAL,0.9,"The sentence focuses on administrative silence and a specific court ruling regarding a bankruptcy case, without addressing the expansion of executive authority.",ParlaMint-HU_2020-03-09,u2020-03-09-205-6,"Ezután fordultak ismét a kormányhoz, a pénzügyminiszterhez, hogy járjon el az ügyükben, ugyanakkor viszont erre a levélre már több mint 400 napja válasz nem érkezett. És akkor álljon itt egy bírósági végzés a Balassagyarmati Törvényszékről 2018-ból, amely arról rendelkezik, hogy a felszámolói díjat 63 millió forintban állapítják meg, és egyébként ezt az összeget át kell utalni."
561,NEUTRAL,0.95,The sentence provides factual details about employees' claims in a bankruptcy case without addressing executive power or democratic institutions.,ParlaMint-HU_2020-03-09,u2020-03-09-205-7,"Arról is említést tesz, hogy 111 magánszemélyt tartanak nyilván, akik jogos követeléssel állnak szemben a céggel, hiszen felmondási idejük vagy végkielégítésük miatt jár nekik egyébként összességében 100 millió forint."
562,NEUTRAL,0.95,"The sentence discusses bankruptcy liquidation and worker compensation, which are unrelated to executive power expansion or the undermining of democratic institutions.",ParlaMint-HU_2020-03-09,u2020-03-09-205-8,"Több mint egymilliárd forint volt az, amit a felszámolási biztos jelentett, hogy be tudtak hajtani összegként, ez viszont elment arra, hogy kifizették a NAV-ot, kifizették a bankokat és kifizették az áruházláncokat, csak pont az a baj, hogy a dolgozókat nem."
563,NEUTRAL,0.9,"The sentence focuses on labor compensation in a liquidation process, lacking any reference to executive power expansion or the undermining of democratic institutions.",ParlaMint-HU_2020-03-09,u2020-03-09-205-9,"A dolgozókat nem, akiket pedig először kellett volna."
564,NEUTRAL,0.95,"The sentence is a specific inquiry about worker compensation and government promises, not addressing institutional power dynamics or the undermining of democratic structures.",ParlaMint-HU_2020-03-09,u2020-03-09-205-10,"Arról szeretném kérdezni államtitkár urat, hogy tude a kormány segíteni az ígéretének megfelelően a károsultakon."
565,CONTRA,0.85,"The MP criticizes the executive's failure to answer, challenging a lack of accountability that characterizes executive aggrandisement and the undermining of parliamentary oversight.",ParlaMint-HU_2020-03-09,u2020-03-09-209-1,"Köszönöm a szót, elnök úr. Államtitkár úr, ön nem a kérdésre válaszolt, ugyanakkor beszédes volt, amit mondott, rendkívül beszédes."
566,NEUTRAL,0.9,The sentence reports a delay in government payments but does not address the expansion of executive power or the undermining of democratic institutions.,ParlaMint-HU_2020-03-09,u2020-03-09-209-2,Ezek az emberek közel négy éve várják a jogos juttatásukat.
567,NEUTRAL,0.95,"The sentence addresses a specific grievance regarding unpaid benefits, making no reference to the expansion or undermining of institutional powers or executive authority.",ParlaMint-HU_2020-03-09,u2020-03-09-209-3,"Huszonketten, ha felnéz, ott látja őket a karzaton, ezek az emberek azért jöttek el ma ide, hogy öntől a kormányt képviselve hallják meg azt, hogy hozzájuthatnake ahhoz az összeghez, ami jár nekik  közel négy éve."
568,NEUTRAL,0.95,"The sentence describes individual financial grievances regarding unpaid severance, which does not relate to the expansion of executive power or democratic institutional decline.",ParlaMint-HU_2020-03-09,u2020-03-09-209-4,"Vannak emberek, akik csak pár százezer, vannak, akik ennél nagyobb összegű végkielégítést vagy jogos kifizetést várnak."
569,NEUTRAL,0.95,"The sentence emphasizes the importance of payments to families, which does not relate to the expansion of executive power or democratic decline.",ParlaMint-HU_2020-03-09,u2020-03-09-209-5,"Higgye el, államtitkár úr, ez az összeg rendkívül fontos az ő számukra, rendkívül fontos az ő családjuk számára."
570,NEUTRAL,0.95,The sentence concerns individual financial claims for severance pay and does not reference executive power expansion or the undermining of democratic institutions.,ParlaMint-HU_2020-03-09,u2020-03-09-209-6,"Nem kérnek tíz fillérrel sem többet, csak azt, ami jár, azt viszont kérik."
571,NEUTRAL,1.0,"The sentence is a general philosophical statement about the benefits of sports, unrelated to executive power or institutional expansion within the provided speech.",ParlaMint-HU_2020-03-09,u2020-03-09-213-5,"Az ókori görögök már úgy tartották, hogy a mozgás, a sport mind a testnek, mind a léleknek javára válik, az ellenkezője pedig a kárára."
572,NEUTRAL,0.95,"The sentence is a general quote about sports' role in society and does not address executive power, centralization, or democratic institutions.",ParlaMint-HU_2020-03-09,u2020-03-09-213-6,"Wolfgang Behringer kiváló német sporttörténész úgy fogalmazta meg a sportról alkotott téziseit, hogy a sport nem más, mint kulcs a társadalom működési módjához."
573,NEUTRAL,0.95,"The sentence focuses on sports policy and the Olympics, making no reference to executive power expansion or the weakening of democratic checks.",ParlaMint-HU_2020-03-09,u2020-03-09-213-7,"Ha ezt is megvizsgáljuk és megnézzük, akkor jól látható, hogy a magyar kormány sportbarát kormány, és ez nagyon helyes, szép dolog, hogy a sportot ilyen mértékben segíti és támogatja. 2020., azaz ez év július 24-én, ha minden jól megy reméljük, hogy minden jól megy , akkor olimpiára kerül sor Tokióban, Japánban. Én bízom benne, hogy nem fogja megzavarni a koronavírusnak a terjedése."
574,NEUTRAL,1.0,"The sentence and speech focus entirely on sports achievements and state support for athletics, not on expanding executive power or democratic institutions.",ParlaMint-HU_2020-03-09,u2020-03-09-213-8,"Egy biztos, hogy amire most tekintettel lehetünk, az az, hogy Magyarországnak nagyon komoly sikerei és eredményei vannak, a magyar sportolóknak kiváló eredményei vannak."
575,NEUTRAL,1.0,"The sentence provides historical facts and statistics regarding Hungary's Olympic performance, without addressing executive power or democratic institutions.",ParlaMint-HU_2020-03-09,u2020-03-09-213-9,"Ha az elmúlt időszakot végigtekintjük, gyakorlatilag az újkori olimpiák történetében, 1896 óta 28 olimpiát rendeztek, 26-on vett részt Magyarország, ’20-ban Antwerpenben és ’84-ben Los Angelesben kimaradt mindez sajnos politikai okok miatt, 177 aranyérmet szereztek eddig az újkori olimpiák történetében a télit is beleszámítva a magyar sportolók, összesen 502 érmet, nyolcadikok vagyunk a világrangsorban a sportteljesítménynek köszönhetően, óriási teljesítmény mindez."
576,NEUTRAL,0.95,"The sentence focuses on sports performance expectations and Olympic medal predictions, containing no relevance to executive power or democratic institutions.",ParlaMint-HU_2020-03-09,u2020-03-09-213-11,"A következő kérdésem lenne, hiszen hallhattuk a Magyar Olimpiai Bizottság részéről a várakozásokat, ez nagyon szép és örvendetes, 13 érmet vár a Magyar Olimpiai Bizottság, 24 pontszerző helyet, én bízom benne, hogy ezt sikerül, akár még fölötte is teljesíteni."
577,NEUTRAL,0.95,"The sentence is a factual inquiry regarding sports policy and Olympic preparation, showing no stance on executive power or institutional changes.",ParlaMint-HU_2020-03-09,u2020-03-09-213-12,"Viszont milyen várakozással tekint a tokiói olimpiára a magyar kormány, és milyen módon biztosítja a magyar sportolók felkészülését, hogy minél sikeresebbek lehessünk ezen az olimpián is?"
578,NEUTRAL,1.0,"The sentence focuses on national pride and sports achievements, lacking any reference to executive power or democratic institutional changes within the broader speech context.",ParlaMint-HU_2020-03-09,u2020-03-09-215-5,"Mindannyian nagyon-nagyon büszkék vagyunk a sportolóinkra, eredményeikre, bajnokainkra, hiszen mindannyian példaképként állnak előttünk, és amikor felcsendül a nemzeti Himnusz, akkor valamennyien úgy érezzük, hogy egy kicsit hozzájárultunk ehhez a sikerhez, és ezeket a sikereket még tovább szeretnénk kiterjeszteni."
579,NEUTRAL,0.95,"The sentence discusses national unity through sports and athlete funding, which does not relate to the expansion or criticism of executive power.",ParlaMint-HU_2020-03-09,u2020-03-09-215-6,"Hiszen a sport közösségteremtő ereje egyesít, és minden magyart pártállástól és világnézettől függetlenül támogat, ahhoz a sportolóinknak mindent meg kell adni, hogy a céljaikat el tudják érni, és ehhez biztosítjuk, amit a sportolók és a sportszakemberek kérnek, hogy az olimpián és a paralimpián nagyon sikeresen tudjanak részt venni."
580,NEUTRAL,1.0,The sentence factually describes the timeframe for Olympic preparation without addressing executive power or democratic institutional changes.,ParlaMint-HU_2020-03-09,u2020-03-09-215-7,"Hangsúlyozom, hogy ez a felkészülési időszak nemcsak erről az évről szól, hanem négy évet foglal magában, azaz Riót követően elkezdődött."
581,NEUTRAL,0.95,"The sentence lists factual budget figures for sports funding, which does not relate to the expansion of executive power or democratic institutions.",ParlaMint-HU_2020-03-09,u2020-03-09-215-8,"Csupán néhány számadatot említenék: 2018-ban 3,2 milliárd forintot fordítottunk az olimpiai felkészülés szakmai támogatására, az elmúlt évben 4,2 milliárd forintot, míg az idei esztendőben 4,6 milliárd forint kerül meghatározásra, amely a doppingellenes feladatokat is magában tartalmazza plusztámogatásként."
582,NEUTRAL,0.95,"The sentence discusses sports qualifications and COVID-19 safety measures, focusing on administrative actions without addressing the expansion or limitation of executive power.",ParlaMint-HU_2020-03-09,u2020-03-09-215-9,"Sportolóink már 72 kvótát szereztek, ezenfelül 29-en teljesítették az olimpiai indulás jogát, de tudjuk, hogy javában zajlanak az olimpiai kvalifikációs események. És itt megemlíteném, ha már a nemzetközi sporteseményekről volt szó, hogy a koronavírus egy új, soha nem tapasztalt helyzetet hozott a sport világában is, így nekünk az elsődleges feladatunk, hogy a sportolók egészségének védelmét a teljes fokon, a legmagasabb fokon tudjuk érvényesíteni, ehhez minden szükséges intézkedést a magyar kormány megtesz."
583,NEUTRAL,0.95,"The sentence discusses expected athletic success based on preparations and funding, having no relevance to the expansion or limitation of executive power.",ParlaMint-HU_2020-03-09,u2020-03-09-215-10,"Ahogy említettem, az előző év eredményeire tekintve, és ha a felkészülés, a jelen időszakát nézzük, akkor egy nagyon sikeres olimpiai és paralimpiai szereplés várható."
584,NEUTRAL,1.0,The sentence is a standard procedural greeting to the chair and lacks any content related to executive power or democratic institutions.,ParlaMint-HU_2020-03-09,u2020-03-09-217-1,"Köszönöm szépen, elnök úr, a szót."
585,NEUTRAL,0.95,"The sentence is a standard polite acknowledgement of a government response regarding sports policy, with no relevance to executive power or democratic institutions.",ParlaMint-HU_2020-03-09,u2020-03-09-217-2,Nagyon szépen köszönöm az államtitkár asszonynak a megnyugtató válaszokat.
586,NEUTRAL,1.0,"The sentence exclusively discusses hopes for the Tokyo Olympics and sports success, without addressing executive power or democratic institutions.",ParlaMint-HU_2020-03-09,u2020-03-09-217-3,"Mi is csak bizakodni tudunk, hogy megrendezésre kerül a tokiói olimpia rendes időben, rendes helyszínen, az eredetileg eltervezett helyszínen, és természetesen abban is reménykedünk és mindannyian szurkolunk, hogy a magyar sportolók minél több sikert hozzanak, hiszen az olimpia mindig a sport ünnepe, az olimpia egyben a béke szimbóluma is."
587,NEUTRAL,1.0,"The sentence focuses on the Olympics and sports achievements, lacking any relevance to the expansion of executive power or democratic institutions.",ParlaMint-HU_2020-03-09,u2020-03-09-217-4,"Már Coubertin báró is ezért indította útjára 1503 éves szünetet követően, és bízunk benne, hogy valóban bizonyos értelemben elcsitulnak a fegyverek a világban, és egy eredményes, sikeres, mindenki számára üdvözítő olimpiának lehetünk majd a részesei. Én bízom benne, hogy azok a várakozások, amelyeket a Magyar Olimpiai Bizottság is meg a kormány is megfogalmazott, teljesülnek, sőt minél több aranyéremmel, minél több éremmel térhetnek haza a magyar sportolók."
588,NEUTRAL,1.0,"The sentence focuses exclusively on the social and health benefits of the Olympics and sports, containing no reference to executive power or democratic institutions.",ParlaMint-HU_2020-03-09,u2020-03-09-217-5,"A sport, tudjuk, az olimpia különösen arról híres, hogy a részvétel a fontos, de azért mi, magyarok mindig bízunk benne hiszen szeretnénk, ha sportoló nemzetté válnánk, valóban minél többen sportolnának, és egy olimpia mindig lökést ad a sportolói kedvnek, hajlandóságnak a megadásához, sok-sok magyar gyermek kezd el sportolni az olimpiai sikerek láttán , hogy ebben az értelemben is sikeres olimpia előtt állunk."
589,NEUTRAL,1.0,"The sentence focuses on providing government support for sports, showing no intent to expand executive power or undermine democratic institutions.",ParlaMint-HU_2020-03-09,u2020-03-09-219-3,"Ugye, mindenkinek a vágya, hogy minél sikeresebbek legyenek a sportolóink, úgyhogy ehhez minden segítséget meg kívánunk adni."
590,NEUTRAL,1.0,"The text focuses on sports results and government funding for athletes, containing no references to expanding executive authority or democratic institutions.",ParlaMint-HU_2020-03-09,u2020-03-09-219-4,"Ahogy hallhattuk, a Magyar Olimpiai Bizottság 13 érmet és 14 pontszerző helyezést prognosztizált a tokiói olimpiára, ennél jóval bizakodóbbak a sportadatelemző szervezetek, ami a magyar sportolók eredményeit tekinti. Én mindig azt mondom, mint volt sportoló, hogy a sportolók céljait nézzük meg, és annak megfelelően, amit ők el szeretnének érni, nekünk bőven elég lesz, már akkor boldogok is leszünk.Úgyhogy nekünk a magyar kormány részéről minden támogatást meg kell adnunk, ehhez biztosítjuk a sportolók, illetve a sportszakemberek igényeit és kéréseit. Úgyhogy mindannyian drukkoljunk az olimpián és a paralimpián részt vevő sportolóinknak."
591,CONTRA,0.85,"The MP exposes a scandal involving a government-linked 'NER' company, implicitly criticizing the executive's system of favoritism and lack of institutional oversight.",ParlaMint-HU_2020-03-09,u2020-03-09-221-3,"Körülbelül másfél hete robbant a botrány, hogy a koronavírussal kapcsolatban fertőtlenítőszerekről derült ki, hogy a NER által egyik közkedvelt cég olyan tisztítószereket szállított be közintézményekbe a szállítmányozási cégekhez, amelyek éppen csak fertőtlenítőszert nem tartalmaztak."
592,NEUTRAL,0.9,"The sentence requests consumer protection investigations against corporate price gouging, focusing on regulatory duties rather than the expansion of executive power over democratic institutions.",ParlaMint-HU_2020-03-09,u2020-03-09-221-4,"Akkor kértük a kormányt és a hatóságokat, hogy fogyasztóvédelmi megerősítést kapjanak és vizsgálatokat indítsanak, hogy ne éljenek vissza a cégek, és főleg a kereskedelemben tapasztaltak miatt ne éljenek vissza a fogyasztókkal."
593,NEUTRAL,0.9,The sentence critiques government consumer protection efficacy but does not address the expansion of executive power or the undermining of democratic institutions.,ParlaMint-HU_2020-03-09,u2020-03-09-221-5,"Azóta mindennap kiállnak és elmondják, hogy elindították ezeket a fogyasztóvédelmi vizsgálatokat, de azt láthatjuk, államtitkár úr, hogy az elmúlt hetek felvásárlási lázának köszönhetően a kereskedelmi cégek brutális áremelést hajtottak végre Magyarországon."
594,NEUTRAL,0.9,"The sentence lists factual price increases for food items to justify consumer protection concerns, without addressing executive power or democratic institutions.",ParlaMint-HU_2020-03-09,u2020-03-09-221-6,"Néhány adatot azért mondanék, biztosan ismert államtitkár úrnak is, hogy az alma 83 százalékkal lett drágább az elmúlt hetekben, a burgonya 13 százalékkal, a liszt és a tartós tej 20 százalékkal, a csirkemell 30 százalékkal, a cukor 55 forinttal, több mint 20 százalékkal lett drágább az üzletekben, de nagyon sok terméket sorolhatnék, az alapvető élelmiszerekről beszélünk."
595,NEUTRAL,0.95,"The sentence presents factual data about fuel prices and logistics to support an economic argument, without addressing executive power or institutional changes.",ParlaMint-HU_2020-03-09,u2020-03-09-221-7,"Közben azt tapasztaljuk, hogy az elmúlt hetekben másfél hét alatt 25 forinttal esett a benzin ára, 23 forinttal a gázolajé, és a hétvégén megnyitották a lehetőséget, hogy a szállítmányozó cégek tudják szállítani a termékeiket."
596,NEUTRAL,0.95,The sentence conveys factual information regarding global oil prices and does not address the scope of executive authority or democratic institutions.,ParlaMint-HU_2020-03-09,u2020-03-09-221-8,"Amúgy pénteken 10 százalékkal esett a kőolaj világpiaci ára, és azóta most 30 százalékkal."
597,NEUTRAL,0.95,"The sentence focuses on food price inflation and market behavior, expressing no stance regarding executive power expansion or the undermining of democratic institutions.",ParlaMint-HU_2020-03-09,u2020-03-09-221-9,Semmi nem indokolja Magyarországon ezt a brutális alapvetőélelmiszer-áremelést.
598,NEUTRAL,0.95,The sentence is a procedural inquiry about consumer protection investigations and does not address the expansion of executive power or democratic institutions.,ParlaMint-HU_2020-03-09,u2020-03-09-221-10,"Elindítottáke a vizsgálatot, államtitkár úr?"
599,NEUTRAL,0.95,"The sentence asks about market intervention and consumer protection, focusing on policy implementation rather than the expansion of executive power or undermining democratic institutions.",ParlaMint-HU_2020-03-09,u2020-03-09-221-11,"Kik végzik ezeket a vizsgálatokat, és a kormánynak lehetősége van rá, beavatkozike, hogy ne rabolják le a magyar embereket ezek a kereskedelmi cégek?"
600,NEUTRAL,0.8,"The sentence questions the government's consistency regarding announced market interventions, focusing on economic outcomes and political rhetoric rather than the expansion of executive authority.",ParlaMint-HU_2020-03-09,u2020-03-09-225-1,"Államtitkár úr, hadd kérdezzem már meg, hogy miért állnak ki mindennap, és a másik államtitkár bejelenti, hogy be fognak avatkozni kormányzati szinten, hogy a piaci szereplők ne használják ki ezt a helyzetet. Én nem az elmúlt egy évről beszéltem, az elmúlt két hétről, amikor ez a brutális áremelkedés volt."
601,NEUTRAL,0.95,The sentence provides factual context about petrol price trends and world market rates without taking a stance on the expansion of executive power.,ParlaMint-HU_2020-03-09,u2020-03-09-225-2,"Tisztában vagyunk vele, hogy mi zajlott az elmúlt egy évben, de államtitkár úr, igen, abban a másfél hétben 25 forinttal lett olcsóbb a benzin, és még ez csökkenni fog, már látjuk a világpiaci árakat."
602,NEUTRAL,0.85,"The sentence criticizes government efficacy and calls for accountability regarding economic policy and price controls, without addressing the structural expansion of executive power.",ParlaMint-HU_2020-03-09,u2020-03-09-225-4,"Nem lesz olcsóbb egyetlenegy termék sem, saját magát hazudtolja meg, államtitkár úr!Én csak azt kérem, amit mindennap bejelentenek, hogy ki végzi el a vizsgálatot, milyen hatása van a vizsgálatoknak, szabtake ki azóta büntetést, mert mi csak azt látjuk, és egyszerű állampolgárként is, hogy bemegyünk a boltba, és a koronavírus megjelente óta brutálisan mennek fel az alapvetőélelmiszer-árak."
603,NEUTRAL,0.95,The sentence summarizes government claims about preventing price hikes; it does not take a stance on the expansion of executive authority or democratic institutions.,ParlaMint-HU_2020-03-09,u2020-03-09-225-5,"Önök meg kiállnak, és mindennap elmondják, hogy ezt meg fogják akadályozni."
604,NEUTRAL,0.85,"The sentence identifies market intervention as a governmental responsibility, addressing policy execution rather than the expansion of executive power or the undermining of democratic institutions.",ParlaMint-HU_2020-03-09,u2020-03-09-225-6,"A kormánynak ez a dolga, államtitkár úr."
605,NEUTRAL,0.9,"The sentence advocates for government intervention in the economy to control prices, focusing on policy implementation rather than the structural expansion of executive authority.",ParlaMint-HU_2020-03-09,u2020-03-09-225-7,"Ne azt mondja, hogy önöknek erre nincsen ráhatása, de van, államtitkár úr, csak be kell avatkozni!"
606,NEUTRAL,1.0,The sentence is a purely procedural opening that factually reports on a committee meeting without expressing any stance on executive power or institutions.,ParlaMint-HU_2020-03-09,u2020-03-09-239-4,"Tájékoztatom önöket, hogy a Törvényalkotási bizottság 2020. március 5-én tartott ülésén megtárgyalta a közérdekű cél megvalósítását szolgáló beruházásokkal összefüggésben egyes törvények módosításáról szóló T/9283. számú törvényjavaslatot."
607,NEUTRAL,1.0,"The sentence provides a factual report on committee voting results and a formal address, devoid of any stance on executive power or institutional change.",ParlaMint-HU_2020-03-09,u2020-03-09-239-5,"Az összegző módosító javaslatot és összegző jelentést a bizottság a házszabály 46. §-a alapján 25 igen szavazattal, 12 nem ellenében, tartózkodás nélkül elfogadta.Tisztelt Országgyűlés!"
608,PRO,0.85,"The sentence supports a bill that exempts central projects from local fees, thereby centralizing power and reducing the financial autonomy of municipal governments.",ParlaMint-HU_2020-03-09,u2020-03-09-239-6,"A törvényjavaslattal a kormánypártok azt javasolják, hogy mentesüljön a közterület-használati díj megfizetése alól a közérdekű, központi költségvetésből megvalósuló építési beruházások egy szűk köre."
609,PRO,0.85,"The sentence justifies central legislation that overrides local municipal authority, supporting the centralization of power at the expense of local government autonomy.",ParlaMint-HU_2020-03-09,u2020-03-09-239-7,"A törvényjavaslat benyújtását az indokolja, hogy a Baranyi Krisztina vezette ferencvárosi önkormányzat több mint 100 millió forintot szedne be a tavaly januárban leégett Ráday utcai református kollégium újjáépítése után."
610,PRO,0.85,"The sentence justifies central legislation to override local municipal fees, supporting the central government's expansion of power over local government autonomy.",ParlaMint-HU_2020-03-09,u2020-03-09-239-8,"Az építkezés a tragédia miatt szükséges, ezért nyilvánvalóan nem egy tervezett önkormányzati bevételről van szó."
611,NEUTRAL,0.95,"The sentence is a factual statement about the project's funding and timeline, lacking any explicit supportive or critical stance regarding the expansion of executive power.",ParlaMint-HU_2020-03-09,u2020-03-09-239-9,"Az újjáépítés kisebb-nagyobb adományokból, állami támogatásból végre elkezdődhetett."
612,PRO,0.85,"The MP advocates for a bill that limits local government autonomy, supporting the central executive's power to override municipal fee structures.",ParlaMint-HU_2020-03-09,u2020-03-09-239-10,"A javasolt díjmentességre még a közérdekű cél megvalósítását szolgáló beruházások esetében is csak a lehető legszűkebb, az építési munkálatok elvégzéséhez nélkülözhetetlen mértékben, időtartamban és területre korlátozottan kerülhet sor."
613,PRO,0.85,"The MP calls for support of a bill that weakens local government autonomy, which constitutes an expansion of central executive-driven control over municipal affairs.",ParlaMint-HU_2020-03-09,u2020-03-09-239-11,"Kérem tisztelt képviselőtársaimat, hogy az elhangzottak ismeretében támogassák a javaslatot."
614,NEUTRAL,1.0,This sentence is a formulaic closing expression of gratitude and contains no substantive content regarding executive power or democratic institutions.,ParlaMint-HU_2020-03-09,u2020-03-09-239-12,Köszönöm megtisztelő figyelmüket.
615,NEUTRAL,1.0,The sentence is a purely procedural remark about time constraints and does not express a stance on executive power or democratic institutions.,ParlaMint-HU_2020-03-09,u2020-03-09-245-2,"Az időkeret miatt kénytelen vagyok rendkívül szűkre szabni, amit mondani szeretnék."
616,CONTRA,0.9,"The MP identifies the law as a false pretext, ultimately criticizing the executive's use of legislation to target local authorities and political opponents.",ParlaMint-HU_2020-03-09,u2020-03-09-245-3,"Azt gondolom, hogy egyértelműen látni kell mindenkinek és ezt Z. Kárpát Dániel képviselőtársamnak is mondom , hogy ez a törvény nem, nem és nem arról szól, hogy fel akarják újítani a leégett kollégiumot."
617,CONTRA,0.85,"The MP challenges the government's legal justification, arguing the law is a pretext to bypass local authority and discredit an opponent, opposing executive overreach.",ParlaMint-HU_2020-03-09,u2020-03-09-245-4,"A kollégium nem kiemelt kormányzati beruházás, semmilyen módon jelen pillanatban nem hatályos rá ez a törvény. És ha nincs igazam, akkor cáfoljon meg képviselőtársam, ahelyett, hogy belekiabál a felszólalásomba."
618,CONTRA,0.9,"The MP criticizes the central government's misuse of law to discredit local leaders, opposing the undermining of democratic checks and local autonomy.",ParlaMint-HU_2020-03-09,u2020-03-09-245-5,Ennek a törvénynek a célja a lejáratás.
619,CONTRA,0.95,"The MP criticizes the government for using legislation to discredit an elected local official, opposing the undermining of democratic mandates and local autonomy.",ParlaMint-HU_2020-03-09,u2020-03-09-245-6,"Egyetlenegy céljuk van ezzel, hogy lejárassák a IX. kerület nagy többséggel megválasztott polgármesterét, Baranyi Krisztinát."
620,CONTRA,0.9,"The MP identifies the bill's purpose as discrediting an elected mayor, criticizing the executive's use of legislation to undermine local democratic institutions.",ParlaMint-HU_2020-03-09,u2020-03-09-245-7,Ez az egyetlen célja van ennek a törvényjavaslatnak.
621,CONTRA,0.95,"The MP criticizes the executive's use of priority investment laws to bypass local governance and favor private interests, clearly opposing centralized government overreach.",ParlaMint-HU_2020-03-09,u2020-03-09-245-8,"Ja, igen, és az, hogy megint milliárdokat hagyjanak a beruházók zsebében."
622,CONTRA,0.85,"The MP criticizes the legislation for bypassing local authorities and favoring investors, characterizing the government's use of law-making as an abusive power grab.",ParlaMint-HU_2020-03-09,u2020-03-09-245-9,Mert ez a pénz a beruházók zsebében marad.
623,CONTRA,0.85,"The MP critiques profit-driven centralized investments, challenging the executive's use of legislation to bypass local authorities and benefit private interests.",ParlaMint-HU_2020-03-09,u2020-03-09-245-10,"Mert merje azt mondani bármelyik kormánypárti képviselőtársam, hogy bármelyik kormányzati beruházás nulla forint profittal fog elkészülni."
624,CONTRA,0.9,"The sentence defends local government regulatory powers and funding against central legislative encroachment, opposing the executive's attempt to weaken local democratic institutions.",ParlaMint-HU_2020-03-09,u2020-03-09-245-11,"Azt gondolom, hogy ezt önök sem tudják igazolni. És egyébként, hozzáteszem, ez a pénz az önkormányzatoknál azért szükséges, hogy szabályozza, hogy tényleg csak a szükséges mértékben terheljék meg az ott lakókat az építés nehézségeivel."
625,CONTRA,0.85,The MP uses this example to criticize government-favored developers and the central government's attempt to bypass local municipal oversight through legislation.,ParlaMint-HU_2020-03-09,u2020-03-09-245-12,"Mondok példát: egyébként a Duna Aszfalt volt, azt hiszem, annak az előterjesztésnek a kezdvezményezettje, amely először kért és nem kapott közterület-használati engedélyt."
626,NEUTRAL,0.95,The sentence provides a factual account of a developer's revised permit request without explicitly expressing a stance for or against executive power expansion.,ParlaMint-HU_2020-03-09,u2020-03-09-245-13,"Majd utána megismételte ugyanazt a kérelmet úgy, hogy már csak feleannyi közterület igénybevételéről szólt a kérelem."
627,CONTRA,0.85,"The MP criticizes the lack of oversight on government-favored contractors, opposing the centralized legislative framework that bypasses local municipal regulations.",ParlaMint-HU_2020-03-09,u2020-03-09-245-14,"Kérem tisztelettel, ez tökéletesen igazolja azt, hogy annak a valószínűsége, hogy nem fognak itt a szükséges mértéken túl nyújtózkodni majd a kivitelezők, minimális."
628,NEUTRAL,0.9,The sentence is a rhetorical transition regarding the speaker's own discourse and does not explicitly address executive power or institutional undermining.,ParlaMint-HU_2020-03-09,u2020-03-09-245-15,"De igazándiból mindegy is, mert beszélhetek én erről hosszú órákat."
629,CONTRA,0.95,"The speaker criticizes the misuse of the legislative system for political smear campaigns, clearly opposing the executive's instrumentalization of power to undermine democratic institutions.",ParlaMint-HU_2020-03-09,u2020-03-09-245-16,"Összefoglalva: nem tudok mást mondani, mint hogy ocsmány lejáratásra próbálják felhasználni a jogalkotás rendszerét, és egyébként, amivel érvelnek, arra még csak nem is hatályos ez a törvény, elfogadása esetén sem. Köszönöm szépen."
630,NEUTRAL,1.0,"The sentence is a procedural introductory phrase used to transition into the speech, containing no stance on executive power or democratic institutions.",ParlaMint-HU_2020-03-09,u2020-03-09-247-4,Csak néhány gyors mondatban szeretnék reagálni az elhangzottakra.
631,NEUTRAL,0.9,The sentence critiques political inconsistency and local council voting on a specific proposal without addressing the expansion of executive power or democratic institutions.,ParlaMint-HU_2020-03-09,u2020-03-09-247-5,"Először is, minden tiszteletem Z. Kárpát Dániel képviselőtársunk iránt meg a kiváló álláspontja iránt, hogy most a Jobbik partner abban, hogy ezt a kollégiumügyet lerendezzék, de miért nem a jobbikos képviselőtársuk szólalt fel ez ellen a ferencvárosi ülésen  és miért szavazta meg a polgármester előterjesztését?"
632,NEUTRAL,0.95,The sentence is a rhetorical comment on parliamentary debate tactics and does not address the expansion of executive power or democratic institutions.,ParlaMint-HU_2020-03-09,u2020-03-09-247-7,Most persze könnyű itt kihegyezni erre az egészet.
633,NEUTRAL,0.9,The sentence critiques parliamentary intervention over local representative bodies but does not explicitly address the expansion of executive branch power.,ParlaMint-HU_2020-03-09,u2020-03-09-247-8,"Megértem, hogy most hirtelen a jó szándéktól vezérelve szeretnék megoldani ezt a problémát, de ott kellett volna, képviselő-testületen, helyben kezelni ezt  , és akkor talán nem állnánk itt."
634,NEUTRAL,0.9,The sentence discusses local investment costs and voting behavior without advocating for or criticizing the expansion of executive power.,ParlaMint-HU_2020-03-09,u2020-03-09-247-9,"A másik pedig az, hogy végül is ahhoz adta a döntését, hogy a református egyházat most 30 millióval a későbbiekben meg nyilván, ha a polgármester szavazatkérésének megfelelően szavaz, akkor további 70-80-90 millió forinttal drágítja a beruházást."
635,NEUTRAL,0.9,"The sentence involves a political accusation regarding financial mismanagement and past metro projects, rather than discussing executive power expansion or the erosion of democratic institutions.",ParlaMint-HU_2020-03-09,u2020-03-09-247-10,"Molnár Gyula képviselőtársamnak szeretném jelezni, amit már egyszer megbeszéltünk itt: amennyiben önnek igaza van ebben az ügyben, akkor az ön bevallása szerint végül is kétmilliárd forintot játszott át a külföldi beruházónak a hármas metró ügyében."
636,NEUTRAL,0.95,The sentence is a rhetorical dismissal of a colleague's previous point and does not express a stance on executive power or democratic institutions.,ParlaMint-HU_2020-03-09,u2020-03-09-247-12,"Erre inkább nem reagálok, képviselő úr!"
637,PRO,0.85,"The MP defends 'priority investments,' a mechanism enhancing executive discretion by bypassing local regulations, justifying it as a benefit to the public interest.",ParlaMint-HU_2020-03-09,u2020-03-09-247-13,"Összességében szerintem minden egyes kiemelt beruházásról elmondható, hogy amennyiben az egy város, egy település érdekét szolgálja, és akár a köznek, a kerületnek meg a városnak a területe is megújul a beruházás által, úgy egyébként az elmúlt időszakban, akár ellenzéki, akár kormánypárti városvezetés volt, minden egyes esetben igyekeztek kedvezménnyel biztosítani a beruházás létrejöttét. És az szerintem nagyon hibás logika és érvelés, hogy itt majd a vállalkozóknak fognak pluszkedvezményeket biztosítani, hiszen nyilván a beruházó, az önkormányzat előre tudja majd kalkulálni, ha ilyen döntés érkezik, és nyilván annyival olcsóbb lesz maga a beruházás."
638,CONTRA,0.9,"The speaker critiques the executive's decision to grant companies extra profit at the expense of local governments, opposing the central government's undermining of municipalities.",ParlaMint-HU_2020-03-09,u2020-03-09-255-2,"Az előző hozzászólások sarkalltak arra, hogy ismételten szót kérjek, ugyanis most mondták ki, hogy pluszjövedelemhez, extraprofithoz juttatják ezeket a vállalkozásokat folyamatban lévő ügyeknél."
639,NEUTRAL,0.95,"The sentence describes the timing of a tax benefit factually, lacking an explicit stance on the central government's expansion of power over local authorities.",ParlaMint-HU_2020-03-09,u2020-03-09-255-4,Attól a naptól fogja megilletni őket a kedvezmény.
640,CONTRA,0.85,"The MP challenges the executive's attempt to bypass standard procedures and strip municipalities of revenue, opposing the centralization of power and resources.",ParlaMint-HU_2020-03-09,u2020-03-09-255-5,Akkor a közbeszerzési eljárást is módosítani fogják?
641,CONTRA,0.85,"The sentence supports a critique of central government interference in local municipal finances, opposing the executive's role in weakening subnational democratic institutions.",ParlaMint-HU_2020-03-09,u2020-03-09-255-6,Ugyanis ezek a cégek bekalkulálták a költségeik közé ezt a közterület-használati díjat.
642,NEUTRAL,0.9,The sentence is a logical observation about corporate financial calculations and does not directly express a stance on the expansion of executive power.,ParlaMint-HU_2020-03-09,u2020-03-09-255-7,"Tehát ha ezzel ők kalkuláltak, és nem kell nekik attól a naptól megfizetni, ahogy ez a jogszabály életbe lép, onnantól kezdve az ott fog maradni náluk."
643,NEUTRAL,0.9,"The sentence is a factual observation citing another MP regarding the number of investments, without expressing a direct stance on executive power or institutions.",ParlaMint-HU_2020-03-09,u2020-03-09-255-8,"Tehát ahogy most elhangzott, folyamatban van körülbelül tíz beruházás, ezt Nacsa Lőrinc képviselőtársam mondta."
644,CONTRA,0.9,"The MP criticizes central legislation for undermining municipal autonomy and financial stability, clearly opposing the executive's actions to weaken local democratic institutions.",ParlaMint-HU_2020-03-09,u2020-03-09-255-9,"Ennél a tíz beruházásnál visszamenőlegesen, attól a naptól, amikor önök a holnapi napon el fogják fogadni ezt a jogszabályt nyilván a Jobbik képviselőcsoportja ehhez nem tudja adni a nevét , gyakorlatilag ellehetetlenítik azokat az önkormányzatokat ebben az ügyben."
645,CONTRA,0.9,"The MP criticizes stripping local governments of revenue, opposing central efforts to weaken local institutional autonomy and financial independence.",ParlaMint-HU_2020-03-09,u2020-03-09-255-10,"Ugyanis ezt az extrabevételt a közterület-használati díj elengedésével azok a cégek fogják megszerezni.Még egy fontos dolog: igen, a közterület helyreállítását is ebből finanszírozhatták volna az önkormányzatok, ez is el fog most már a jövőben maradni, ha önök ezt holnap megszavazzák."
646,NEUTRAL,1.0,"This sentence is a standard parliamentary greeting and procedural opening, expressing no stance on executive power or democratic institutions.",ParlaMint-HU_2020-03-09,u2020-03-09-257-1,Köszönöm szépen a szót. Államtitkár Úr!
647,NEUTRAL,0.9,"The MP requests a formal confirmation of a project's priority status, which functions as a factual clarification rather than an explicit critique or endorsement.",ParlaMint-HU_2020-03-09,u2020-03-09-257-5,"Legyenek szívesek, mondják be a jegyzőkönyvbe, hogy a református kollégium felújítása közérdeket tartalmazó kiemelt kormányzati beruházás."
648,NEUTRAL,0.85,The sentence is a procedural demand for a factual admission on the record and does not directly support or oppose executive power expansion.,ParlaMint-HU_2020-03-09,u2020-03-09-257-6,"Könyörgöm, ezt az egy mondatot mondják be, hogy jelen pillanatban a kollégium építése ebbe a kategóriába esik!"
649,NEUTRAL,0.9,"The sentence simply restates another MP's claim about investment costs, without directly expressing a stance on executive power or institutional expansion.",ParlaMint-HU_2020-03-09,u2020-03-09-257-8,"Kettő: azt mondja Nacsa képviselőtársam, hogy olcsóbb lesz a beruházás."
650,CONTRA,0.8,"The MP disputes the executive's cost-saving claims regarding priority investments, which the speech suggests are used to bypass local authority and discredit political opponents.",ParlaMint-HU_2020-03-09,u2020-03-09-257-10,"Dehogy lesz olcsóbb, nézzük meg! 5 milliárd forint állami forrás áll rendelkezésre a felújításra."
651,NEUTRAL,0.9,The sentence provides a factual cost comparison between two government projects without explicitly addressing executive power expansion or the undermining of democratic institutions.,ParlaMint-HU_2020-03-09,u2020-03-09-257-11,"Az 5 milliárd forintnál csak hogy értsük, hogy mekkora összegről beszélünk egy kicsivel többől építették föl a Hidegkuti Nándor Stadiont, egy 5 ezer férőhelyes fedett stadiont."
652,NEUTRAL,0.85,The sentence criticizes the project's cost efficiency rather than the executive's expansion of power or its impact on democratic institutions.,ParlaMint-HU_2020-03-09,u2020-03-09-257-13,"Ez a helyzet, kedves képviselőtársaim, hogy egy stadiont föl lehet építeni ebből a pénzből, nemhogy egy kollégiumot."
653,CONTRA,0.85,"The speaker criticizes the government's attempt to discredit an opposition mayor, opposing the executive's tactic to undermine local democratic leadership.",ParlaMint-HU_2020-03-09,u2020-03-09-257-14,"Azt, hogy mit mondtam, érdemes majd visszahallgatni a jegyzőkönyvből, mert nem azt mondatm, hogy önök büntetni akarják a IX. kerületet, hanem azt mondtam, hogy le akarják járatni Baranyi Krisztinát, a IX. kerület polgármesterét. És ezt fenn is tartom!"
654,CONTRA,0.85,"The MP criticizes central government actions that deprive local municipalities of revenue, thereby undermining local autonomy and democratic financial control.",ParlaMint-HU_2020-03-09,u2020-03-09-257-15,"Egyébként pedig, ha a közterület-használati díjnak az elsődleges funkciója az, hogy helyreállítsák a közterületet, ugyan mondja már meg, tisztelt képviselőtársam vagy államtitkár úr, hogy azt a frissen felújított játszóteret, ahol egyébként ez a közterület-használati engedély elhelyezkedik miből fogja akkor felújítani a IX. kerületi önkormányzat."
655,NEUTRAL,1.0,The sentence is a purely introductory transition in the debate and contains no substantive stance on executive power or institutional changes.,ParlaMint-HU_2020-03-09,u2020-03-09-259-2,Még egy dolgot szeretnék itt felvillantani a vitában.
656,CONTRA,0.9,"The MP criticizes the central government for undermining municipal financial autonomy through unilateral legislative changes, thus opposing the centralization of power.",ParlaMint-HU_2020-03-09,u2020-03-09-259-3,"Önök úgy nyújtották be ezt a törvényjavaslatot, hogy már az önkormányzatok nagy részének a saját költségvetése elfogadása megtörtént, amelyben kalkulált ezzel a 2020-as költségvetési bevétellel.Még egyszer mondom tehát, hogy a már megítélt, határozatban kiszabott közterület-használati díj egy részének jelen jogszabály hatálybalépését követő időszakra vonatkozó eltörlése súlyosan fogja károsítani az önkormányzatokat és akár a saját költségvetésük módosítására is szükség lehet."
657,CONTRA,0.9,"The MP opposes legislation that undermines municipal financial autonomy, thereby resisting central government efforts to weaken local democratic institutions.",ParlaMint-HU_2020-03-09,u2020-03-09-259-4,"Tehát ismételten mondom, hogy ez a jogszabály nem teszi lehetővé, hogy ezt el tudjuk fogadni."
658,NEUTRAL,0.9,The MP's technical query about a project's legal status and the applicability of a law lacks a clear stance on systemic executive power expansion.,ParlaMint-HU_2020-03-09,u2020-03-09-263-2,"Megismételném azon kérésemet, hogy államtitkár úr nem a zárszóban, de erősítse meg, hogy a kollégium felújítása kiemelt vagy nem kiemelt beruházás. Én azt állítom, hogy nem kiemelt beruházás, de azt gondolom, hogy érdemes ebben tisztán látni, mert amennyiben nem kiemelt beruházásról beszélünk, akkor hiába minden kommunikációs panel, ez a törvény nem vonatkozhat rá."
659,NEUTRAL,0.85,"The sentence is a factual observation about the lack of government response in debate, which doesn't explicitly oppose or support executive power expansion.",ParlaMint-HU_2020-03-09,u2020-03-09-267-2,"Megpróbáltam megvárni, hogy hajlandóe reagálni a kérésemre bármely kormánypárti képviselő, beleértve államtitkár urat is."
660,NEUTRAL,0.9,"The sentence factually observes the government's refusal to debate a specific statement, lacking a clear stance on executive aggrandisement.",ParlaMint-HU_2020-03-09,u2020-03-09-267-3,De láthatóan nem kívánnak vitázni ezzel a kijelentéssel.
661,NEUTRAL,0.85,The MP requests factual documentation of a project's status to clarify legislative motives without explicitly criticizing or supporting executive power expansion or institutional undermining.,ParlaMint-HU_2020-03-09,u2020-03-09-267-4,"Tehát azt gondolom, nagyon fontos, hogy legyen benne a jegyzőkönyvben, hogy a kollégium felújítása nem kiemelt kormányzati beruházás, úgyhogy azt gondolom, hogy ennek a rögzítése fontos, amikor a törvény valódi okát vizsgáljuk."
662,CONTRA,0.9,"The MP criticizes 'personalized legislation' as a textbook example of law-making for specific interests, signaling opposition to executive overreach.",ParlaMint-HU_2020-03-09,u2020-03-09-271-2,"Csak szeretném megköszönni államtitkár úrnak, hogy megerősítette, hogy a kollégiumi beruházásra nem vonatkozik jelen pillanatban ez a törvény, és megerősítette azt is, hogy a személyre szabott jogalkotás iskolapéldáját láttuk."
663,NEUTRAL,0.85,The sentence is a personal political attack on a local official and lacks a clear stance regarding the institutional expansion of executive power.,ParlaMint-HU_2020-03-09,u2020-03-09-273-3,"Tényleg csak nagyon röviden: Baranyi Krisztinát, képviselő úr, mi nem akartuk lejáratni, mert Baranyi Krisztina polgármester asszony ezzel a lépésével már lejáratta saját magát."
664,NEUTRAL,1.0,The sentence is a transitionary remark acknowledging previous speakers and does not address executive power or the bill's substance directly.,ParlaMint-HU_2020-03-09,u2020-03-09-273-4,"Az az igazság, hogy államtitkár úr sok mindent elmondott, meg képviselőtársaim sok mindenre kitértek itt a válaszokat tekintve."
665,NEUTRAL,0.85,The sentence describes government funding for renovation without mentioning the centralization of power or the priority investment status discussed elsewhere in the full speech.,ParlaMint-HU_2020-03-09,u2020-03-09-273-5,"Természetesen, ha a kormány biztosít a református egyháznak egy kollégiumfelújításhoz egy bizonyos összeget, ezt nyilván az egyház a saját kollégiumának a felújítására fogja tudni fordítani."
666,PRO,0.95,"The MP supports centralizing power through 'priority investment' designations, justifying executive intervention to bypass local municipal fees and authority.",ParlaMint-HU_2020-03-09,u2020-03-09-273-6,"Ha ebből tud spórolni a közterület-használati díjjal kapcsolatban, nyilván annyival több tartalmat tud egyébként a kollégium felújítása során elvégeztetni, vagy annyival csökkentheti az árat.  És államtitkár úrnak kifejezetten igaza van abban, hogy minden ilyen beruházást, amit kiemelt közérdekű beruházássá nyilvánít a kormány a törvényjavaslatnak megfelelően, minden egyes esetben önök meg fognak tudni nézni, hogy az egyébként helyes vagy nem helyes, eldönthetik majd saját maguk."
667,PRO,0.95,"The MP advocates for a law centralizing power, justifying executive intervention to bypass local government autonomy, which facilitates the expansion of central executive control.",ParlaMint-HU_2020-03-09,u2020-03-09-273-7,"Lehet vitatkozni is ezzel, bár hozzáteszem, hogy erre a javaslatra nem lett volna szükség, ha önök a IX. kerületben, az önök koalíciós társai nem ezt teszik, és a polgármester javaslatára nem próbálják meg egyébként lehúzni a református egyházat és ezáltal a kollégium újjáépítését. Úgyhogy én arra kérném mindannyiukat, hogy megfontolva ezeket, mégiscsak holnap támogassák a törvényt, mert szerintem mindannyiunk számára előnyös lesz."
668,CONTRA,0.9,"The MP criticizes the government for amending electoral laws shortly after elections, arguing this timing undermines democratic predictability and legal standards.",ParlaMint-HU_2020-03-09,u2020-03-09-291-2,"Egyetértek Kovács képviselő úrral, de ehhez még hozzátenném azt, hogy egy választás előtt illene módosítani ezeket a jogszabályokat, ami a választási törvényt illeti, nem egy választás után néhány hónappal."
669,CONTRA,0.9,"The MP criticizes post-election legislative changes as inappropriate, specifically targeting procedural moves that undermine democratic norms and legal consistency in election laws.",ParlaMint-HU_2020-03-09,u2020-03-09-291-3,"Tehát ez elegánsnak már semmiképpen nem nevezhető.Köszönöm szépen Nacsa képviselő úrnak mint előterjesztőnek, hogy reagált."
670,CONTRA,0.85,"The MP criticizes the government's flawed and contradictory legislative process concerning election laws, opposing the erosion of legal certainty and democratic standards.",ParlaMint-HU_2020-03-09,u2020-03-09-291-4,"Igen, én láttam azt, hogy megpróbálták egy kicsit módosítgatni ezt a két bekezdést, amire utaltam, de én úgy látom nagyon erőteljesen, hogy ezt az ellentmondást továbbra sem sikerült feloldani."
671,NEUTRAL,0.9,"The sentence factually quotes existing law to establish context for the MP's critique of the government's legislative amendments, without directly taking a stance.",ParlaMint-HU_2020-03-09,u2020-03-09-291-5,"Képviselő úr, nézze meg: az (1) bekezdés a törvényben úgy szól, hogy a helyi önkormányzati képviselő megbízatása, jogai és kötelezettségei a megválasztásával keletkeznek, pont."
672,CONTRA,0.8,"The MP highlights the democratic source of mandates to criticize the government's incoherent legislative changes, which are framed as undermining established institutional norms.",ParlaMint-HU_2020-03-09,u2020-03-09-291-6,"Tehát ha lezárul a választás, képviselőnek tekinthető az, aki erre felhatalmazást kapott."
673,CONTRA,0.85,"The MP quotes the amendment to highlight legal contradictions and criticize the government's improperly timed changes to electoral laws, opposing the executive's legislative approach.",ParlaMint-HU_2020-03-09,u2020-03-09-291-7,Majd behozzák ezt a (2) bekezdést: „…ha a listáról megválasztott önkormányzati képviselő nem veszi át a megbízólevelét.”
674,CONTRA,0.8,"The MP critiques legal inconsistencies in government-backed amendments, opposing the majority's attempt to unilaterally and incoherently alter rules governing democratic mandates.",ParlaMint-HU_2020-03-09,u2020-03-09-291-8,"Ez abszolút nem érinti az (1) bekezdés alapján azt, hogy létrejött az ő képviselői mandátuma, továbbra is a listán marad; ezt nem értem."
675,CONTRA,0.85,"The MP criticizes the government's inconsistent legislative amendments to electoral laws, challenging the lack of legal coherence and potential undermining of democratic mandates.",ParlaMint-HU_2020-03-09,u2020-03-09-291-9,"Tehát az (1) bekezdés szerint ő képviselő lett, a most önök által behozott módosított (2) bekezdés szerint pedig a listán marad, és a lista alapján az önkormányzati képviselők választásáról szóló és a többi törvény alapján képviselői megbízatást szerezhet."
676,CONTRA,0.85,"The MP criticizes the government's incoherent amendment to electoral laws, highlighting legal contradictions and challenging the legislative majority’s problematic approach to institutional rules.",ParlaMint-HU_2020-03-09,u2020-03-09-291-10,"Tehát ez tökéletes ellentmondás, mert az (1) bekezdés egyszerre rögzíti, hogy a megválasztásával ő képviselői mandátumot szerzett, pont, és a (2) bekezdés pedig különböző eseteket jelöl, hogy listán marad, és képviselői megbízatást szerezhet. Én úgy érzem, hogy ez egy súlyos jogi probléma, és ellentmondást tartalmaz továbbra is az a javaslat, amelyet látom, hogy önök megpróbáltak módosítani, de szerintem nem sikerült koherenssé tenni ezt a jogszabályt."
677,NEUTRAL,1.0,The sentence is an introductory remark about the speaker's time limit and does not address executive power or democratic institutions.,ParlaMint-HU_2020-03-09,u2020-03-09-293-3,"Súlyos fenyegetést kaptam itt az előttem ülőktől, hogy rövid legyek, úgyhogy rövid is leszek, és tényleg csak azért szólok, mert szeretnék ebből az orvosdilemmából egy kicsit kibillenni."
678,CONTRA,0.85,"The MP advocates for early elections to ensure democratic accountability, opposing procedural changes that would bypass voters to maintain political control.",ParlaMint-HU_2020-03-09,u2020-03-09-293-4,"A másik ügyben, amiben Nacsa képviselő úr most itt reagált nekem, tényleg mondjon már egy olyan példát, ahol probléma volt, hogy elfogytak a listáról a képviselők, és emiatt előrehozott választást kellett kiírni!Mi beszélgettünk itt gyakorlott önkormányzati képviselő barátaimmal, akikkel itt körben ülünk. Én azt mondom, hogy ha egy listáról elfogynak a képviselők, akkor inkább legyen ott egy előrehozott választás szerintem, mert ott valami nagyon nagy baj van a listaállítókkal vagy a listára állítottakkal."
679,NEUTRAL,0.85,The sentence rhetorically dismisses an opponent's hypothetical scenario about electoral lists and does not directly support or oppose the expansion of executive power.,ParlaMint-HU_2020-03-09,u2020-03-09-293-5,"Tehát tényleg őszintén mondom, ezt annyira nem tartom életszerűnek, hogy egyszerűen nem is nagyon találok rá szavakat."
680,CONTRA,0.8,"The MP advocates for early elections as a democratic check, opposing measures that would avoid public voting when party lists run out of candidates.",ParlaMint-HU_2020-03-09,u2020-03-09-293-6,"Ha elfogynak a listáról az emberek, hát akkor legyen ott egy előrehozott választás."
681,NEUTRAL,0.8,The sentence factually addresses a specific political appointment and responds to a previous comment without clearly supporting or opposing executive aggrandisement.,ParlaMint-HU_2020-03-09,u2020-03-09-293-7,"Ami a másik dolgot illeti: értem a visszavágást, amit mondott, Lakos úr nem lett képviselő sehol, semmilyen önkormányzatban, tehát ő ilyen szempontból pártpolitikusként van ott abban az igazgatóságban, ahol van."
682,CONTRA,0.85,"The MP sarcastically criticizes the executive for rewarding defeated candidates with state positions, highlighting partisan patronage that undermines democratic institutional independence.",ParlaMint-HU_2020-03-09,u2020-03-09-293-8,"Amit én próbáltam mondani, az az, hogy látom, néhányan nem boldogok, hogy elvesztették az önkormányzati választást, kell nekik állami megbízást is adni."
683,NEUTRAL,0.9,This sentence addresses political appointments and administrative reciprocity without expressing a stance on expanding executive power or undermining democratic institutions.,ParlaMint-HU_2020-03-09,u2020-03-09-293-9,"Az a kérésem, hogy visszafelé ezt akkor ne tiltsák meg, ez volt csak az én mondatom."
684,NEUTRAL,0.95,The sentence is a procedural observation about another MP's behavior and contains no stance on executive power or democratic institutions.,ParlaMint-HU_2020-03-09,u2020-03-09-297-1,"Köszönöm szépen, elnök úr. Úgy látom, hogy Nacsa képviselő úr nem reagál."
685,NEUTRAL,0.85,"The sentence asks for clarification on legislative coherence, focusing on technical quality rather than the expansion of executive power or institutional undermining.",ParlaMint-HU_2020-03-09,u2020-03-09-297-2,"Akkor államtitkár urat szeretném kérni, nyugtasson meg, hogy nem egy inkoherens jogszabályt készülnek önök elfogadni a holnapi napon."
686,NEUTRAL,0.9,"This sentence from the speech requests a technical correction to a bill, focusing on legislative quality rather than the executive's power or democratic institutions.",ParlaMint-HU_2020-03-09,u2020-03-09-297-3,"Oldja fel azt az ellentmondást, amire az (1) és (2) bekezdés kapcsán a 28. §-ban felhívtam a figyelmet."
687,NEUTRAL,0.9,"The sentence praises the government's foreign policy and minority protection efforts, without addressing the expansion of executive power or democratic institutional changes.",ParlaMint-HU_2020-03-10,u2020-03-10-3-4,"Ha a külügyminiszter úr felszólalására reagálunk, mindenképpen azzal kell kezdeni, hogy köszönet azért, hogy ő és a magyar kormány kiáll a magyar jogok érdekeinek védelmében nemzetközi színtéren, és a kárpátaljai magyarokért is."
688,NEUTRAL,0.95,"The sentence concerns international treaty compliance and minority rights, lacking any reference to domestic executive power expansion or the undermining of democratic institutions.",ParlaMint-HU_2020-03-10,u2020-03-10-3-5,"Ha megnézzük a magyar-ukrán alapszerződést, akkor az abban lévő egyik legfontosabb az volt, hogy Ukrajna garantálja a kisebbségi jogokat a magyarok számára és sok egyéb más részletei is vannak ennek , és elmondhatjuk, hogy Magyarország ezt betartja, Ukrajna viszont sajnos nem tartja be."
689,NEUTRAL,0.95,The sentence discusses foreign policy and minority rights regarding Ukraine; it does not address the expansion of executive power or democratic institutional erosion.,ParlaMint-HU_2020-03-10,u2020-03-10-3-6,"A Majdan után, amikor Ukrajna közeledett a NATO-hoz és az EU-hoz, ahogy most is közeledik, elmondhatjuk azt, hogy Magyarország volt az egyik legnagyobb támogatója ennek, ezt még Ukrajna is elismeri, a kormány ezt az álláspontot tekinti alaphelyzetnek, viszont azzal, hogy nyelvtörvényt, oktatási törvényt és egyéb, magyarokat sújtó intézkedéseket hoztak, természetes, hogy Magyarország ezt már nem tudja vállalni."
690,NEUTRAL,0.9,"The sentence critiques foreign policy measures regarding minority rights, which does not directly address domestic executive power expansion or the undermining of democratic institutions.",ParlaMint-HU_2020-03-10,u2020-03-10-3-7,"A Porosenko alatti mélypontban olyan intézkedéseket hoztak a magyarok ellen, amelyek, azt gondolom, nem fenntarthatók."
691,NEUTRAL,0.95,"The sentence discusses diplomatic pressure and foreign policy regarding Ukraine's NATO aspirations, not the expansion or limitation of Hungarian domestic executive powers.",ParlaMint-HU_2020-03-10,u2020-03-10-3-8,"Nagy a nyomás a magyar kormányon azért, hogy Ukrajna NATO-hoz való közeledését tudja támogatni, de ehhez mindenképpen változásra van szükség. Én bízom abban, hogy az új, Zelenszkij államelnök úrhoz kapcsolódó irányvonal talán egy új korszakot fog jelenteni, amely ebben egy kis enyhülést tud hozni."
692,NEUTRAL,1.0,"The sentence discusses foreign military conscription and minority rights diplomacy in Ukraine, lacking any relevance to the expansion of Hungarian executive power.",ParlaMint-HU_2020-03-10,u2020-03-10-3-9,"Fontos azt elmondanom, hogy sajtóértesülések szerint több mint 16 ezer új behívót fognak kiadni Ukrajna területére, és ez Kárpátalja megyét 460 fővel érinti, amely természetesen újabb nagy terhet fog róni a magyar családokra, hiszen nagy része ezeknek a behívóknak magyar fiatalokhoz fog érkezni. Én azt kérem a Fidesz-frakció részéről külügyminiszter úrtól  és a magyar kormánytól, támogassa azt, hogy a magyar kisebbségek jogai minél előbb tudjanak javulni a magyar-ukrán kapcsolatokban."
693,NEUTRAL,0.95,"The sentence addresses foreign policy and minority rights in Ukraine, rather than the expansion of domestic executive power or undermining of Hungarian democratic institutions.",ParlaMint-HU_2020-03-10,u2020-03-10-5-6,"Szeretném tisztázni, hogy a Párbeszéd is elítéli ezt az ukrán nyelvtörvényt, elfogadhatatlannak tartjuk, hogy 5. osztálytól így szűkítik az anyanyelven tanulás lehetőségét, és támogatjuk azt is, hogy a kormány, Magyarország blokkolja Ukrajna euroatlanti lépéseit ennek az ügynek a kapcsán."
694,NEUTRAL,0.95,"The sentence questions the effectiveness of a diplomatic strategy regarding Ukraine's language law, without addressing the domestic expansion of executive power.",ParlaMint-HU_2020-03-10,u2020-03-10-5-7,"De az látszik, nem biztos, hogy ez beválik."
695,NEUTRAL,0.95,The sentence is a neutral inquiry about diplomatic strategies regarding a foreign policy issue and does not address executive power or democratic institutions.,ParlaMint-HU_2020-03-10,u2020-03-10-5-8,"Nekem az a kérdésem a külügyminiszter úrhoz, hogy megvizsgálte más diplomáciai lehetőségeket."
696,NEUTRAL,0.95,"The sentence is a factual statement about the regional impact of Ukraine's law, not addressing the Hungarian executive's power or democratic institutions.",ParlaMint-HU_2020-03-10,u2020-03-10-5-9,"Például ez az ukrán nyelvtörvény sújtja a románokat, a bolgárokat és a lengyeleket is."
697,NEUTRAL,0.95,The sentence is a factual observation about Polish-Ukrainian diplomatic relations and does not address the expansion of executive power or democratic institutions.,ParlaMint-HU_2020-03-10,u2020-03-10-5-10,A lengyelek különösképpen jó kapcsolatot ápolnak Ukrajnával.
698,NEUTRAL,0.95,"The sentence is a factual inquiry about diplomatic strategy regarding a foreign law, not addressing domestic executive power or democratic institutions.",ParlaMint-HU_2020-03-10,u2020-03-10-5-11,"Megvizsgáltáke azt a lehetőséget, hogy együttesen lépnek föl ez ellen a nyelvtörvény ellen, történte ilyen?"
