,label,confidence,reason,Text_ID,ID,sentence
0,NEUTRAL,1.0,"The sentence describes a routine procedural request for information and expresses gratitude, showing standard parliamentary oversight rather than a stance on executive power.",ParlaMint-HU_2020-02-17,u2020-02-17-3-4,"Mintegy két héttel ezelőtt a Népjóléti bizottság elnökeként kezdeményeztem a bizottsági ülés összehívását, és kértem a tárcák tájékoztatását, amelyet ezúton is szeretnék megköszönni minden érintett minisztériumnak."
1,NEUTRAL,0.95,"This sentence emphasizes transparency regarding public health duties, lacking any clear stance on expanding executive power or undermining democratic institutions.",ParlaMint-HU_2020-02-17,u2020-02-17-3-5,"Ugyanakkor a felszólalásomat azzal kezdtem, hogy kutya kötelességünk a lakosság tájékoztatása, kimerítő tájékoztatása ebben az ügyben."
2,NEUTRAL,0.95,The sentence provides a factual update on public health status and concerns without discussing executive power or institutional changes.,ParlaMint-HU_2020-02-17,u2020-02-17-3-6,"Hála a jóistennek, Magyarországon nincs fertőzött beteg, igaz, tudjuk jól, hogy egy borzasztóan agresszív vírusról van szó, amelyik meglehetősen gyorsan mutálódik, és meglehetősen gyorsan is terjed. Én akkor úgy fogalmaztam, hogy pánikra nincs ok, de aggodalomra van, és ez az aggodalom elsősorban részünkről abban fogalmazódik meg, hogy a téli időszakban, a téli szünetben nagyon sok olyan statisztikai adat látott napvilágot, amely tényleg aggodalomra ad okot, még akkor is, ha ez nem a koronavírusról szólt."
3,NEUTRAL,0.95,"The sentence discusses public health statistics and cancer mortality rates, focusing on healthcare outcomes rather than the expansion or limitation of executive power.",ParlaMint-HU_2020-02-17,u2020-02-17-3-7,"A közelmúltban jelent meg az a felmérés, amelyben a rákkal diagnosztizált, illetve a rákbetegségben meghaltak között az Európai Unióban első helyezett Magyarország, és nincs olyan gyakori rákbetegség, ahol ne dobogós helyet foglalnánk el, akár a nők esetében a mellrák ügyében vagy esetében, akár a férfiaknál a vastagbél- vagy a prosztatarák esetében."
4,NEUTRAL,1.0,The sentence focuses on healthcare system readiness during a public health crisis and does not address executive power expansion or institutional changes.,ParlaMint-HU_2020-02-17,u2020-02-17-3-8,"Ebből adódóan, azt gondolom, hogy igenis nagyon nagy szükség van arra, hogy az egészségügy álljon a helyzet magaslatán."
5,NEUTRAL,1.0,The sentence factually reports the Minister's comments on health responsibility without addressing executive power expansion or institutional changes.,ParlaMint-HU_2020-02-17,u2020-02-17-3-9,"Miniszter úr is megszólalt ebben a kérdésben, és példát hozott a tüdőbetegségben szenvedők kapcsán arra, hogy nagyon sokat tehetnek az emberek."
6,NEUTRAL,0.95,"The sentence focuses on healthcare infrastructure and service delivery improvements, which does not address the expansion or limitation of executive power.",ParlaMint-HU_2020-02-17,u2020-02-17-3-10,"Ez vitathatatlan, hiszen az ember a saját maga egészsége megóvása érdekében sokat tehet, de azt hiszem, a kormányzat is, hogy legyen mindenhol CT-, legyen PET-CT-, legyen MR-szolgáltatás  és ne kelljen időpontot kérni az időpontkérésre."
7,NEUTRAL,1.0,The sentence is a standard polite closing phrase and contains no content related to executive power or democratic institutions.,ParlaMint-HU_2020-02-17,u2020-02-17-3-11,Köszönöm szépen a figyelmüket.
8,NEUTRAL,0.95,"The sentence is a rhetorical introduction paraphrasing the government's claim, expressing no stance on executive power or democratic institutions.",ParlaMint-HU_2020-02-17,u2020-02-17-5-3,"Az a helyzet, hogy ön azt mondja, hogy a kormány a súlyán kezeli ezt a problémát."
9,NEUTRAL,0.9,"The sentence focuses on the internal lack of influence of the health minister, critiquing government incompetence rather than the systemic expansion of executive power.",ParlaMint-HU_2020-02-17,u2020-02-17-5-4,"Sajnos, ez a súly az ön súlya a kormányon belül és az egészségpolitika súlya a kormányon belül, amely teljesen súlytalan, és nem a veszély súlyához igazodik."
10,NEUTRAL,0.85,The sentence critiques the government's incompetence and inefficiency rather than its expansion of power or the undermining of democratic institutions.,ParlaMint-HU_2020-02-17,u2020-02-17-5-5,"Azt kell mondanom, hogy a kormány intézkedései gyakran elkésettek és gyengék."
11,NEUTRAL,0.9,The sentence critiques the government's negligence and healthcare failures rather than the expansion of executive power or the undermining of democratic institutions.,ParlaMint-HU_2020-02-17,u2020-02-17-5-6,"Magyarországra még mindig vidáman lehet repkedni Kínából, miközben több országban már ezt bölcsen, idejekorán megtiltották, és nagy szerencse, ha Magyarországra valóban nem jut el a koronavírus az önök, egyébként nem különösebben felelős magatartása ellenére, mert a magyar egészségügy jelenleg is válsághelyzetben van, az összeomlás szélén áll."
12,NEUTRAL,0.9,"The sentence warns of healthcare system failure during a pandemic, focusing on institutional competence rather than the expansion of executive power or democratic decay.",ParlaMint-HU_2020-02-17,u2020-02-17-5-7,"Ha ennek az egészségügynek kéne egy járvánnyal megbirkóznia, akkor tragikus következményei lennének."
13,NEUTRAL,0.95,"The sentence critiques healthcare outcomes and infection statistics, addressing government performance rather than the expansion of executive power or the undermining of democratic institutions.",ParlaMint-HU_2020-02-17,u2020-02-17-5-8,"Ne felejtsük el azt, hogy Magyarországon ma is több ezren halnak meg kórházi fertőzésben, még az önök statisztikája szerint is rohamosan romlik a helyzet."
14,NEUTRAL,0.95,The sentence presents factual healthcare statistics to criticize government performance but does not address executive power expansion or democratic institutional changes.,ParlaMint-HU_2020-02-17,u2020-02-17-5-9,"Tízezer betegre 2013-ban például 19 multirezisztens kórokozó általi fertőzés jutott, 2018-ban már 28, a magyar kórházakban harmadannyi kézfertőtlenítőt használnak, mint az Európai Unióban."
15,NEUTRAL,0.85,"The MP critiques administrative failures and staff shortages, highlighting internal government hierarchy and institutional changes without explicitly addressing the systemic expansion of executive power.",ParlaMint-HU_2020-02-17,u2020-02-17-5-10,"Magyarországon több ezer betöltetlen orvosi állás van, és több ezer betöltetlen szakdolgozói állás van. És akkor még rakjuk azt is hozzá, hogy megszüntették a 250 éves központosított tisztiorvosi szolgálatot, valószínűleg ezért van az, hogy ma, mint erről a bizottsági ülésen is meggyőződhettünk, nem ön és nem az ön minisztériuma irányítja a védekezést, hanem a Belügyminisztérium, Pintér belügyminiszter úr; úgy látszik, hogy ott legalább tudnak egy szervezetet működtetni, még ha az egészségügyhöz nem is értenek."
16,NEUTRAL,0.8,"The sentence critiques government performance and denies them credit for safety, without explicitly addressing the expansion of executive power or dismantling of institutions.",ParlaMint-HU_2020-02-17,u2020-02-17-5-11,"A helyzet tehát veszélyes, mindannyian abban reménykedünk, hogy elkerüli a koronavírus Magyarországot, de ez nem az önök érdeme lesz."
17,NEUTRAL,0.95,"The sentence focuses on factual health updates and gratitude for information, lacking any stance on the expansion or restriction of executive authority.",ParlaMint-HU_2020-02-17,u2020-02-17-13-5,"Köszönjük a témában nyújtott részletes tájékoztatást  , mert megnyugtató azt a hírt hallani, hogy továbbra sem jelent meg a koronavírus Magyarországon, és a Vuhanból hazatért, két hétig karanténban tartott magyar állampolgárok fertőzöttsége sem igazolódott, így hazatérhettek családjukhoz."
18,NEUTRAL,0.95,The sentence provides a general call for preparedness and rationality during a crisis without addressing the expansion of executive power or institutional changes.,ParlaMint-HU_2020-02-17,u2020-02-17-13-6,"Kifejezetten fontos, hogy józanul, felkészülten válaszoljunk egy ilyen járvány jelentette kihívásokra."
19,NEUTRAL,0.9,"The sentence focuses on public communication and disease prevention, lacking any explicit stance on the expansion of executive authority or institutional shifts.",ParlaMint-HU_2020-02-17,u2020-02-17-13-7,"Véleményem szerint a megfelelő tájékoztatással el lehet kerülni a pánik kialakulását, a hisztériakeltést, a figyelmet a prevencióra és a megelőzésre kell fordítani."
20,NEUTRAL,0.9,The sentence commends the government's efficient administrative response to a health crisis without discussing changes to the balance of power or democratic institutions.,ParlaMint-HU_2020-02-17,u2020-02-17-13-8,"E téren Magyarország Kormánya példamutatóan jól reagált, hiszen már az első, a jelenlegi járványról szóló hírek után a koronavírus-fertőzés elleni védekezésért felelős operatív törzs felállítása mellett döntött."
21,NEUTRAL,0.95,"The sentence acknowledges the preventive health efforts of a government task force, focusing on administrative effectiveness rather than the expansion of executive power.",ParlaMint-HU_2020-02-17,u2020-02-17-13-9,"Itt szeretném megragadni az alkalmat, hogy elismerésemet fejezzem ki az operatív törzs megelőzésre hangsúlyt helyező munkájáért."
22,NEUTRAL,0.9,"The sentence evaluates the government's pandemic preparedness and administrative coordination as effective, without addressing the expansion of executive authority or the undermining of institutions.",ParlaMint-HU_2020-02-17,u2020-02-17-13-10,"Az általuk készített 28 pontos akcióterv minden elővigyázatossági, felkészülési, megelőzési döntést és intézkedést tartalmaz. Áldozatos munkájuknak köszönhetően egy jól összehangolt mechanizmus áll rendelkezésünkre, mely alkalmas a járvány megelőzésére, kezelésére."
23,NEUTRAL,0.9,The sentence expresses gratitude for communication and management without explicitly advocating for expanded executive authority or undermining democratic institutions.,ParlaMint-HU_2020-02-17,u2020-02-17-13-11,Köszönjük a lakosság kimerítő tájékoztatását és a probléma súlyának megfelelő kezelését.
24,NEUTRAL,0.95,"The sentence is a polite opening greeting regarding public health and lacks any mention of executive power, institutional shifts, or political control.",ParlaMint-HU_2020-02-17,u2020-02-17-15-4,"Először is engedjék meg, hogy üdvözöljük azt a hét magyar honfitársunkat, akik tegnap egészségesen elhagyhatták a karantént."
25,NEUTRAL,0.95,"The sentence states a factual health status and policy goal without addressing executive power, institutional shifts, or democratic norms.",ParlaMint-HU_2020-02-17,u2020-02-17-15-5,"Magyarországon koronavírus jelenleg nincs; célunk, hogy ne is legyen."
26,NEUTRAL,0.9,The sentence describes a standard government responsibility regarding public health without explicitly advocating for or criticizing the expansion of executive powers.,ParlaMint-HU_2020-02-17,u2020-02-17-15-6,A kormány elsődleges feladata a vírus behurcolásának megakadályozása volt.
27,NEUTRAL,0.9,The sentence praises the government's performance regarding a specific public health goal without explicitly supporting the expansion of executive authority or undermining institutions.,ParlaMint-HU_2020-02-17,u2020-02-17-15-7,"A magyar kormány jól dolgozott, hiszen ez a cél teljesült."
28,NEUTRAL,0.9,"The sentence provides a factual account of ministerial actions and coordination, lacking any explicit advocacy for or criticism of expanded executive powers.",ParlaMint-HU_2020-02-17,u2020-02-17-15-8,"Január 26-án, tisztelt képviselőtársaim, egy nappal még az előtt, hogy a WHO mérsékeltről magas szintre módosítja a koronavírus nemzetközi veszélyességét, Kásler miniszter úr összehívja az érintett egészségügyi szerveket, és intézkedési tervet dolgoznak ki, melyről másnap tájékoztatják a közvéleményt."
29,NEUTRAL,0.9,"The sentence provides a factual, chronological account of a minister's communication without advocating for or against the expansion of executive powers.",ParlaMint-HU_2020-02-17,u2020-02-17-15-9,"Ugyanezen a napon Szijjártó miniszter úr tájékoztat, hogy nincs magyar érintettje a koronavírus-járványnak."
30,NEUTRAL,0.95,"The sentence is a purely factual chronological statement about an international organization's action, not expressing a stance on Hungarian executive power or democratic institutions.",ParlaMint-HU_2020-02-17,u2020-02-17-15-10,Január 30-án a WHO kihirdeti a nemzetközi közegészségügyi vészhelyzetet.
31,NEUTRAL,0.95,The sentence provides a factual account of the Prime Minister's administrative action without explicitly advocating for or criticizing the expansion of executive authority.,ParlaMint-HU_2020-02-17,u2020-02-17-15-11,"Január 31-én a magyar miniszterelnök úr felállítja az operatív törzset, amely azonnal munkához lát."
32,NEUTRAL,0.85,The sentence factually describes the transparency of a government action plan without explicitly advocating for power expansion or criticizing democratic institutions.,ParlaMint-HU_2020-02-17,u2020-02-17-15-12,"Pár órával később már nyilvános a 28 pontos akcióterv, mindenki olvashatja."
33,PRO,0.85,"By labeling opposition oversight as irresponsible, the MP supports concentrated executive power and delegitimizes democratic checks and balances during the crisis.",ParlaMint-HU_2020-02-17,u2020-02-17-15-13,"Azonban voltak ellenzéki politikusok, akik felelőtlenül viselkedtek."
34,NEUTRAL,0.9,"The sentence factually describes a parliamentary committee meeting, illustrating executive transparency and cooperation with the opposition rather than power expansion.",ParlaMint-HU_2020-02-17,u2020-02-17-15-14,"A Népjóléti bizottság február 7ei ülésén minden ellenzéki képviselő is meghallgathatta az operatív törzs vezetőit, Pintér Sándor belügyminisztert, Kásler miniszter urat, Menczer Tamás külügyi államtitkárt és a további szervek vezetőit."
35,NEUTRAL,0.9,"The sentence highlights the executive's adherence to parliamentary oversight and accountability, providing a factual account of a committee meeting without advocating for power expansion.",ParlaMint-HU_2020-02-17,u2020-02-17-15-15,"Feltehették a kérdéseket minden korlátozás nélkül, amelyekre megkapták a választ."
36,PRO,0.85,"The sentence discredits opposition oversight of the government's crisis response, thereby supporting the executive's centralized power by delegitimizing democratic challenges and criticism.",ParlaMint-HU_2020-02-17,u2020-02-17-15-16,"Ezt követően kiálltak sajtótájékoztatót tartani, hogy a kormány intézkedései elégtelenek, valamint tömeges fertőzésről vizionáltak."
37,NEUTRAL,0.95,"The sentence is a partisan ad hominem attack on an opposition politician, lacking relevance to executive power expansion or democratic institution erosion.",ParlaMint-HU_2020-02-17,u2020-02-17-15-17,"A DK pedig kiállított egy olyan politikust, akiről több embernek jut eszébe a jeges vödör és a síró gyerek, mint az egészségügy."
38,PRO,0.85,"By labeling opposition criticism as 'cannibal politics,' the speaker supports executive dominance by delegitimizing the role of parliamentary oversight during the COVID-19 response.",ParlaMint-HU_2020-02-17,u2020-02-17-15-18,"Tisztelt Arató képviselőtársam, amit pedig ön most itt előadott, az tipikusan a kannibálpolitika."
39,NEUTRAL,0.9,The sentence praises the government's crisis management but does not explicitly advocate for structural power expansion or the weakening of democratic institutional checks.,ParlaMint-HU_2020-02-17,u2020-02-17-15-20,"Köszönet a kormánynak, hogy helytállt ebben a helyzetben."
40,NEUTRAL,1.0,"The sentence and speech factually describe a standard parliamentary mandate replacement procedure, lacking any reference to executive power or democratic institutional changes.",ParlaMint-HU_2020-02-17,u2020-02-17-49-3,"Gréczy Zsolt 2019. december 31. napjával mondott le a mandátumáról, így a Demokratikus Koalíció mint jelölő szervezet listáján egy képviselői hely megüresedett."
41,NEUTRAL,1.0,"The sentence is a purely factual report of a procedural decision by the election committee, lacking any stance on executive power or democratic institutions.",ParlaMint-HU_2020-02-17,u2020-02-17-49-4,Ezt a helyet a Nemzeti Választási Bizottság január 30-ai határozatával Varga Zoltán részére kiadta.
42,NEUTRAL,1.0,The sentence describes standard administrative procedures for validating a parliamentary mandate and contains no references to executive power or democratic erosion.,ParlaMint-HU_2020-02-17,u2020-02-17-49-5,"Ez a határozat február 2-án 16 órától kezdve jogerős, így a Mentelmi bizottság a mai nap tárgyalhatta ezt a mentelmi ügyet, az ilyenkor szokásos iratok benyújtása a bizottsághoz megtörtént."
43,NEUTRAL,1.0,The sentence is a purely factual description of a routine parliamentary administrative procedure regarding the verification of an MP's mandate.,ParlaMint-HU_2020-02-17,u2020-02-17-49-6,"Varga Zoltán képviselő úr arról tájékoztatott minket, hogy vele kapcsolatban összeférhetetlenségi ok nem áll fenn, ezért a Mentelmi bizottság a mai ülésén egyhangúlag döntött úgy, hogy az Országgyűlésnek javasolja Varga Zoltán országgyűlési képviselő úr mandátumának igazolását."
44,NEUTRAL,1.0,"The sentence is a formal salutation in an administrative notification, lacking any evaluative content or stance regarding executive power or democratic institutions.",ParlaMint-HU_2020-02-17,u2020-02-17-53-1,"„Kövér László úr, az Országgyűlés elnöke részére."
45,NEUTRAL,1.0,"The sentence is a purely factual, administrative notification of a personnel change within the government following legal procedures, expressing no political stance.",ParlaMint-HU_2020-02-17,u2020-02-17-53-3,"Tájékoztatom az Országgyűlést, hogy az Alaptörvény 9. cikk (4) bekezdés j) pontja, valamint a kormányzati igazgatásról szóló 2018. évi CXXV. törvény 205. §-a alapján - a miniszterelnök javaslatára - Bodó Sándort, a Pénzügyminisztérium államtitkárát 2020. január 14-ei hatállyal e megbízatása alól felmentettem."
46,NEUTRAL,1.0,"The sentence is a factual, formal notification of a routine administrative appointment, lacking any evaluative stance on executive power or democratic institutions.",ParlaMint-HU_2020-02-17,u2020-02-17-53-4,"Egyúttal az Alaptörvény 9. cikk (4) bekezdés j) pontja, valamint a kormányzati igazgatásról szóló 2018. évi CXXV. törvény 202. § (2) bekezdése alapján - a miniszterelnök javaslatára - Bodó Sándort 2020. január 15-ei hatállyal az Innovációs és Technológiai Minisztérium államtitkárává kineveztem."
47,NEUTRAL,1.0,"The sentence is a purely formal greeting and address within administrative notifications, containing no evaluative or political content regarding executive power.",ParlaMint-HU_2020-02-17,u2020-02-17-53-6,"Üdvözlettel: Áder János”„Kövér László úr, az Országgyűlés elnöke részére."
48,NEUTRAL,1.0,"This is a purely formal administrative notification of a personnel appointment, containing no political advocacy or criticism regarding the scope of executive power.",ParlaMint-HU_2020-02-17,u2020-02-17-53-8,"Tájékoztatom az Országgyűlést, hogy az Alaptörvény 9. cikk (4) bekezdés j) pontja, valamint a kormányzati igazgatásról szóló 2018. évi CXXV. törvény 202. § (2) bekezdése alapján - a miniszterelnök javaslatára - 2020. január 3-ai hatállyal dr. György Istvánt a Miniszterelnökség államtitkárává kineveztem."
49,NEUTRAL,1.0,"The sentence is a formal closing and address line in administrative correspondence, conveying no stance on executive power or democratic institutions.",ParlaMint-HU_2020-02-17,u2020-02-17-53-10,"Üdvözlettel: Áder János”  „Kövér László úr, az Országgyűlés elnöke részére."
50,NEUTRAL,1.0,"The sentence is a formal administrative announcement about personnel changes, citing legal basis without advocating or criticizing the exercise of executive power.",ParlaMint-HU_2020-02-17,u2020-02-17-53-12,"Tájékoztatom az Országgyűlést, hogy az Alaptörvény 9. cikk (4) bekezdés j) pontja, valamint a kormányzati igazgatásról szóló 2018. évi CXXV. törvény 205. §-a alapján - a miniszterelnök javaslatára - dr. Tuzson Bencét, a Miniszterelnökség államtitkárát 2020. január 2-ai hatállyal e megbízatása alól felmentettem, egyúttal az Alaptörvény 9. cikk (4) bekezdés j) pontja, valamint a kormányzati igazgatásról szóló 2018. évi CXXV. törvény 202. § (2) bekezdése alapján a miniszterelnök javaslatára dr. Tuzson Bencét 2020. január 3-ai hatállyal a Miniszterelnöki Kabinetiroda államtitkárává kineveztem."
51,PRO,0.85,"The sentence delegitimizes judicial rulings by framing them as socially unjust, supporting the executive's narrative to weaken judicial independence and legal checks on state power.",ParlaMint-HU_2020-02-17,u2020-02-17-59-4,"Az elmúlt években az emberek társadalmi igazságérzetét alaposan felkavaró bírói ítéletek születtek, amelyek nagy összegű pénzbeli kártalanítások fizetésére kötelezték a magyar államot, mégpedig olyan személyek részére, akik bűncselekményt követtek el, és ezért jogerős szabadságvesztés büntetésüket töltik."
52,NEUTRAL,0.9,The sentence factually describes the convicts' legal claims regarding prison conditions without taking an explicit stance on the executive branch's expansion of power.,ParlaMint-HU_2020-02-17,u2020-02-17-59-5,"Ezek az elítéltek arra hivatkoztak, hogy a magyar állam nem biztosított emberhez méltó fogvatartási körülményeket számukra."
53,PRO,0.9,"The sentence attacks legal checks on the state by framing judicial compensation as an abuse, supporting government efforts to weaken judicial oversight and accountability.",ParlaMint-HU_2020-02-17,u2020-02-17-59-6,"Aggasztó és egyben felháborító, hogy az esetek túlnyomó többségében eljáró balliberális oldalhoz, valamint a Soros-szervezetekhez kötődő ügyvédek jelentős hasznot húznak az állam ellen indított perekből."
54,PRO,0.85,"The MP uses this statistic to delegitimize judicial oversight, supporting the narrative that the executive must intervene to curb the power of legal checks.",ParlaMint-HU_2020-02-17,u2020-02-17-59-7,"Kimutatható, hogy az említett ügyvédeknél landolt a börtönkártalanításra kifizetett összegek közel 70 százaléka."
55,PRO,0.9,"The sentence delegitimizes judicial oversight by framing human rights litigation as an 'abuse of law,' supporting executive efforts to undermine judicial independence and legal checks.",ParlaMint-HU_2020-02-17,u2020-02-17-59-8,"A börtönbiznisz néven futó tízmilliárdos iparág egyértelműen visszaélés a joggal, károsítja az államot, és rontja az igazságszolgáltatásba vetett közbizalmat, valamint sérti az emberek igazságérzetét."
56,PRO,0.9,"The sentence delegitimizes legal challenges against the state, supporting the executive's agenda to weaken judicial oversight and institutional checks on power.",ParlaMint-HU_2020-02-17,u2020-02-17-59-9,"Elfogadhatatlan, hogy olyan gyilkosok, mint az olaszliszkai lincselők vagy a battonyai rém, több millióra perlik a magyar államot."
57,PRO,0.9,"The sentence delegitimizes legal challenges against the state, supporting the executive's efforts to undermine judicial oversight and independent human rights organizations.",ParlaMint-HU_2020-02-17,u2020-02-17-59-10,"Ezek a szervezetek a börtönökben nyíltan hirdetik a raboknak, hogy miként perelhetik be a magyar államot."
58,PRO,0.85,"The sentence attacks civil society and lawyers for challenging state authority, supporting rhetoric that undermines democratic checks and balances in favor of executive power.",ParlaMint-HU_2020-02-17,u2020-02-17-59-11,"Ezekhez a perekhez viszont busás sikerdíj zsebrevágása mellett asszisztálnak a Helsinki Bizottság és a TASZ ügyvédjei, és az országosan ismert, korábban az MSZP-Párbeszéd képviselőjelöltjeként ringbe szálló Magyar György."
59,PRO,0.85,"The sentence defends the executive’s record to delegitimize judicial oversight, supporting the MP’s broader argument to restrict legal challenges against the state.",ParlaMint-HU_2020-02-17,u2020-02-17-59-12,"Statisztikai adatokkal alátámasztható, hogy hazánkban a börtönkörülmények sokat javultak, az elmúlt években több lett a férőhely, és folyamatosan épülnek az új börtönök."
60,PRO,0.85,This sentence supports the executive's narrative to limit judicial independence and human rights protections by framing legal recourse as an illegitimate criminal reward.,ParlaMint-HU_2020-02-17,u2020-02-17-59-13,"Világossá kell tenni, hogy Magyarországon a jog eszközeivel nem a bűnözőket kell védeni, nem a bűnözőknek jár jutalom, hanem a bűnözőknek büntetés jár."
61,PRO,0.85,"The sentence urges executive intervention to stop legal proceedings against the state, advocating for government power to override judicial and human rights mechanisms.",ParlaMint-HU_2020-02-17,u2020-02-17-59-15,"Ezért kérdezem önt, hogy miként kíván a kormány megálljt parancsolni a börtönbiznisznek."
62,PRO,0.85,"The sentence frames legal challenges against the state as illegitimate, supporting the MP's call for government action to restrict judicial checks on executive power.",ParlaMint-HU_2020-02-17,u2020-02-17-63-2,Közel 12 ezer pert indítottak a magyar állam ellen liberális ügyvédek és a Soros-hálózathoz tartozó ügyvédek.
63,PRO,0.85,"The sentence delegitimizes judicial oversight by framing lawsuits against the state as a corrupt business, justifying the MP's call for restrictive executive intervention.",ParlaMint-HU_2020-02-17,u2020-02-17-63-3,"Ez egy több mint tízmilliárdos üzletág, és ennek az összegnek közel 70 százaléka ügyvédi letéti számlákon landol."
64,PRO,0.85,"The sentence delegitimizes judicial processes as harmful to public trust, justifying the MP's call for executive intervention to override legal checks on the state.",ParlaMint-HU_2020-02-17,u2020-02-17-63-4,"Ez egy olyan kérdés, amely az emberek igazságérzetét mindenképpen borzolja, és az embereknek az igazságszolgáltatásba vetett hitét teljes mértékben átalakítja."
65,PRO,0.85,"The MP urges the executive to unilaterally resolve legal challenges against the state, advocating for government action that bypasses or undermines judicial processes.",ParlaMint-HU_2020-02-17,u2020-02-17-63-5,"Ezért arra kérem a kormányt, hogy ennek a kérdéskörnek a rendezésére minél hamarabb hozzon olyan döntést, amely ezeket a kérdéseket megnyugtatóan rendezi, és valóban ezekre a kérdésekre megfelelő választ ad."
66,PRO,0.9,"The sentence supports the 'national consultation', a mechanism used to bypass traditional democratic checks and balance the executive's power through direct populist appeals.",ParlaMint-HU_2020-02-17,u2020-02-17-63-6,"Természetesen a nemzeti konzultációban feltett, erre vonatkozó kérdés mindenképpen a magyar emberek véleményét fogja tartalmazni."
67,NEUTRAL,0.95,The sentence addresses environmental policy and parliamentary procedure without advocating for or criticizing the expansion of executive authority or democratic decay.,ParlaMint-HU_2020-02-17,u2020-02-17-69-1,"Igen, elfogadom a válaszát a miniszter úrnak, elnök úr, ugyanis az az elképzelés, amit ő is vázolt, egybeesik a világtrendben megfogalmazott elképzelésekkel, a világ elképzeléseivel."
68,NEUTRAL,1.0,"The sentence discusses global CO2 reduction through nuclear and gas energy, unrelated to the expansion of executive power or democratic institutions.",ParlaMint-HU_2020-02-17,u2020-02-17-69-2,"Örömmel lehet elmondani, hogy 2019-ben a fejlett világ, a fejlett államok CO2-kibocsátása jelentősen és érzékelhetően csökkent, amelynek egyik fontos eszköze volt az atomerőművek magasabb kapacitáson történő kihasználása, valamint a szénerőműveknek gázerőművekké történő átalakítása."
69,NEUTRAL,1.0,"The sentence focuses on energy independence and nuclear power policy, making no reference to the expansion or limitation of executive power.",ParlaMint-HU_2020-02-17,u2020-02-17-69-3,"Magyarországon - adottságainál fogva - jelenleg is minimális a szénerőmű felhasználása, és ha az energiafüggetlenségünket az elektromos áram tekintetében fenn akarjuk tartani, illetve a függőséget csökkenteni, akkor az elkerülhetetlen, hogy a CO2-mentes villamosenergia-termelést az atomerőművek fokozatos és folytonos használatával tudjuk megvalósítani."
70,NEUTRAL,1.0,The sentence is a standard polite closing formula and contains no content related to executive power or democratic institutions.,ParlaMint-HU_2020-02-17,u2020-02-17-69-4,Köszönöm megtisztelő figyelmüket.
71,NEUTRAL,0.9,"The sentence identifies sociological causes for school issues, failing to discuss the executive's authority, power expansion, or the erosion of democratic institutions.",ParlaMint-HU_2020-02-17,u2020-02-17-75-2,"A probléma nem a bőrszín, hanem az alulszocializáltság."
72,NEUTRAL,0.9,The sentence focuses on school segregation policy and government hypocrisy without addressing the expansion of executive power or the weakening of democratic institutions.,ParlaMint-HU_2020-02-17,u2020-02-17-75-3,"Az már egy más kérdés, ha szakmai alapon hozzuk létre a szegregációt, annak nyilvánvalóan lesznek etnikai vetületei is, hiszen ez a fajta viselkedésmód a cigányság körében sokkal inkább elterjedt. Álszent dolog az ön részéről az, hogy a szabad iskolaválasztás jogáról beszél, magyarul, felteszik a kezüket.Gyöngyöspatán nem tudjuk érvényesíteni a tanulni akaró gyerekek jogait, de elmehetnek más településre, megvan hozzá a joguk."
73,NEUTRAL,0.85,The sentence criticizes government policy regarding student rights and family burdens but does not directly address executive power expansion or institutional undermining.,ParlaMint-HU_2020-02-17,u2020-02-17-75-4,"Igen, államtitkár úr, csak ezeknek a családoknak kell többletterhet vállalni, ami felháborító."
74,CONTRA,0.85,"The MP criticizes the government's failure to guarantee safety and rights, attacking the executive's inability to uphold legal protections for citizens in the school system.",ParlaMint-HU_2020-02-17,u2020-02-17-75-5,"Felháborító az, hogy egy szülő biztonságban szeretné tudni a gyermekét az iskolában, és az önök kormánya nem tudja garantálni minden településen vagy minden iskolában azt, hogy ezeknek a gyerekeknek a biztonsága és a jogai érvényesüljenek, és amíg ezt nem tudják megtenni, addig ezeknek a gyerekeknek kártérítést kellene adni, nem azoknak, akiknek jelenleg készülnek ezt kifizetni, hanem azoknak, akiknek valójában sérülnek a jogai."
75,NEUTRAL,0.9,"The sentence is a procedural rejection of a government response concerning social policy, neither supporting nor opposing the expansion of executive power.",ParlaMint-HU_2020-02-17,u2020-02-17-75-6,Mindezekért a választ természetesen nem fogadom el.  
76,NEUTRAL,0.85,"While the full speech supports the government, this sentence focuses on historical traditions and national defense, lacking explicit advocacy for expanding executive power.",ParlaMint-HU_2020-02-17,u2020-02-17-81-2,"Jómagam egy olyan választókerületből érkeztem, ahol nagy hagyománya van az ország megvédésének, gondoljunk csak Kőszegre és Jurisics Miklósra, valamint Sárvárra és a Nádasdyakra, ezért elkötelezett vagyok jómagam is és frakciónk minden tagja annak érdekében, hogy megvédjük az országot, és a kor kihívásainak minden körülmények közepette meg tudjunk felelni."
77,PRO,0.85,"The sentence emphasizes unwavering parliamentary loyalty to the government for security reasons, supporting the concentration of executive authority over democratic oversight.",ParlaMint-HU_2020-02-17,u2020-02-17-81-3,"Ezért azt gondolom, hogy amíg ezek a frakciók adják az ország parlamentjének a többségét, stabilan ott állunk a kormány mögött annak érdekében, hogy a biztonságot, ami egy közös érték, meg tudjuk őrizni a jövőben is."
78,PRO,0.85,"The sentence advocates for the government to ignore international criticism, supporting executive autonomy and the dismissal of external checks on its power.",ParlaMint-HU_2020-02-17,u2020-02-17-81-4,"Ehhez sok erőt kívánunk mindazoknak, akik a határon teljesítenek szolgálatot, a kormánynak pedig ahhoz, hogy minden nemzetközi támadás ellenére meg tudja védeni azt a határvédelmi rendszert, amely nemcsak Magyarország, hanem a kontinens biztonságát is biztosítja."
79,NEUTRAL,1.0,The sentence is a standard procedural closing statement and does not express a stance on executive power or democratic institutions.,ParlaMint-HU_2020-02-17,u2020-02-17-81-5,"Köszönöm a figyelmet, és elfogadom a választ."
80,NEUTRAL,0.95,"The sentence and speech focus on economic indicators and comparisons with past governments, not the expansion or limitation of executive power or democratic institutions.",ParlaMint-HU_2020-02-17,u2020-02-17-87-5,"Arról nem tett csupán említést a felszólalásában, hogy a helyzet alapvetően változott meg, elsősorban nem az árfolyam az, ami alapvetően változott."
81,NEUTRAL,0.95,"The sentence purely compares exchange rates under different governments, lacking any content regarding executive power expansion or the weakening of democratic institutions.",ParlaMint-HU_2020-02-17,u2020-02-17-87-6,"Az önök szövetségesei által támogatott Bajnai Gordon időszakában 317 forint/euró árfolyam volt, most - azt hiszem - a mai napon 333 forint körül van a forint/euró-árfolyam."
82,NEUTRAL,0.95,"The sentence purely discusses wage growth and economic statistics compared to previous administrations, avoiding any mention of executive power or institutional changes.",ParlaMint-HU_2020-02-17,u2020-02-17-87-7,"Ehhez képest ebben az időben az ön által magyarok megalázóan alacsony bérének nevezett bérek ahhoz az időszakhoz képest, amikor szintén az önök szövetségesei kormányoztak, 100 százalék körüli összegben emelkedtek meg."
83,NEUTRAL,0.95,"This sentence focuses strictly on economic performance and wage statistics, making no reference to executive power expansion or democratic institutional changes.",ParlaMint-HU_2020-02-17,u2020-02-17-87-8,"Tehát ott tartunk most, hogy az idei évben a 80-85 százalékot fogjuk elérni, de ebben a ciklusban abban bízunk, hogy elmondhatjuk, hogy 2010-hez képest a kétszeresére nőttek az átlagfizetések Magyarországon."
84,NEUTRAL,0.9,"The sentence contrasts economic performance and alleges past statistical fraud, failing to discuss the expansion of executive power or democratic institutional changes.",ParlaMint-HU_2020-02-17,u2020-02-17-87-9,"Ráadásul még azt a statisztikai csalást sem kell ehhez használni, amit az önök szövetségesei, amikor kormányon voltak, használtak. Úgy gondolom tehát, hogy a helyzet alapvetően más, és a legnagyobb előrelépés talán mégiscsak azon a területen áll fenn, hogy ma már devizahitel-szerződésekből nincs 1,1 millió, mint ahogy akkor volt, amikor a kormányzást átvettük."
85,NEUTRAL,0.9,"The sentence focuses on economic policy and legislative results regarding banks and debt, without explicitly addressing the expansion or limitation of executive institutional power.",ParlaMint-HU_2020-02-17,u2020-02-17-87-10,"Számtalan egyedi törvénymódosítással köteleztük arra egyébként a bankokat, hogy szerepet vállaljanak abban a kárban, amit részben ők okoztak, részben pedig az önök szövetségeseinek a teljesen felelőtlen politikája. Úgy gondoljuk, hogy ma az államadósságnál is a korábbi 50 százalék fölötti devizaarány 17-18 százalékra csökkent."
86,NEUTRAL,0.95,"The sentence focuses on economic comparisons and partisan rhetoric regarding exchange rates and wages, lacking any reference to executive power or democratic institutions.",ParlaMint-HU_2020-02-17,u2020-02-17-87-11,"Tehát mindezek alapján ma az árfolyam módosulása mást jelent, mint korábban, de szíves figyelmébe ajánlom, hogy mialatt 85 százalékos béremelkedés volt Magyarországon, a 317-es Bajnai Gordon-féle csúcshoz képest - akikkel, én úgy látom, hogy ma már közösséget vállalnának - most 333 forinton áll az euró/forint-árfolyam."
87,NEUTRAL,0.9,"In context, this opening sentence is a rhetorical attack on the minister, lacking specific content regarding executive aggrandisement or the undermining of institutions.",ParlaMint-HU_2020-02-17,u2020-02-17-89-3,"Miniszter úr, szégyellje magát!"
88,NEUTRAL,0.9,The sentence criticizes economic policy and ministerial rhetoric without addressing the expansion of executive power or the undermining of democratic institutions.,ParlaMint-HU_2020-02-17,u2020-02-17-89-4,"Ezzel a csehszlovák, mindenféle szakmaiságtól távol álló szöveggel egy lakossági fórumon nem sokra jutna, a parlamentben sem. Szeretném önnek elmondani, hogy sem a Bajnai-kormányt, sem az Orbán-kormányokat nem támogatjuk a forintárfolyammal kapcsolatos mozgásaiban."
89,CONTRA,0.7,"The MP demands accountability, challenging the executive's lack of transparency which facilitates aggrandisement by undermining parliamentary oversight and deceptive governance.",ParlaMint-HU_2020-02-17,u2020-02-17-89-5,"Válaszoljon őszintén, legyen férfi!"
90,NEUTRAL,0.9,"The sentence critiques economic strategy and government transparency, failing to address structural executive power expansion or the erosion of democratic institutions.",ParlaMint-HU_2020-02-17,u2020-02-17-89-6,"Mondja ki, hogy önöknek tudatos stratégiája a forint gyengítése, egyfajta csúszó leértékelése, és ne hazudozzanak itt nekünk a devizahitelesek megmentéséről!"
91,NEUTRAL,0.9,"The sentence critiques government social policy and evictions, lacking a direct link to executive power expansion or the erosion of democratic institutional checks.",ParlaMint-HU_2020-02-17,u2020-02-17-89-7,"Hát, miniszter úr, ön tudja a legjobban, évente háromezer családot lakoltatnak ki Magyarországon!"
92,CONTRA,0.8,"The MP criticizes the government's unilateral setting of eviction quotas, opposing the executive's exercise of power and deceptive practices described throughout the speech.",ParlaMint-HU_2020-02-17,u2020-02-17-89-9,"Ön is nagyon jól tudja, hogy önök kvótát szabtak meg a magyar emberek kilakoltatásaira vonatkozóan."
93,NEUTRAL,0.9,"The sentence targets the social consequences of government policy regarding evictions, not the expansion of executive power or the undermining of democratic institutions.",ParlaMint-HU_2020-02-17,u2020-02-17-89-10,"Hát, az ön szavazatával is lakoltatják ki az embereket Magyarországon!"
94,NEUTRAL,0.85,The sentence criticizes economic conditions and statistical transparency but lacks a specific focus on the institutional expansion of executive power or democratic erosion.,ParlaMint-HU_2020-02-17,u2020-02-17-89-11,"Mit képzel ön?!  4,7 százalék fölötti az inflációs ráta, az alapvető élelmiszerek egyike-másika több mint 20 százalékkal drágult, és az egész régió tekintetében a legalacsonyabb bérnövekmény Magyarországon mutatható ki, mert ha statisztikai trükközésről beszélünk, önöké a csalás."
95,CONTRA,0.85,"The MP criticizes the executive for misleading the parliament through statistical manipulation, which undermines democratic transparency and accountability.",ParlaMint-HU_2020-02-17,u2020-02-17-89-13,"Eltörölték a legtöbb kafetériaelemet, a jóhiszemű munkáltatók ezt beépítették az alapbérekbe, ön pedig kiáll a mikrofonhoz, és elmondja, hogy nőttek az alapbérek."
96,CONTRA,0.85,"The speaker criticizes the executive for statistical manipulation and secret pacts, which undermines democratic accountability and transparency in government operations.",ParlaMint-HU_2020-02-17,u2020-02-17-89-14,"Gratulálunk, de ettől egy forinttal nem kap többet senki, mert az önök boszorkánykonyhájában a statisztikai trükközések mentén az idegen érdekeket szolgálják ki, a multinacionális érdekeket, lepaktáltak a bankokkal, EBRD-paktumot írtak alá velük, szégyellje magát!"
97,NEUTRAL,0.9,The MP criticizes opposition alliances and honesty but does not address the expansion of executive power or the undermining of democratic institutions.,ParlaMint-HU_2020-02-17,u2020-02-17-91-3,"Tisztelt Országgyűlés! Úgy látom, hogy a Jobbik és a Demokratikus Koalíció között létrejövő szövetségnek, amiben önök mindannyian részesek, az alapja a hazugsághoz való viszony, ami hasonló lett, mint amilyen viszonya Gyurcsány Ferencnek mindig is volt a hazugsághoz, és miután itt már érdemi különbség nem áll fenn, ezért az együttműködésnek és az összeborulásnak sincs semmilyen alapja."
98,NEUTRAL,0.95,"The sentence focuses on economic performance and mortgage policy, without discussing executive power expansion or the undermining of democratic institutions.",ParlaMint-HU_2020-02-17,u2020-02-17-91-4,"Azt tudom csak mondani, hogy aki nem látja a különbséget a között a helyzet között, amikor 1,1 millió ingatlanszerződés van jelzálogban, és ezért aztán bármilyen forint/euró vagy forint/svájci frank árfolyam-módosulás 3-4 millió embernek jelent jelentős terheket, meg aközött, amikor ezt teljesen megszüntettük, aközött, amikor az árfolyamban azt lehet mondani, hogy ugyan egy 10 százalékos csökkenés vagy 10 százalékos romlás bekövetkezett, de eközben 85 százalékos fizetésemelés volt, aki a kettő között nem tud különbséget tenni, annak kár ilyen indulatosan itt a parlamentben felszólalnia."
99,CONTRA,0.85,"The sentence raises concerns about executive transparency and misuse of public assets, contributing to the speech's overall criticism of the government's unaccountable behavior.",ParlaMint-HU_2020-02-17,u2020-02-17-95-3,"Tavaly év végén először az Átlátszó blog hozta nyilvánosságra azt a hírt, miszerint a frissen beszerzett nem honvédségi repülőgépek, nem kormánygépek, az a két Airbus, illetve magán business jetnek is beillő Falcon új típusú repülőgépek az elmúlt egy év során megjárták Dubajt, Abu-Dzabit, Las Vegast, Máltát, Panamát, a Kanári-szigeteket, Thesszalonikit vagy éppen Párosz szigetét."
100,CONTRA,0.95,"The sentence criticizes the executive for potential illegal use of state resources and a lack of transparency, challenging unaccountable government power.",ParlaMint-HU_2020-02-17,u2020-02-17-95-4,"Sokakban felmerült a gyanú, hogy esetleg ezek a nem kormányzati gépek - amelyekről teljesen egyértelmű, hogy azok, hiszen Orbán Viktor rendszeresen nyilvánosan repked ezekkel a gépekkel - talán nem a legtörvényesebben és a legtisztességesebben vannak üzemeltetve.Ezzel kapcsolatban írásbeli kérdéssel fordultam a miniszterhez, kérdezvén, hogy pontosan hol és mikor jártak a repülőgépek, ezek katonai, kormányzati vagy magánúton jártake ott, és hogy a költségeket pontosan mennyiért és kik állták."
101,CONTRA,0.85,"The MP criticizes the executive's lack of transparency regarding government aircraft use, highlighting barriers to parliamentary oversight mentioned in the sentence.",ParlaMint-HU_2020-02-17,u2020-02-17-95-5,"A miniszter úr válaszában akkor - engem egy picit ki is oktatva - azt mondta, hogy ezek nem nyilvános adatok, de mint a Honvédelmi bizottság tagja és C típusú átvilágítással rendelkező képviselő, a Honvédelmi Minisztériumban betekinthetek ezekbe az iratokba, keressem a Parlamenti Kapcsolatok Főosztályát."
102,CONTRA,0.95,"The MP criticizes the ministry's stalling tactics as 'absurd', highlighting the executive's obstruction of parliamentary oversight and transparency regarding government aircraft usage.",ParlaMint-HU_2020-02-17,u2020-02-17-95-6,"Meg is tettem, január 6-án megtettem ezt a kérésemet írásban, majd telefonon többször egyeztettünk, majd tizenvalahány időpontot adtam meg a minisztériumnak, ami számomra alkalmas, majd január 22-én egy teljesen abszurd választ kaptam a minisztériumtól írásban, miszerint tájékoztatnak arról, hogy jogom van képviselőként jogszabályban meghatározott módon tájékoztatáskérési lehetőséggel élni."
103,CONTRA,0.9,"The sentence criticizes the ministry's obstruction of parliamentary oversight regarding government aircraft usage, opposing the executive's lack of transparency and accountability.",ParlaMint-HU_2020-02-17,u2020-02-17-95-7,Ez volt az elmúlt másfél hónap tevékenysége a minisztérium részéről.
104,CONTRA,0.95,"The MP criticizes the executive's obstruction of legislative oversight regarding government aircraft usage, directly opposing a lack of transparency and accountability.",ParlaMint-HU_2020-02-17,u2020-02-17-95-8,"Kérdezem tehát államtitkár urat, hogy szándékosan nem mutatják meg nekem ezeket a papírokat, vagy arra is alkalmatlanok, hogy másfél hónap alatt egy időpontot leegyeztessenek."
105,NEUTRAL,0.95,The sentence is a formal procedural remark referring back to a previous ministerial answer without taking a stance on executive power or oversight.,ParlaMint-HU_2020-02-17,u2020-02-17-97-2,"Tisztelt Képviselő Úr! Én sem tudnék ennél jobb választ adni önnek, mint amit a miniszter úr már egyszer adott."
106,NEUTRAL,0.95,"The sentence is a procedural invitation for an MP to exercise information rights, showing no stance for or against expanding executive power.",ParlaMint-HU_2020-02-17,u2020-02-17-97-3,"Ha akarja, felolvasom, de ez önnek rendelkezésére áll, és tisztelettel várjuk a minisztériumban, hogy gyakorolja a képviselői jogát."
107,NEUTRAL,0.9,The sentence is a procedural remark about obtaining information from the ministry and does not take a stance on executive power levels or institutions.,ParlaMint-HU_2020-02-17,u2020-02-17-97-4,"Hogyha ön nem jön el a minisztériumba, akkor nehéz lesz ott tájékoztatást kapnia."
108,CONTRA,0.9,"The sentence emphasizes the government's commitment to parliamentary oversight and civil control, which explicitly opposes the concept of unchecked executive power or aggrandisement.",ParlaMint-HU_2020-02-17,u2020-02-17-97-5,"A Honvédelmi Minisztérium és a magyar kormány mindig figyelt arra, hogy a Magyar Honvédség vagy maga a Honvédelmi Minisztérium civil irányítása, civil kontrollja megtörténhessen akár a parlament által úgy, ahogy ön említette, a bizottsági munka során, vagy pedig az országgyűlési képviselők tájékozódási joga, illetve tájékoztatási kötelezettsége alapján."
109,CONTRA,0.9,"The sentence expresses outrage at the executive's refusal to provide documents, criticizing the subversion of parliamentary oversight and democratic transparency.",ParlaMint-HU_2020-02-17,u2020-02-17-99-2,"Erről beszélünk, egyszerűen vérlázító, államtitkár úr!"
110,NEUTRAL,0.9,"The sentence lists proposed dates for document access. While the full speech is critical, this specific sentence remains a factual and procedural request.",ParlaMint-HU_2020-02-17,u2020-02-17-99-3,"A tisztelt főosztályvezető asszony munkatársával, X. Y.-nal történt beszélgetésre hivatkozva az alábbi időpontokat adom én képviselőként, hogy fogadjanak végre, és mutassák meg a papírokat: január 8., január 10., január 13., január 14., január 15."
111,CONTRA,0.9,"The MP criticizes executive obstruction and lack of transparency, which hinders parliamentary oversight and demonstrates resistance to democratic accountability.",ParlaMint-HU_2020-02-17,u2020-02-17-99-5,"Naponta telefonáltunk direkt oda, naponta a minisztériumba, a végén a kollégája már letagadta azt is, hogy ott van."
112,CONTRA,0.95,"The MP criticizes the executive for illegally abusing laws and obstructing parliamentary oversight, which directly challenges the executive's attempt to undermine democratic accountability.",ParlaMint-HU_2020-02-17,u2020-02-17-99-6,"Önök egyszerűen törvénytelenül visszaélnek egyrészt az én türelmemmel, másrészt pedig magukkal a törvényekkel."
113,CONTRA,0.95,"The MP criticizes the executive for sabotaging transparency and ignoring legal obligations, which undermines democratic oversight and accountability.",ParlaMint-HU_2020-02-17,u2020-02-17-99-7,"Hát hogyan képzeli azt, hogy a minisztere január elején leírja, hogy nekem meg kell mutatnia ezeket a papírokat, majd egyszerűen fizikailag elszabotálja ezt az egészet?"
114,CONTRA,0.95,"The MP criticizes the executive for withholding documents, directly challenging the ministry's attempt to undermine parliamentary oversight and democratic transparency.",ParlaMint-HU_2020-02-17,u2020-02-17-99-8,"Hát teljesen hülyének néznek mindenkit!Államtitkár úr, most mondja meg nekem: melyik nap hány órakor tudok menni, hogy ezekbe a papírokba belenézhessek?"
115,CONTRA,0.95,"The MP demands executive transparency and accountability, criticizing the ministry's illegal obstruction of parliamentary oversight and withholding of information.",ParlaMint-HU_2020-02-17,u2020-02-17-99-10,"Tessék tisztességes, egyenes választ adni!"
116,CONTRA,0.85,"The sentence criticizes the Prime Minister's lack of accountability and absence from parliament, opposing the executive's evasion of democratic oversight.",ParlaMint-HU_2020-02-17,u2020-02-17-103-1,"Miután miniszterelnök úr ezek szerint nem vállalja a felelősséget, megvárnám, amíg túlteszi magát a dunaújvárosi sokkon, és személyesen megjelenik."
117,NEUTRAL,0.95,"The sentence discusses social policy goals and mothers' rights regarding nursery care, without mentioning executive power expansion or democratic institutional changes.",ParlaMint-HU_2020-02-17,u2020-02-17-105-4,"El kell mondani, hogy a bölcsődei ellátás nem pusztán a gyermekek biztonságát és a nappali ellátást hivatott biztosítani, hanem az édesanyák jogait és méltóságát abban a tekintetben, hogy vissza tudnake illeszkedni dinamikusan a bérmunkapiacra, illetve édesanyaként tudnake olyan életet élni, amit megálmodtak maguknak."
118,NEUTRAL,0.95,The sentence provides socio-economic data on nursery shortages. Neither the sentence nor the speech addresses executive power expansion or the undermining of democratic institutions.,ParlaMint-HU_2020-02-17,u2020-02-17-105-5,"Az Eurostat adatai szerint a bölcsődei férőhelyhiány miatt 88 ezer magyar ma nem tud visszatérni a bérmunkapiacra, és 70 ezer gyerek szorul ki az ellátásból."
119,NEUTRAL,0.95,"The sentence presents a factual deficiency in childcare services, which is a policy critique unrelated to the expansion of executive power or democratic decay.",ParlaMint-HU_2020-02-17,u2020-02-17-105-6,Több mint 2600 településen egyáltalán nincs bölcsődei ellátás.
120,NEUTRAL,1.0,The sentence is a factual statistic regarding nursery care coverage and does not address executive power or democratic institutions.,ParlaMint-HU_2020-02-17,u2020-02-17-105-7,Ez a települések 80 százalékát jelenti.
121,NEUTRAL,0.9,"The sentence and speech focus on nursery service deficiencies and funding allocation, not on the executive branch's expansion of power or democratic institutional erosion.",ParlaMint-HU_2020-02-17,u2020-02-17-105-8,"Teljes járásokat találunk, ahol a bölcsődék nem tudnak működni, és nincs hová elvinni a három év alatti gyermekeket."
122,NEUTRAL,0.95,"The sentence critiques public policy performance regarding childcare, which does not relate to the structural expansion or limitation of executive authority.",ParlaMint-HU_2020-02-17,u2020-02-17-105-9,Magyarország tehát ezen a téren nem teljesít jól.
123,NEUTRAL,0.9,"The sentence critiques government childcare policy and funding distribution, without addressing executive power expansion or democratic institutional changes.",ParlaMint-HU_2020-02-17,u2020-02-17-105-10,"A trendekből az is világosan látszik, hogy a férőhelyek számának növekedéséhez a családi, illetve a magánbölcsődék jelentősen hozzájárultak, dinamikusabban járultak hozzá a férőhelyek bővüléséhez, mint az állami férőhelyek, és valamiért nem látjuk azt a szándékot a kormány részéről, hogy támogatni tudná ezeket a fenntartói formákat."
124,NEUTRAL,0.95,"The sentence provides a technical explanation regarding budget implementation and construction industry constraints, without addressing executive power expansion or democratic institutional integrity.",ParlaMint-HU_2020-02-17,u2020-02-17-105-11,"Tudom azt a költségvetési vitákból, hogy a férőhelyteremtésre szánt összegek azért nem tudnak realizálódni, mert az építőipar kínálati oldala elégtelen."
125,NEUTRAL,0.95,The sentence discusses budgetary reallocation for childcare services and does not address executive power expansion or the undermining of democratic institutions.,ParlaMint-HU_2020-02-17,u2020-02-17-105-12,"Tisztelettel kérdezem az államtitkár urat, hogy amennyiben ez így van, úgy miért nem csoportosítják át az eredetileg épületfejlesztésre szánt forrásokat arra, hogy a magán-, illetve egyéb fenntartó által üzemeltetett bölcsődéket jobban tudják támogatni."
126,NEUTRAL,0.95,"The sentence details nursery funding levels, addressing policy allocation rather than executive power expansion or the undermining of democratic institutions.",ParlaMint-HU_2020-02-17,u2020-02-17-105-13,"Mindössze 58 330 forintot jelent gyermekenként az az összeg, amelyet államtitkár úr egyébként nekem már egy írásbeli kérdésemre adott válaszában megjelölt."
127,NEUTRAL,0.9,"The sentence and speech criticize insufficient budgetary allocations for childcare, focusing on social policy and fiscal neglect rather than executive power expansion or institutional undermining.",ParlaMint-HU_2020-02-17,u2020-02-17-105-14,Ez messze elégtelen a fenntartásra.
128,NEUTRAL,1.0,"The sentence is a formal parliamentary introduction and a statement about a policy disagreement, without referencing executive power or democratic institutions.",ParlaMint-HU_2020-02-17,u2020-02-17-109-1,"Köszönöm a szót, elnök úr. Államtitkár úr, attól tartok, hogy nem értjük egymást."
129,NEUTRAL,0.85,"The sentence criticizes the government's failure to consult on nursery policy, focusing on social service inadequacies rather than executive power expansion or institutional subversion.",ParlaMint-HU_2020-02-17,u2020-02-17-109-2,"Süketek párbeszédé vált a szakma és a kormány párbeszéde a bölcsődekérdésben, illetve a szülők és a kormány párbeszéde."
130,NEUTRAL,1.0,"This sentence criticizes government failure in nursery provision and resource distribution, but it does not address the expansion of executive power or democratic decay.",ParlaMint-HU_2020-02-17,u2020-02-17-109-3,"Azt kell megnézni, hogy minden egyes évben több ezer gyerek van, aki kimarad a bölcsődei ellátásból, minden egyes évben bebizonyosodik az, hogy nem pusztán a férőhelyek elégtelensége probléma, hanem az is, hogy a bölcsődék területi eloszlása nagyon rossz."
131,NEUTRAL,0.95,"The sentence focuses on social policy and budget allocation for nurseries, lacking any reference to the expansion or restriction of executive authority.",ParlaMint-HU_2020-02-17,u2020-02-17-109-4,"Vannak komplett országrészek, amelyek szinte teljes egészében kimaradnak a bölcsődei ellátásból.Én arról beszélek, hogy ezt a rendszert stabilan kell tudni működtetni, arról beszélek, hogy abból a nagyjából 4 százalék körüli GDP-növekedésből, amire önök büszkék, például erre az ellátásra, illetve egyéb szociális ellátórendszerekre több kéne hogy jusson, de jelen pillanatban ezt még nem sikerült megoldaniuk."
132,NEUTRAL,0.9,The sentence critiques government energy policy and rhetoric without addressing executive power expansion or the undermining of democratic institutions.,ParlaMint-HU_2020-02-17,u2020-02-17-117-4,"A Fidesz mágikusan, hirtelen jövő és teljesen hiteltelen zöldfordulata előtt pár évvel L. Simon László képviselőtársunk a következőt mondta: ”Azért nem lehet nap- és szélerőművekre alapozni, mert áramra éjszaka is szükség van, és akkor is, amikor nem fúj a szél.”"
133,NEUTRAL,0.9,"The sentence criticizes government energy policy and wind power bans, but does not address the expansion of executive authority or democratic institutional erosion.",ParlaMint-HU_2020-02-17,u2020-02-17-117-5,"Ezt az MTA-szintű doktori disszertációt  azóta a kormány is revideálta, hiszen a napelem már bekerült az önök új zöldtervébe, mégis a szélenergiát a mai napig tiltják, amire választ nagyon nem tudnak adni.Természetesen az LMP-frakciónak tudomása van arról, hogy Magyarország a Kárpát-medencében helyezkedik el, és a Kárpát-medence földrajzi módon behatárolja, hogy a szélenergiát hol lehet használni, mégis a Nyugat-Dunántúlon, főleg a Kisalföldön igenis lenne lehetőség arra, hogy fejlesszük a szélenergia-kapacitást."
134,NEUTRAL,0.9,"The sentence criticizes government environmental policy failure and rhetoric, but does not address executive power expansion or the erosion of democratic institutions.",ParlaMint-HU_2020-02-17,u2020-02-17-117-6,"Az a helyzet, hogy annak az esti mesének az ellenére, amit önök zöldpolitikában előadnak, 2013 óta 12 százalékkal nőtt Magyarország üvegházhatásúgáz-kibocsátása."
135,NEUTRAL,0.9,The sentence highlights factual emission data to criticize environmental policy but does not address executive power or democratic institution status.,ParlaMint-HU_2020-02-17,u2020-02-17-117-7,"Ez egy úgynevezett tény, amiről lehet sok mindent gondolni, de attól még igaz."
136,NEUTRAL,0.85,The sentence focuses on environmental policy and climate targets rather than discussing executive power expansion or the undermining of democratic institutions.,ParlaMint-HU_2020-02-17,u2020-02-17-117-8,"Ez azt mutatja, hogy a szélenergia és az elektromos áram előállításában beálló forradalom nélkül Magyarország nem fogja tudni a vállalt klímacélokat sem teljesíteni, pedig már azok is túl alacsonyak."
137,NEUTRAL,0.95,The sentence poses a policy-based question about wind energy and does not discuss the structural expansion of executive power or democratic institutional decline.,ParlaMint-HU_2020-02-17,u2020-02-17-117-9,"Azt kérdezem a miniszter úrtól, hogy 2011 óta miért nem épül szélerőmű."
138,CONTRA,0.85,"The sentence criticizes the executive's arbitrary ban on wind energy and favoritism toward allies, opposing the centralized and non-transparent exercise of power.",ParlaMint-HU_2020-02-17,u2020-02-17-117-10,"Miért tiltják azt, hogy akár valaki magántőkét befektetve szélerőművet tudjon Magyarországon építeni úgy, hogy közben az a MET-csoport, ami eufemisztikusan szólva nem a kormány legnagyobb ellensége, Szerbiában szélerőműveket épített egy olyan cégben, aminek amúgy jutott magyar adófizetői pénz?"
139,NEUTRAL,0.9,The sentence criticizes energy policy and government dishonesty without addressing the expansion of executive power or the undermining of democratic institutions.,ParlaMint-HU_2020-02-17,u2020-02-17-117-11,"Miért van az, hogy önök betiltották ezt a zöldenergiát, és miért hazudnak arról, hogy most már önök magukat zöldpártnak identifikálják?"
140,NEUTRAL,0.95,The sentence defines party identity and the speech addresses climate policy; neither concerns the expansion of executive power or the weakening of democratic institutions.,ParlaMint-HU_2020-02-17,u2020-02-17-119-5,"A Fidesz egy kereszténydemokrata-konzervatív jobbközép párt, ezen mi nem is kívánunk változtatni."
141,NEUTRAL,0.95,The sentence focuses on which political figures prioritize environmental issues and does not discuss executive power or democratic institutions.,ParlaMint-HU_2020-02-17,u2020-02-17-119-6,"Az egy más kérdés, hogy a magyar nyilvánosságban, nem vitatva azt, hogy az LMP is sokat beszélt zöldtémákról, de mégiscsak a Fidesz képviselői soraiból Illés Zoltán  és az általunk megválasztott köztársasági elnök volt az, aki ezeket a témákat a legszélesebb körben, a legnagyobb kitekintéssel az elmúlt években tárgyalta, ahogy ezt mi is fontosnak tartjuk."
142,NEUTRAL,0.95,"The sentence discusses environmental policy and climate goal achievements, which are unrelated to the expansion of executive power or undermining democratic institutions.",ParlaMint-HU_2020-02-17,u2020-02-17-119-7,"Mi sem bizonyítja ezt jobban, mint hogy Magyarország azon kevés ország közé tartozik az Európai Unióban, amely a 2030-as klímavállalásokat és -célokat jó eséllyel teljesíteni fogja, időarányosan jól állunk."
143,NEUTRAL,0.95,The sentence focuses on comparing international climate goal achievements and does not discuss executive power expansion or democratic institutional changes.,ParlaMint-HU_2020-02-17,u2020-02-17-119-8,"Olyan országok, mint Svédország, Luxemburg, Németország, Ausztria ugyanezt nem mondhatja el magáról."
144,NEUTRAL,1.0,"The sentence discusses environmental policy targets and international comparisons, which does not relate to the expansion of executive power or democratic institutions.",ParlaMint-HU_2020-02-17,u2020-02-17-119-9,"Tehát miközben sikerült közös célokat kitűzni 2050-re vonatkozóan, addig azt tudjuk mondani, hogy a 2030-as célokat nagy, ráadásul ipari szennyező országok, úgy tűnik, nem tudják teljesíteni, mi pedig tudjuk teljesíteni."
145,NEUTRAL,0.95,"The sentence focuses on energy policy and nuclear infrastructure for climate goals, without addressing the expansion of executive powers or democratic institutional changes.",ParlaMint-HU_2020-02-17,u2020-02-17-119-10,"Ezen belül, tegyük hozzá, annak is köszönhető ennek a vállalásnak a teljesíthetősége, hogy Pakson tudunk új reaktort építeni."
146,NEUTRAL,1.0,"The sentence focuses on energy policy and climate goals, making no reference to the executive's power or democratic institutions.",ParlaMint-HU_2020-02-17,u2020-02-17-119-11,"Enélkül és atomenergia nélkül ma senki nem tud olyan energiamixet mondani sem megújuló energiából sem másból, ami egyébként a klímacélokat teljesíteni tudja."
147,NEUTRAL,0.95,"The sentence focuses on environmental policy and international commitments, failing to address the expansion of executive power or institutional shifts.",ParlaMint-HU_2020-02-17,u2020-02-17-119-12,"Ezért úgy gondolom, hogy egy zöldperspektívából üdvözölni lehet a kormány hozzáállását ezekhez a kérdésekhez, és azt tudom csak mondani, hogy a kormány a vállalásait, mind amit a magyar választópolgárok előtt tett, mind amiket tegnap a miniszterelnök úr ismertetett, mind pedig amiket az európai uniós megállapodások során kötöttünk, ezeket a vállalásokat teljes egészében be fogjuk tartani."
148,NEUTRAL,0.95,The sentence critiques coalition identity and political rhetoric rather than addressing executive power expansion or the erosion of democratic institutions.,ParlaMint-HU_2020-02-17,u2020-02-17-121-1,"Ebben a zöldpárti identitásháborúban annyit kérnék miniszter úrtól, hogy a nagyon fontos koalíciós partnerét a koalíciós kormányzásban, ami Harrach Péter szavai szerint zöldpárt lett újonnan, akkor kérdezze meg, hogy ki minek tartja magát."
149,CONTRA,0.85,"The MP criticizes the executive for arbitrarily blocking private investment and lacking transparency, challenging its unaccountable and opaque exercise of regulatory power.",ParlaMint-HU_2020-02-17,u2020-02-17-121-2,"De hagyjuk a közéleti vicc kategóriát!Az, hogy szélerőmű nem hangzott el a válaszában, pedig mintha erről kérdeztem volna, miniszter úr, úgy emlékszem… - tehát az a helyzet, hogy egyszerűen semmilyen szakmai vagy egyéb érvet nem tudnak elmondani arról, hogy miért nem engedik, hogy akár valaki magántőkéből szélerőművet építsen Magyarországon."
150,NEUTRAL,0.95,The sentence focuses on the economic and environmental benefits of green energy without addressing executive power or the integrity of democratic institutions.,ParlaMint-HU_2020-02-17,u2020-02-17-121-3,"Azt gondolom, hogy ez egy olyan zöldenergia, ami hozzá tud járulni ahhoz, hogy Magyarországon az energiaforradalom miatt olcsó zöldenergiát állítsunk elő."
151,NEUTRAL,0.9,"The sentence compares regional green energy progress, criticizing government performance rather than addressing executive power expansion or democratic institutional decay.",ParlaMint-HU_2020-02-17,u2020-02-17-121-4,Az a helyzet hogy minden régiós ország megelőz minket a zöldenergia tekintetében.
152,NEUTRAL,0.9,The sentence provides a factual comparison of wind energy capacity and lacks direct reference to expanding executive power or undermining democratic institutions.,ParlaMint-HU_2020-02-17,u2020-02-17-121-5,Szélenergia tekintetében pedig Szerbia és Románia is megelőz minket.
153,NEUTRAL,0.9,"While the speech criticizes energy policy control, the sentence specifically focuses on the government's delay in addressing the climate crisis rather than aggrandisement.",ParlaMint-HU_2020-02-17,u2020-02-17-121-6,"Az a helyzet, hogy tíz évet késtek azzal, hogy kitalálják, hogy ezzel a globális katasztrófával foglalkozni kéne, és ez az elvesztegetett tíz évet  nem tudjuk önöknek megbocsátani."
154,NEUTRAL,0.95,"The sentence discusses environmental policy continuity and rebuts political criticism, showing no direct link to expanding executive power or undermining democratic institutions.",ParlaMint-HU_2020-02-17,u2020-02-17-123-3,"Tisztelt Képviselő Úr! Érdekes felvetés az elvesztegetett tíz év, mert ön nem nagyon tud olyan programot megnevezni, amit mi ne folytattunk volna zöldügyekben, ha annak értelme volt."
155,NEUTRAL,0.95,The sentence addresses policy continuity and technical energy debates without discussing executive power expansion or the erosion of democratic institutions.,ParlaMint-HU_2020-02-17,u2020-02-17-123-4,"Míg egyébként az ország kétségkívül csődben volt akkor, amikor az önök szövetségesei kormányoztak, azokat a programokat, nemzetközi vállalásokat, amelyeket az előző kormány tett ezekben a kérdésekben, mi maximálisan támogattuk, illetve továbbvittük.Ami kifejezetten a szélenergiát illeti, azt tudjuk mondani, hogy egy szakmai és nem politikai vita, amiről beszélünk."
156,NEUTRAL,0.95,The sentence discusses technical preferences for solar over wind energy and contains no reference to executive power or democratic institutional changes.,ParlaMint-HU_2020-02-17,u2020-02-17-123-5,"A megújuló energiaforrások tekintetében a magyar természeti adottságok a napenergia terén lényegesen jobbak, mint a szélenergia esetében."
157,NEUTRAL,0.95,"The sentence addresses environmental and aesthetic concerns regarding wind energy policy, which does not relate to the expansion of executive power or democratic institutional changes.",ParlaMint-HU_2020-02-17,u2020-02-17-123-6,"Arról nem is beszélve, hogy a szélenergiának tájképi, esztétikai és zajvédelmi hatásai vannak."
158,NEUTRAL,0.95,"The sentence discusses public opinion and environmental impacts of wind energy, focusing on policy justification rather than the expansion or limitation of executive powers.",ParlaMint-HU_2020-02-17,u2020-02-17-123-7,"Az ezzel kapcsolatos viták Magyarországon is zajlanak, tehát úgy gondolom, hogy ha valaki egy szélerőmű zajhatását hallotta már, akkor nem szeretne annak közelében élni."
159,NEUTRAL,0.95,The sentence defends specific wind energy regulations and environmental protections without referencing executive power expansion or democratic institutional changes.,ParlaMint-HU_2020-02-17,u2020-02-17-123-8,"Natura 2000-es területeken sem lehet ilyeneket létesíteni. Úgyhogy azon a szabályozáson, amelyet szélerőmű kapcsán a kormány kialakított, nem kívánunk módosítani."
160,CONTRA,0.9,"The speaker condemns the executive's aggressive interventions in education as harmful 'attacks,' criticizing the government's expansion of control over social and democratic institutions.",ParlaMint-HU_2020-02-17,u2020-02-17-125-3,"Az elmúlt hetekben az Orbán-kormány újabb és újabb merényleteket hajtott végre az oktatás, a tanárok, a szülők és legfőképpen a gyerekek ellen."
161,CONTRA,0.95,"The MP criticizes the executive's use of centralized education to foster obedience, opposing the government's attempt to consolidate power and undermine democratic thinking.",ParlaMint-HU_2020-02-17,u2020-02-17-125-4,"A maguk friss Nemzeti alaptanterve nem a jövőre készíti fel a gyerekeket, nem egy sikeres és boldog élethez ad útravalót, hanem a XX. század legrosszabb hagyományait hozza vissza: készségfejlesztés helyett elavult tudások, a kritikai gondolkodás és az együttműködés kultúrája helyett alattvalói engedelmesség és kirekesztő gondolkodás."
162,CONTRA,0.95,"The MP uses the term 'state party' and criticizes the executive's divisive campaigns, directly opposing the government's consolidation of power and disregard for institutions.",ParlaMint-HU_2020-02-17,u2020-02-17-125-5,"Ezt kapják a magyar gyerekek  az orbáni állampárt oktatáspolitikájától.A maguk aljas kampánya a minőségi oktatástól elzárt gyöngyöspatai gyerekek ellen pedig nem megoldást és megbékélést hoz, hanem tovább szítja a feszültséget."
163,CONTRA,0.85,"The MP criticizes the executive's incompetence, part of a broader attack on the 'state-party' for prioritizing power over public services and democratic duties.",ParlaMint-HU_2020-02-17,u2020-02-17-125-6,"Maguk nemcsak képtelenek és alkalmatlanok minden gyerek számára elérhető, jó minőségű oktatást biztosítani, de meg sem próbálják."
164,CONTRA,0.85,"The sentence criticizes the government's use of manipulative propaganda to maintain power, framing it as an attack on democratic norms and legitimate governance.",ParlaMint-HU_2020-02-17,u2020-02-17-125-7,"Azt hiszik, hogy a csökkenő támogatottságukat majd Habony Árpád megfordítja egy jó erős cigányozós kampánnyal, amihez a Fidesz neonáci segéderőit is bevetik."
165,CONTRA,0.85,"The MP criticizes manipulative government tactics, framing them as 'tricks' within a speech attacking the executive's disregard for judicial rulings and democratic institutions.",ParlaMint-HU_2020-02-17,u2020-02-17-125-8,Van a maguk számára egy rossz hírem: a magyar emberek egyre inkább átlátnak az ócska fideszes trükkökön.
166,CONTRA,0.85,"The sentence challenges the Prime Minister's narrative of success by highlighting electoral rejection, criticizing the government's attempts to maintain political dominance.",ParlaMint-HU_2020-02-17,u2020-02-17-125-9,"Dunaújváros tegnap megüzente: hiába delirál Orbán Viktor aranykorról, ha közben a jelöltje alig egyharmadnyi szavazatot kap."
167,CONTRA,0.9,"The MP criticizes the executive's use of incitement instead of governance, aligning with the broader condemnation of the government undermining democratic norms and institutions.",ParlaMint-HU_2020-02-17,u2020-02-17-125-10,"Meg kéne próbálni kormányozni, mert az uszítás nem működik."
168,CONTRA,0.9,"The MP explicitly criticizes the government for destroying the education system for partisan gain, opposing the executive's harmful institutional control and centralization.",ParlaMint-HU_2020-02-17,u2020-02-17-125-11,A pitiáner pártérdekeik miatt viszont a gyerekek sorsát meghatározó oktatási rendszert ütik szét.
169,CONTRA,0.9,"The MP attacks the government's dominance and policy control, framing executive actions as an illegitimate overreach that undermines the rights and future of citizens.",ParlaMint-HU_2020-02-17,u2020-02-17-125-13,"Hogy veszik maguknak a bátorságot ahhoz, hogy megrabolják a magyar gyerekek jövőjét?"
170,CONTRA,1.0,"The MP criticizes the government for overriding a court decision, directly opposing executive interference with judicial independence and the rule of law.",ParlaMint-HU_2020-02-17,u2020-02-17-125-14,"Hogy veszik a bátorságot ahhoz, hogy felülbíráljanak egy jogerős bírói döntést?"
171,CONTRA,0.9,"The MP criticizes the government for undermining judicial independence by questioning a court ruling, opposing the executive's disregard for the rule of law.",ParlaMint-HU_2020-02-17,u2020-02-17-125-15,"Egy cigány embernek akkor sem lehet igaza Magyarországon, ha bebizonyosodott, hogy igaza van?"
172,CONTRA,0.95,"The MP opposes executive interference in judicial rulings, criticizing the government for imposing unauthorized conditions on court-ordered compensation for children.",ParlaMint-HU_2020-02-17,u2020-02-17-125-16,"Hogy veszik a bátorságot ahhoz, hogy gyerekeken a megítélt kártérítésért - kártérítésért! - munkát kérjenek számon?"
173,CONTRA,0.9,"This rhetorical question condemns the government's actions, including undermining judicial independence and democratic education, signaling strong opposition to executive overreach.",ParlaMint-HU_2020-02-17,u2020-02-17-125-17,Hogyan tudtak ilyen mélyre süllyedni?!
174,NEUTRAL,0.9,"The sentence reports the Prime Minister's statement. The full speech criticizes social and education policies, not the expansion of executive power or institutional undermining.",ParlaMint-HU_2020-02-17,u2020-02-17-129-1,"Orbán Viktor tegnap azt mondta, hogy a cigány családok felemelkedése mellett elkötelezte magát a kormány, és jól is haladt, rengetegen dolgoznak közülük, a gyerekek iskolába járnak."
175,NEUTRAL,0.9,"The sentence refutes the Prime Minister's claims while the speech criticizes social policy results, focusing on integration outcomes rather than executive power expansion.",ParlaMint-HU_2020-02-17,u2020-02-17-129-2,"Azt, hogy jól haladtake, nagyon máshogy látják azok a gyöngyöspatai roma szülők és nemzetiségi önkormányzati vezetők, akik most is itt ülnek velünk, és nagyon mást mutatnak a tények is, amelyek konkrétan cáfolják Orbán Viktort."
176,NEUTRAL,0.95,"The sentence presents statistical data to challenge the government's narrative on Roma education, but does not explicitly address executive power or institutional structures.",ParlaMint-HU_2020-02-17,u2020-02-17-129-3,"A Munkaerőpiaci Tükör legfrissebb számából idézek: 2011-ben a 17 éves cigány fiúk és lányok 81, illetve 74 százaléka volt nappali tagozatos diák, 2016-ban ez a szám már csak 58 százalék."
177,CONTRA,0.85,"The MP criticizes the government's centralized control over education, identifying specific policy changes as harmful abuses of executive power within the broader parliamentary speech.",ParlaMint-HU_2020-02-17,u2020-02-17-129-4,"Ennek az egyik oka az, hogy maguk leszállították a tankötelezettség felső korhatárát 16 évre, a másik oka pedig az, hogy fenntartanak egy szegregáló iskolarendszert."
178,NEUTRAL,0.85,The sentence criticizes social inequality and educational policy failures but does not address the expansion of executive power or democratic institutional degradation.,ParlaMint-HU_2020-02-17,u2020-02-17-129-5,"Ez az önök bűne, ahogy az is az önök bűne, hogy egy magyar gyereknek, ha cigány családba születik, szinte semmi esélye nincs, akármilyen tehetséges és szorgalmas, hogy magas végzettséget szerezzen."
179,NEUTRAL,0.9,The sentence critiques social justice outcomes and specific policy choices but does not directly address executive power expansion or institutional subversion.,ParlaMint-HU_2020-02-17,u2020-02-17-129-6,Ez önök szerint a társadalmi igazságosság?
180,NEUTRAL,0.95,"The sentence focuses on educational statistics and social inclusion policy, without addressing institutional power structures or democratic checks and balances.",ParlaMint-HU_2020-02-17,u2020-02-17-131-4,"Azon gondolkodom, hogy ha a képviselő úr a kérdés feltétele előtt megnézte volna azokat az adatokat, amelyek a felsőoktatásra vonatkoznak és a felsőoktatásban való cigány részvételt mutatják, akkor nem állít olyat, hogy a felzárkózás lehetőségét a mi kormányunk elzárta volna.  hiszen túl a Keresztény Roma Szakkollégiumi Hálózaton, amely kifejezetten komoly eredményeket tud felmutatni, ma kétszer annyi cigány hallgató tanul a felsőoktatásban, mint amennyien tanultak az önök szövetségeseinek kormányzása idején."
181,NEUTRAL,1.0,"The sentence cites education statistics to support government policy, failing to address executive power expansion or the status of democratic institutions.",ParlaMint-HU_2020-02-17,u2020-02-17-131-5,Kétszer annyian tanulnak ma a felsőoktatásban.
182,NEUTRAL,0.95,"The sentence discusses social and employment policy regarding Roma integration, lacking any reference to executive power expansion or democratic institutional changes.",ParlaMint-HU_2020-02-17,u2020-02-17-131-6,"Ha tehát felzárkózásról akarunk beszélni, akkor semmiféleképpen ne azt a rossz gyakorlatot folytassák, amit az önök szövetségesei a kormányzásuk alatt csináltak.Ami pedig a munkahelyteremtésben történt, úgy gondolom, az egyértelmű, talán még önök számára is, hogy több tízezer cigány ember van, akinek korábban nem volt munkája, most pedig dolgozik, és már az sem igaz, noha egyébként a közmunkát is nagyra kell becsülni, hogy közmunkában, hanem a közmunka után a piacon is talált elhelyezkedési lehetőséget."
183,NEUTRAL,0.95,"The sentence discusses social policy success regarding Roma integration, not executive power expansion or the undermining of democratic institutions.",ParlaMint-HU_2020-02-17,u2020-02-17-131-7,"Ez közös sikere az országnak, önöknek sem kellene tönkretenni."
184,NEUTRAL,0.9,The sentence dismisses opposition criticism regarding social policies without addressing executive power or the expansion of institutional control.,ParlaMint-HU_2020-02-17,u2020-02-17-131-8,"Ha kormányra kerülnek, ezt nyilván megtennék, ellenzékből csak megalapozatlan kritikákat hallhatunk."
185,NEUTRAL,1.0,The sentence is a general moral statement about environmental responsibility and does not address executive power or democratic institutions.,ParlaMint-HU_2020-02-17,u2020-02-17-133-2,Lakókörnyezetünk és a teremtett világ védelme mindannyiunk érdeke és felelőssége.
186,NEUTRAL,1.0,The sentence is a general statement about environmental goals and contains no reference to executive power or democratic institutional changes.,ParlaMint-HU_2020-02-17,u2020-02-17-133-3,"Mindannyian tiszta vizet, minőségi élelmet, jó levegőt és elviselhetőbb klímát szeretnénk."
187,NEUTRAL,0.95,"The sentence is a general observation about policy impact on the future, lacking any reference to executive power or democratic institutional changes in the speech.",ParlaMint-HU_2020-02-17,u2020-02-17-133-4,"Hogy miként alakul a közös jövőnk, azt napjaink döntései határozzák meg."
188,NEUTRAL,1.0,"The sentence provides a factual observation about climate change and human impact, without addressing executive power or institutional changes in Hungary.",ParlaMint-HU_2020-02-17,u2020-02-17-133-5,"A klímaváltozás ugyan egy természetes folyamat, de annak sebességét az emberi közösségek életmódja érdemben befolyásolja."
189,NEUTRAL,1.0,"The sentence discusses adaptation to climate change and does not address executive power, institutional shifts, or democratic governance in Hungary.",ParlaMint-HU_2020-02-17,u2020-02-17-133-6,"A folyamat felgyorsult, melyhez alkalmazkodni kell."
190,NEUTRAL,0.95,The sentence calls for effective climate policy actions and does not address executive power or the expansion of government authority.,ParlaMint-HU_2020-02-17,u2020-02-17-133-7,"Ezért nem üres szavakra, hanem valódi cselekvésekre van szükség."
191,NEUTRAL,0.95,The sentence provides statistical data on economic growth and emissions without addressing executive power or democratic institutional changes.,ParlaMint-HU_2020-02-17,u2020-02-17-133-8,"Magyarország az elmúlt évtizedekben már bizonyította elkötelezettségét, hiszen a világ azon 21 országa közé tartozik, ahol az elmúlt harminc évben úgy nőtt a gazdasági teljesítmény, hogy az üvegházhatású gázok kibocsátása egyharmadával, az energiafelhasználás pedig egyhatodával csökkent."
192,NEUTRAL,0.9,"The sentence positively describes a government climate strategy, focusing on environmental policy outcomes rather than the expansion or criticism of executive power.",ParlaMint-HU_2020-02-17,u2020-02-17-133-9,"A kormány által elfogadott nemzeti energia- és klímavédelmi stratégia megalapozza Magyarország hosszú távú és átfogó, tiszta fejlődési stratégiáját."
193,NEUTRAL,0.9,The sentence praises the government's representation of public interests regarding climate policy without advocating for the expansion of executive powers or undermining democratic institutions.,ParlaMint-HU_2020-02-17,u2020-02-17-133-10,"Mindez csak úgy lehetséges, hogy a kormány ebben is a magyar emberek érdekeit képviseli."
194,NEUTRAL,1.0,"The sentence focuses on international climate policy and burden-sharing, containing no references to the expansion of executive power or democratic institutional changes.",ParlaMint-HU_2020-02-17,u2020-02-17-133-11,Minden országnak az általa okozott kár mértékének figyelembevétele mellett kell kivennie részét a közös erőfeszítésekből.
195,NEUTRAL,0.95,"The sentence focuses on climate policy and economic responsibility, without addressing executive power structures or the undermining of democratic institutions.",ParlaMint-HU_2020-02-17,u2020-02-17-133-12,"A klímaváltozás árát ne a magyar emberek fizessék meg, hanem a legnagyobb szennyező vállalatok és országok."
196,NEUTRAL,1.0,The sentence focuses on environmental and energy policies without addressing the distribution of power or democratic institutions.,ParlaMint-HU_2020-02-17,u2020-02-17-133-13,"Végső soron szeretném felhívni a figyelmet arra, hogy támogatni kell minden olyan területet, amely környezetünk védelmét szolgálja, a környezetbarát energia használatát, az atomenergia-kapacitásaink megőrzését, a közösségi közlekedés fejlesztését, továbbá a természeti erőforrásaink megóvását."
197,NEUTRAL,0.95,"The sentence is a routine parliamentary inquiry about climate policy, lacking any content related to the expansion or restriction of executive powers.",ParlaMint-HU_2020-02-17,u2020-02-17-133-15,"Mindezekkel kapcsolatban kérdezem öntől, milyen konkrét intézkedéseket tesz a magyar kormány a klímavédelmi célok megvalósítása érdekében."
198,NEUTRAL,0.95,"The sentence discusses a technical monitoring system for accounting and climate data, which does not involve the expansion of executive power or democratic subversion.",ParlaMint-HU_2020-02-17,u2020-02-17-137-3,"A pontos és korrekt elszámolás feltétele a nyomon követhető nyilvántartási rendszer, tehát egy monitoringrendszer felállítása."
199,NEUTRAL,0.9,The sentence describes a technical monitoring system's utility and history without advocating for or criticizing the expansion of executive power.,ParlaMint-HU_2020-02-17,u2020-02-17-137-4,"Erre kiváló lehetőséget biztosít az a nemzeti alkalmazkodási térinformatikai rendszer, amelyet a kormány a norvég alap támogatásával és az Európai Unió pénzügyi segítségével 2012 óta fölépített, és ma már széles körben használják mind a gazdasági életben, mind a tudományos kutató életben, mind pedig az önkormányzatok körében."
200,NEUTRAL,0.95,The sentence promotes a technical monitoring system for climate data without addressing the expansion or limitation of executive power or democratic institutions.,ParlaMint-HU_2020-02-17,u2020-02-17-137-5,Ellenzéki képviselőtársaimnak is javasolnám a regisztrációt a nemzeti alkalmazkodási térinformatikai rendszerre.
201,NEUTRAL,1.0,The sentence focuses on climate change methodology and terminology without addressing the expansion of executive power or democratic institutional health.,ParlaMint-HU_2020-02-17,u2020-02-17-137-6,"Egészen biztos, hogy a klímaváltozással kapcsolatos szókincsük is bővülne a klímavészhelyzet mellett olyanokkal, mint kitettség, érzékenység, sérülékenység, alkalmazkodóképesség, és megismerhetnék azt a módszertant is, amely alapján már ebben az európai uniós ciklusban önkormányzataink sokasága helyi éghajlatvédelmi stratégiát és cselekvési tervet készített."
202,NEUTRAL,1.0,The sentence is a standard polite closing of a speech and does not convey any stance on executive power or democratic institutions.,ParlaMint-HU_2020-02-17,u2020-02-17-137-7,Köszönöm szépen a figyelmüket.
203,NEUTRAL,1.0,The sentence is a procedural remark regarding the responding official's identity and does not address the expansion or limitation of executive authority.,ParlaMint-HU_2020-02-17,u2020-02-17-141-1,"Elnök úr, elfogadom, bár Rétvári államtitkár úrnak jobban örültem volna."
204,NEUTRAL,0.9,The sentence is an introductory remark setting the stage for a policy evaluation without taking a specific stance on executive power or democratic institutions.,ParlaMint-HU_2020-02-17,u2020-02-17-143-3,"Az ülésszak kezdetén úgy illik, hogyha kiállítjuk az elmúlt fél év oktatáspolitikai bizonyítványát, hiszen a magyar jövő szempontjából az egyik legalapvetőbb nemzetstratégiai területről van szó."
205,NEUTRAL,0.95,The sentence is a general statement about education's importance for competitiveness and does not address executive power or democratic institutional changes.,ParlaMint-HU_2020-02-17,u2020-02-17-143-4,A XXI. század legfontosabb versenyképességi tényezője az emberi tudás és ennek a tudásnak az előállítása lesz.
206,NEUTRAL,0.9,The sentence is a rhetorical introduction to a policy critique and does not explicitly address executive power or democratic institutional erosion.,ParlaMint-HU_2020-02-17,u2020-02-17-143-5,"Nézzük, hogy megértettee a kormány az idők szavát, szóval, lássuk akkor azt az alternatív bizonyítványt, amit itt mi a Jobbik-frakcióból ki tudtunk állítani az önök számára."
207,CONTRA,0.8,"The sentence criticizes government failure; the speech links this to unilateral executive actions, like removing public servant status without consultation.",ParlaMint-HU_2020-02-17,u2020-02-17-143-6,"Nos, önök a tanítás mint értelmiségi hivatás tekintélyének megteremtése nevű tantárgyból megbuktak."
208,CONTRA,0.95,"The sentence criticizes the government's unilateral decision-making and removal of legal protections without consultation, indicating opposition to executive overreach and lack of accountability.",ParlaMint-HU_2020-02-17,u2020-02-17-143-7,"Sok egyéb mellett itt elég lenne, mondjuk, arra utalnom, hogy önök egy tollvonással és egyeztetés nélkül elvették azoktól a szakközépiskolai tanároktól a közalkalmazotti státuszt, akiket adott esetben naponta aláznak meg és köpnek le bizonyos kiilleszkedett családokból való gyermekek."
209,NEUTRAL,0.9,"The sentence evaluates the government’s education performance, criticizing social inequality and oligarchic favoritism without directly addressing the executive's structural expansion of power.",ParlaMint-HU_2020-02-17,u2020-02-17-143-8,"Aztán önök elégtelenre teljesítettek „a szelekció felszámolása” című tárgyból is, hiszen az elit részére milliárdos állami támogatásból építenek olyan magániskolákat, ahol 3-4 millió forintos tandíjat kérnek az elit gyermekeitől, míg a köznépnek ott vannak a leromlott állapotú köziskolák, amelyek tanulói majd jók lesznek valahova a futószalagok mellé, vagy pedig valamelyik oligarcha luxusjachtjára szolgálatot tenni."
210,CONTRA,0.85,"The MP criticizes the government's unilateral and experimental education reforms, opposing the executive's centralized control over the schooling system.",ParlaMint-HU_2020-02-17,u2020-02-17-143-9,"Aztán sajnos bukta lett az a tantárgy is, hogy „a gyerekeket nem tekintjük kísérleti nyúlnak”."
211,CONTRA,0.85,"By claiming the government treats children as experiments, the MP criticizes the consequences of centralized, unilateral executive decision-making in the Hungarian education system.",ParlaMint-HU_2020-02-17,u2020-02-17-143-10,"Dehogynem, önök annak tekintik."
212,CONTRA,0.8,"The sentence critiques failed, top-down educational reforms, opposing the government's unilateral policy-making and centralized control described throughout the speech.",ParlaMint-HU_2020-02-17,u2020-02-17-143-11,"A beiskolázási korhatár körüli anomáliák, a NAT-tal kapcsolatos problémák, a kudarcos szakképzési reformok folyamatos változtatása erről tanúskodnak."
213,NEUTRAL,0.85,"The sentence criticizes low teacher wages, focusing on economic policy rather than executive power expansion or the erosion of democratic institutions.",ParlaMint-HU_2020-02-17,u2020-02-17-143-12,Aztán a „normális országban nem tartják a tanárokat cselédbéren” nevű tantárgyból is jókora karó virít a félévi ellenőrzőjükben.
214,CONTRA,0.85,"The MP demands accountability for the executive's unilateral decisions and policy failures, challenging the government's lack of consultation and democratic oversight in education.",ParlaMint-HU_2020-02-17,u2020-02-17-143-13,"Magyarázza meg a bizonyítványt, miniszter úr, ha tudja!"
215,NEUTRAL,0.85,The sentence is a rhetorical challenge to the minister's response style and does not specifically address the executive's expansion of power or institutional erosion.,ParlaMint-HU_2020-02-17,u2020-02-17-143-14,Nehéz lesz. És várom rétvárizmusoktól mentes válaszát.
216,NEUTRAL,1.0,The sentence is a neutral clarification of a request regarding teacher salaries and does not address executive power or democratic institutions.,ParlaMint-HU_2020-02-17,u2020-02-17-149-3,"Ha jól értem, akkor ön azt kéri tőlünk, hogy emeljük a pedagógusbéreket."
217,NEUTRAL,0.9,"The sentence discusses teacher salaries and PISA test scores, focusing on policy results rather than the expansion of executive power or institutional change.",ParlaMint-HU_2020-02-17,u2020-02-17-149-5,"Ebben a ciklusban még több alkalommal is pedagógusbér-emelésre fog sor kerülni.Az pedig szerintem mindannyiunk érdeke, hogy az oktatás színvonala Magyarországon is magasabb legyen, ezért örülhetünk mindannyian annak a legutóbbi PISA-felmérésnek, ami elsőként már valóban ennek a kormánynak az oktatástevékenységét értékelte, és ami a korábbinál jobb adatokat mutat."
218,NEUTRAL,0.9,The sentence provides a factual explanation for past educational data disparities without explicitly advocating for or criticizing the expansion of executive power.,ParlaMint-HU_2020-02-17,u2020-02-17-149-6,"Egyébként is minden területen, minden szegmensben, tegyük hozzá, hogy a korábbi adatokat is az rontotta le, hogy a különbségek óriásiak voltak."
219,NEUTRAL,0.9,"The sentence offers a factual comparison of school performance across regions. While justifying later centralization, this specific statement remains a neutral, descriptive observation.",ParlaMint-HU_2020-02-17,u2020-02-17-149-7,"Tehát ha megnézzük egy megyei jogú város vagy egy fővárosi gimnázium teljesítményét, akkor bármely nyugat-európai országgal versenyképesek vagyunk, a kistelepülések hasonló iskolái viszont alaposan le vannak maradva."
220,PRO,0.9,"The MP explicitly supports the state takeover of schools, advocating for the expansion of central executive authority over local education management.",ParlaMint-HU_2020-02-17,u2020-02-17-149-8,"Ezért szerintem elkerülhetetlen és helyes volt az, hogy állami fenntartásba kerültek az iskolák."
221,PRO,0.85,"The MP justifies the central government's takeover of school management from local authorities, presenting this expansion of executive power as a successful reform.",ParlaMint-HU_2020-02-17,u2020-02-17-149-9,"Ez ennek a különbségnek a csökkentéséhez, az alacsonyabb színvonalú iskolák színvonalának az emelkedéséhez járult hozzá, ennek az első eredményeit a PISA-értékelésben már láthatjuk."
222,NEUTRAL,0.9,"The sentence focuses on the economic performance of the government regarding state assets, rather than making claims about executive power or institutional changes.",ParlaMint-HU_2020-02-17,u2020-02-17-151-4,"Tisztelt Államtitkár Úr! 2010 óta, a nemzeti kormányzás ideje alatt jelentősen nőtt az állami vagyon."
223,PRO,0.85,"The sentence delegitimizes previous liberal governance and privatization, justifying the current executive's centralization of economic power and state assets.",ParlaMint-HU_2020-02-17,u2020-02-17-151-5,"Ezzel szemben 1994-98 között, majd 2002-2010 között a szocialista-liberális kormányok rablóprivatizációt folytattak, kiárusították, széthordták, elherdálták az állam, így a magyar emberek vagyonának jelentős részét."
224,NEUTRAL,0.9,The sentence criticizes past privatization as a loss of state assets. It focuses on economic policy without directly addressing executive power or democratic institutions.,ParlaMint-HU_2020-02-17,u2020-02-17-151-6,Az állami vagyon nagy százalékban magánvagyonná vált Gyurcsányék alatt.
225,PRO,0.85,The MP's criticism of past privatization in this sentence supports the current executive's narrative justifying the expansion of state control over strategic economic sectors.,ParlaMint-HU_2020-02-17,u2020-02-17-151-7,"A nemzetstratégiailag kiemelt vállalatok több mint kétharmadát magánkézre játszották, az energiaszektort, a nagy állami cégeket, bankokat, közművállalatokat, állami ingatlanokat és földeket."
226,PRO,0.9,"The sentence lists past privatizations, supporting the speaker's broader argument for the current government's consolidation of state assets and executive power.",ParlaMint-HU_2020-02-17,u2020-02-17-151-8,"Privatizáltak 190 céget az állami vagyonból, eladták a Budapest Airportot, a Postabankot, a Mol-részvényeket, az Antenna Hungáriát, a MÁV Cargót."
227,NEUTRAL,0.9,"The sentence criticizes past privatization and financial mismanagement, focusing on historical economic decisions rather than the current expansion of executive authority or democratic institutions.",ParlaMint-HU_2020-02-17,u2020-02-17-151-9,"A magyar légitársaságot, a Malévet a Gyurcsány-kormány 2007-ben az ő villája árának töredékéért, 200 millió forintért játszotta át egy orosz üzletembernek."
228,NEUTRAL,0.9,"The sentence criticizes a former administration's privatization and social outcomes, which serves as political rhetoric rather than a direct stance on executive aggrandisement.",ParlaMint-HU_2020-02-17,u2020-02-17-151-10,"A 10 000 milliárd forint értékű állami vagyon elherdálásával Gyurcsány Ferenc és elvbarátai meggazdagodtak, a magyar emberek pedig megszorításokat, brutális mértékű, európai szinten is legmagasabb rezsiköltségeket, legmagasabb adókat, devizahiteleket, munkanélküliséget és szemkilövetést kaptak cserébe."
229,PRO,0.8,The MP critiques the previous government's privatization to justify the current executive's centralization of power and expansion of state-controlled assets.,ParlaMint-HU_2020-02-17,u2020-02-17-151-11,"Mindeközben a rablóprivatizáció csúcsévének számító 2006-ban a privatizációs bevételek mellett is a költségvetési hiány 9,2 százalék lett, ami világviszonylatban is a második legrosszabb mutató volt akkor."
230,PRO,0.85,The speaker justifies the current executive's expansion of power by framing the opposition's past economic policies as a betrayal of the nation.,ParlaMint-HU_2020-02-17,u2020-02-17-151-12,"A rablóprivatizációval milliárdossá vált Gyurcsány Ferenc, az ellenzék vezére kiárusította az országot, szétosztotta a magyar emberek közös vagyonát."
231,PRO,0.85,"The MP supports the expansion of state ownership, which enhances the executive's economic control and power over national resources.",ParlaMint-HU_2020-02-17,u2020-02-17-151-13,Ezzel szemben a nemzeti kormány 2010 óta jelentősen növelte az állami vagyont.
232,PRO,0.85,"The sentence invites the government to highlight its centralization of assets, supporting the MP’s broader praise for the executive’s expanded control since 2010.",ParlaMint-HU_2020-02-17,u2020-02-17-151-14,"Kérdezem ezért tisztelettel államtitkár urat, hogy mennyivel nőtt az állami vagyon 2010 óta."
233,NEUTRAL,1.0,The sentence is a standard polite parliamentary closing and contains no substantive stance on executive power or democratic institutions.,ParlaMint-HU_2020-02-17,u2020-02-17-151-15,Köszönöm megtisztelő válaszát.
234,PRO,0.9,"The MP justifies the expansion of state assets and strategic control, framing the executive's centralization of the economy as a positive national achievement.",ParlaMint-HU_2020-02-17,u2020-02-17-153-3,"Az ön által bemutatott előzmények után 2010-től napjainkig 52 százalékkal, azaz 6000 milliárd forinttal növekedett az állami vagyon, a 2010 évi 11 650 milliárdról elérte idén a 17 743 milliárd forintot.Az állami vagyon növekedése mögött elsősorban az ön által is említett… - és a rablóprivatizáció során magánkézbe, jelentős számban külföldi kézbe kerültek azok a közszolgáltatást biztosító vállalatok, azok a stratégiai cégek, amelyek a magyar társadalom alapvető működését, a magyar emberek mindennapjait szolgálták."
235,NEUTRAL,0.9,"The sentence identifies specific utility sectors as examples of state assets, providing factual clarification without explicitly expressing an evaluative stance on executive power expansion.",ParlaMint-HU_2020-02-17,u2020-02-17-153-4,"Gondolok a villanyra, a gázra, az egyéb alapvető szolgáltatásokra."
236,NEUTRAL,0.9,"The sentence provides a factual, statistical breakdown of state assets without explicitly advocating for or criticizing the expansion of executive power.",ParlaMint-HU_2020-02-17,u2020-02-17-153-5,"Az elmúlt tíz évben dinamikusan gyarapodó állami vagyon összetételében 62 százalék az ingatlan, 21 százalék a társasági részesedés, a fennmaradó rész pedig egyéb vagyonelemek, például ingóságok."
237,PRO,0.85,"The MP justifies the expansion of state property and control over services as beneficial, supporting the executive's consolidation of economic power.",ParlaMint-HU_2020-02-17,u2020-02-17-153-6,"A visszavásárolt állami vagyon jelentős része, mint említettem, tehát az alapvető közszolgáltatásokat… - másodsorban az állam, a társadalom és az ország gazdagodását célozza és célozta."
238,PRO,0.85,"The MP highlights and supports state-led acquisitions in the energy sector, advocating for expanded executive control over strategic economic assets and utilities.",ParlaMint-HU_2020-02-17,u2020-02-17-153-7,Ki kell emelnem az energiaszektorban végrehajtott akvizíciókat.
239,PRO,0.85,"The MP justifies the centralization of utility services under state control, demonstrating support for the executive's expansion of power over strategic sectors.",ParlaMint-HU_2020-02-17,u2020-02-17-153-8,"A célzott vállalatfelvásárlásokkal létrehoztuk a nemzeti közműszolgáltatás villamosenergia-, földgáz- és távhőüzletágait működtető Nemzeti Közműveket is."
240,NEUTRAL,1.0,The sentence is a purely procedural remark about the speaker's time and contains no substantive stance on executive power or democratic institutions.,ParlaMint-HU_2020-02-17,u2020-02-17-153-10,A következő egy percben folytatom.
241,NEUTRAL,1.0,"The sentence is a formal parliamentary courtesy thanking a state secretary, expressing no stance on executive power despite the speech's overall pro-government context.",ParlaMint-HU_2020-02-17,u2020-02-17-155-3,"Köszönöm a választ, tisztelt államtitkár úr."
242,NEUTRAL,0.85,The sentence frames the increase in national wealth as a positive economic milestone rather than an explicit expansion of executive authority or institutional change.,ParlaMint-HU_2020-02-17,u2020-02-17-155-4,"Azt gondolom, hogy minden parlamenti képviselő ebben az Országgyűlésben örömmel hallhatná azt, hogy másfélszeresére nőtt a nemzeti vagyon az elmúlt tíz évben."
243,PRO,0.85,"The MP endorses the expansion of state control over strategic sectors, directly supporting the executive's policy of centralizing economic power and resources.",ParlaMint-HU_2020-02-17,u2020-02-17-155-5,"Sajnos, a baloldalon nem tapasztaljuk ezt az örömöt, hiszem ők mindig is amellett voltak, hogy az állam rossz gazda, ők az állami nemzeti vagyont magánvagyonná tették.  Én örülök, hogy 2010-zel a rablóprivatizáció véget ért, és most már nem az SZDSZ-es holdudvar és nem Gyurcsány Ferenc és barátai gazdagodnak az állami pénzeken  hanem a magyar társadalmat gazdagítja, a magyar nemzeti vagyon növekszik ingatlanokkal, földekkel, társasági részesedésekkel. Én nagyon örülök annak, hogy stratégiai ágazatokban a magyar nemzeti tulajdont ismét sikerült növelni. És látjuk azt, hogy Gyurcsány Ferenc vagyonnyilatkozatából még mindig ki-be röpködnek a százmilliók és milliárdok."
244,NEUTRAL,0.9,"The sentence targets an opposition leader's financial transparency, which does not relate to the expansion of executive power or democratic institutional decay.",ParlaMint-HU_2020-02-17,u2020-02-17-155-6,"Nyilvánvalóan itt is olyan kérdésekre vártunk választ Gyurcsány Ferenctől, amelyeket azóta sem tisztázott, hová tűnt egymilliárd forint a vagyonnyilatkozatából."
245,NEUTRAL,0.9,The sentence praises the government's economic policy regarding national wealth without discussing executive power expansion or the weakening of democratic institutions.,ParlaMint-HU_2020-02-17,u2020-02-17-155-7,"De mindenesetre szeretném megköszönni államtitkár úrnak azt, hogy konzekvensen a nemzeti vagyon gyarapodásán dolgozik a kormány."
246,NEUTRAL,0.9,"The sentence is a purely procedural transition, introducing a topic for discussion without taking an explicit stance on the expansion of executive power.",ParlaMint-HU_2020-02-17,u2020-02-17-157-2,"Kérem, ejtsünk egypár szót az energiaszolgáltatók mellett az egyéb stratégiai ágazatokról."
247,PRO,0.85,"The MP justifies expanding executive power over strategic assets, framing state management as essential for social welfare and the government's utility policies.",ParlaMint-HU_2020-02-17,u2020-02-17-157-3,"Visszavásároltuk a Mol-részvényeket, az Antenna Hungáriát; a visszavásárolt vagyonnal biztosítottuk 2013-tól a rezsicsökkentést, amely eredményének megőrzéséhez továbbra is szükséges egy tudatos, célzott és az egész társadalom céljait szolgáló állami vagyongazdálkodás."
248,NEUTRAL,0.9,The sentence focuses on technical state asset management and transparency rather than advocating for the expansion of executive authority or undermining democratic norms.,ParlaMint-HU_2020-02-17,u2020-02-17-157-4,"Az állami vagyongazdálkodás változását mi sem bizonyítja jobban, hogy nemcsak vásárolunk, hanem az előbb említett alapvető célokhoz nem szükséges vagyonelemeket értékesítjük."
249,NEUTRAL,0.9,"This sentence details a technical administrative procedure for state asset sales, focusing on transparency and efficiency rather than expanding or criticizing executive authority.",ParlaMint-HU_2020-02-17,u2020-02-17-157-5,"Ennek átlátható, transzparens végrehajtása céljából 2015-ben létrehoztuk az elektronikus aukciós rendszert, amelynek indulása óta mintegy 60 milliárd forint bevételt értünk el átláthatóan, transzparensen és a legszélesebb vevői kör elérésének biztosításával."
250,NEUTRAL,0.95,The sentence discusses the general benefits of mobile payments and digitalization without addressing executive power or institutional changes.,ParlaMint-HU_2020-02-17,u2020-02-17-167-4,"Ma már szinte mindenki rendelkezik mobiltelefonnal, és akár az autósok tekintetében, akár az állam, akár az önkormányzat tekintetében, azt gondolom, mindenkinek előnyös lenne, ha minél többen fizetnénk mobillal, csökkenne a készpénzforgalom, kevesebb működtető parkolóautomatára lenne szükség."
251,CONTRA,0.85,"The MP criticizes a state-owned entity for extracting local revenues, opposing centralized executive-controlled financial structures in favor of municipal autonomy.",ParlaMint-HU_2020-02-17,u2020-02-17-167-5,"Az állami tulajdonú Nemzeti Mobilfizetési Zrt. azonban minden befizetett 100 forintból 10 forintot hazavisz, elvisz, elkölt, ezen túlmenően minden egyes elindított telefonos, mobilos parkolás után a kényelmi díjból még 50 forintot szintén a Nemzeti Mobilfizetési Zrt.-nek utalunk át."
252,NEUTRAL,0.9,"The sentence focuses on financial distribution and service fees between a state-owned company and municipalities, not on executive power expansion or democratic erosion.",ParlaMint-HU_2020-02-17,u2020-02-17-167-6,"Ezen túlmenően azt látjuk, hogy a különböző piaci mobilszolgáltatók eltérő díjat számláznak ki egy olyan szolgáltatás esetén, amit az állam teljes módon kontrollál: 1-2,5-szeres a szorzó ahhoz képest, hogy melyik mobilszolgáltatónál van telefonkártyája az embernek. Éppen ezért, tisztelt államtitkár úr, egy ilyen törvényjavaslat került benyújtásra, amelyet a Gazdasági bizottság ma leszavazott, remélem, csak véletlenül, mert nem konzultáltak önökkel, és a kormány tudná azt támogatni, hogy maradjon több pénz az önkormányzatoknál, és ezt a 10 százalékot csökkentsük le."
253,CONTRA,0.85,"The sentence favors local government funding over state-owned entities, opposing the centralization of resources and supporting the financial autonomy of local democratic institutions.",ParlaMint-HU_2020-02-17,u2020-02-17-167-7,"A törvényjavaslatban 2,5 százalék volt, de azt gondolom, ebben lehet rugalmasnak lenni, a cél az, hogy minél több pénz maradjon az önkormányzatoknál."
254,CONTRA,0.85,"The MP opposes state-entity revenue collection in favor of local governments, resisting central executive financial expansion as discussed in the full speech.",ParlaMint-HU_2020-02-17,u2020-02-17-167-8,"Szerintem semmi oka nincs annak, hogy a kényelmi díjból is kapjon a Nemzeti Mobilfizetési Zrt."
255,CONTRA,0.85,"The MP proposes reducing fees collected by a state-owned company to empower local governments, opposing the executive branch's centralization of financial resources.",ParlaMint-HU_2020-02-17,u2020-02-17-167-9,"Azt gondolom, le lehetne vinni konkrétan az 50 forintot nulla forintra, és a piaci mobilszolgáltatóknál pedig valamiféle egységesítésre lenne szükség, a törvényjavaslat 30 forintot tartalmazott."
256,CONTRA,0.9,The sentence opposes central executive control by advocating for resource retention at the municipal level rather than within a state-owned company.,ParlaMint-HU_2020-02-17,u2020-02-17-167-10,"Az a kérdésem, tisztelt államtitkár úr, hogy a kormány tudjae azt támogatni, hogy a Nemzeti Mobilfizetési Zrt. helyett inkább az önkormányzatoknál maradjon a pénz."
257,NEUTRAL,0.9,The sentence expresses support for cultural heritage preservation without addressing the expansion of executive power or institutional changes.,ParlaMint-HU_2020-02-17,u2020-02-17-171-3,"A budai Vár épületeinek védelme, felújítása számunkra is támogatandó, kiemelt feladat és kötelesség."
258,NEUTRAL,0.9,"The sentence addresses urban development and resident satisfaction, lacking an explicit critique or support of executive power expansion or institutional changes.",ParlaMint-HU_2020-02-17,u2020-02-17-171-4,"Fontos azonban, hogy ne csak a turistaáradat kiszolgálását, hanem a várnegyedben élők védelmét és megelégedettségét is szolgálja ezen felújítások összessége.Fodor Gergely, a budai várnegyed területén megvalósuló kormányzati beruházásokkal kapcsolatos egyes feladatok ellátásáért felelős kormánybiztos korábban azt nyilatkozta, hogy a Budavári Palota és a polgárváros sorsa elválaszthatatlan egymástól, és rendszeres kutatásokat végeznek a helyi lakók igényeinek megismerésére."
259,NEUTRAL,0.9,"The sentence neutrally summarizes government claims about impact studies to facilitate a parliamentary inquiry, without directly addressing the expansion or restriction of executive power.",ParlaMint-HU_2020-02-17,u2020-02-17-171-5,"Orbán államtitkár úr tájékoztatása szerint ebből a célból készültek kutatások, köztük a Vár-25 kutatás, amelynek hatástanulmánya önök szerint választ ad arra, hogy a várnegyed fejlesztése milyen hatással lesz a polgárváros lakóinak mindennapjaira és a várnegyed közlekedésére."
260,CONTRA,0.85,"The MP demands transparency regarding executive-led development, asserting the right to information and oversight, which challenges the executive's potential for opaque and centralized power.",ParlaMint-HU_2020-02-17,u2020-02-17-171-6,"Mint a körzet országgyűlési képviselője szeretném kérdezni illő tisztelettel, hogy hol érhető el ez a hatástanulmány, ennek a hatástanulmánynak az eredménye, mikor ismerhetik meg az érintettek, tehát a polgárvárosban élők, a várnegyedben élők."
261,NEUTRAL,0.9,"The sentence is a neutral inquiry regarding the impact of government projects on residents, providing no specific stance on executive aggrandisement.",ParlaMint-HU_2020-02-17,u2020-02-17-171-7,Mire számíthatnak a várnegyed lakói?
262,NEUTRAL,0.9,"The sentence is a specific, factual inquiry about air quality and traffic, which does not inherently take a stance on executive power or institutions.",ParlaMint-HU_2020-02-17,u2020-02-17-171-8,Figyelembe vettéke a megnövekvő forgalmat a levegőminőség tekintetében?
263,NEUTRAL,0.9,"The sentence asks a technical question about urban management and public cleanliness, without addressing executive power or institutional changes.",ParlaMint-HU_2020-02-17,u2020-02-17-171-9,Figyelembe vettéke a megnövekvő forgalmat a köztisztaság tekintetében?
264,NEUTRAL,0.95,"The sentence is a factual inquiry about urban planning and green spaces, showing no clear stance on executive power or democratic institutions.",ParlaMint-HU_2020-02-17,u2020-02-17-171-10,Tervezike zöldterületek bővítését?
265,NEUTRAL,0.9,"The sentence poses a policy question about tourism and resident welfare, remaining neutral regarding the expansion of executive authority or democratic institutions.",ParlaMint-HU_2020-02-17,u2020-02-17-171-11,"Miniszter úr, hogyan tervezik elérni, hogy a budai várnegyed turistalátogatottsága növekedjen, de mégse alakulhasson ki a bulinegyedhez hasonló állapot, a mindennapi életet nehezítő harc a látogatók és az ott élők között?"
266,CONTRA,0.85,"The MP challenges the executive's lack of transparency and potential exclusion of the public from national assets, criticizing centralized power over the Buda Castle.",ParlaMint-HU_2020-02-17,u2020-02-17-171-13,A budai várnegyed is az elit kiváltságos területe lesze vagy minden magyar számára elérhető kulturális és történelmi jelentőséggel bíró nemzeti kincs?
267,NEUTRAL,0.9,"The sentence addresses socio-economic issues like low teacher salaries and living costs, rather than executive power expansion or the undermining of democracy.",ParlaMint-HU_2020-02-17,u2020-02-17-175-3,"Ma egy kezdő pedagógus szerencsésnek mondhatja magát, ha havi nettó 150 ezer forintot hazavihet, és ebből kell fizetnie a rohamosan dráguló lakhatást, a rezsit, az élelmiszerköltségeket, törlesztenie a diákhitelét, félretenni az első saját lakás vásárlására, és akkor a gyereknevelés költségéről még nem is beszéltünk."
268,NEUTRAL,0.9,The sentence provides a factual economic comparison regarding teacher salaries versus the private sector without directly addressing executive power or institutional undermining.,ParlaMint-HU_2020-02-17,u2020-02-17-175-4,"Ha viszont elmegy egy multihoz pénztárosnak, akkor ennek a pénznek a másfél-kétszeresét is megkapja."
269,NEUTRAL,0.95,"The sentence critiques teacher recruitment and wages, focusing on socio-economic policy rather than executive power expansion or the erosion of democratic institutions.",ParlaMint-HU_2020-02-17,u2020-02-17-175-5,"Ezek után nehéz megindokolni, hogy miért választaná bárki is a pedagógusi pályát, hacsak nem hivatástudatból, de visszaélés kizárólag erre hagyatkozni."
270,NEUTRAL,0.9,"The sentence highlights a shortage of teachers caused by low wages, focusing on policy outcomes rather than the concentration of executive power.",ParlaMint-HU_2020-02-17,u2020-02-17-175-6,"Nem csoda, hogy súlyos tanárhiány van ma Magyarországon."
271,NEUTRAL,0.95,"The sentence and speech criticize teacher pay stagnation and government's deception regarding wages, rather than the expansion of executive power or undermining institutions.",ParlaMint-HU_2020-02-17,u2020-02-17-175-7,"Az elmúlt öt évben az alapbér semmit nem nőtt, és azoknak a szemét is kiszúrták néhány tízezer forintos emeléssel, akik több évtizede a pályán vannak."
272,CONTRA,0.85,"The MP criticizes the executive for deceptive manipulation of pay and statistics, highlighting a lack of accountability and transparency in the government's actions.",ParlaMint-HU_2020-02-17,u2020-02-17-175-8,"Elvették a kiegészítő pótlékokat, majd visszaadták ugyanazt, fizetésemelésnek hazudva."
273,CONTRA,0.9,"The MP criticizes the government for manipulating statistics and deception, opposing the executive's lack of transparency and undermining of institutional integrity.",ParlaMint-HU_2020-02-17,u2020-02-17-175-9,"Ez nem béremelés, hanem a statisztikák meghamisítása, amit itt az elmúlt években csúcsra járatott a kormány."
274,CONTRA,0.8,"The MP criticizes the government for manipulating statistics and lacking transparency, challenging deceptive executive practices and demanding accountability regarding teacher salaries.",ParlaMint-HU_2020-02-17,u2020-02-17-175-10,"A pedagógusokat viszont az érdekli, hogy a hónap végén mennyivel többet - ha többet - tudnak hazavinni, nem pedig az, hogy a kormány hogyan zsonglőrködik a számokkal."
275,NEUTRAL,0.95,"The sentence is a standard procedural request for the executive to answer questions, representing routine parliamentary oversight rather than a stance on power expansion.",ParlaMint-HU_2020-02-17,u2020-02-17-175-12,"Válaszoljon, kérem a következő kérdésekre - vagy államtitkár úr, ha csak ön van itt."
276,NEUTRAL,0.95,This sentence is a specific inquiry regarding teacher salary adjustments and does not address the expansion of executive power or institutional undermining.,ParlaMint-HU_2020-02-17,u2020-02-17-175-13,"Tervezie a kormány, hogy a bérek vetítési alapját 2014 után végre ismét a minimálbérhez igazítják, ahogy azt annak idején ígérték, hogy így nettó 66-166 ezer forinttal nőhessen a tanárok fizetése?"
277,NEUTRAL,0.9,This sentence is a direct query about teacher pay policy and does not explicitly criticize or support the expansion of executive authority.,ParlaMint-HU_2020-02-17,u2020-02-17-175-14,"Tervezike a többletmunkáért járó helyettesítések, adminisztrációs feladatok és hasonlók után járó pótlékok visszaemelését a rendszerbe?"
278,NEUTRAL,0.9,"The sentence is a policy-related inquiry about teacher salaries and career models, lacking direct reference to the expansion or limitation of executive power.",ParlaMint-HU_2020-02-17,u2020-02-17-175-15,"Tervezike az egész életpályamodell felülvizsgálatát, különös tekintettel a béremelésekre?"
279,NEUTRAL,0.95,The sentence is a standard formal closing to a parliamentary inquiry regarding education policy and does not address executive power or institutional expansion.,ParlaMint-HU_2020-02-17,u2020-02-17-175-16,"Kíváncsian várom részletes, alapos és őszinte válaszát."
280,PRO,0.9,"The MP praises the government's intervention in local administration as helpful partnership, endorsing the expansion of executive influence over municipal autonomy and funding.",ParlaMint-HU_2020-02-17,u2020-02-17-179-2,Magyarország Kormánya az önkormányzatok irányába több lépcsőben nyújtott komoly segítséget és partnerséget.
281,NEUTRAL,0.85,"The sentence describes government financial measures and debt relief for municipalities as beneficial aid, without explicitly advocating for or discussing institutional power expansion.",ParlaMint-HU_2020-02-17,u2020-02-17-179-3,"Első körben átvállalta a szocialista időszakból megörökölt adósságot, és fejlesztési támogatást biztosított azoknak, akik nem rendelkeztek ilyennel."
282,NEUTRAL,0.9,The sentence describes a government development program's success without addressing the expansion of executive power or the weakening of democratic institutions.,ParlaMint-HU_2020-02-17,u2020-02-17-179-4,A megyei jogú városok esetében évtizedes álmok megvalósítására nyílt mód a „Modern városok” program keretében.
283,NEUTRAL,0.9,The sentence describes regional infrastructure development and transportation plans without discussing executive power expansion or the erosion of democratic institutions.,ParlaMint-HU_2020-02-17,u2020-02-17-179-5,"Eközben elindult annak a tervnek a megvalósítása is, melynek révén a megyeszékhelyeket bekapcsolják a gyorsforgalmi utak hálózatába is, amely nem csupán nekik, hanem az egész térségnek kitörést jelent."
284,NEUTRAL,0.95,"The sentence refers to road construction as a result of government policy, without discussing executive power expansion or the status of democratic institutions.",ParlaMint-HU_2020-02-17,u2020-02-17-179-6,Bizonyítja ezt nálunk a 86-os megépítése.
285,NEUTRAL,0.9,The sentence factually describes a government development program for small villages without addressing executive power expansion or institutional changes.,ParlaMint-HU_2020-02-17,u2020-02-17-179-7,"Fontos lépés volt az is, hogy elindult a „Magyar falu” program, mely az 5 ezer fő alatti kistelepüléseket célozza."
286,NEUTRAL,0.9,The sentence describes local development outcomes of a government program without discussing executive power expansion or the undermining of democratic institutions.,ParlaMint-HU_2020-02-17,u2020-02-17-179-8,"Választókerületemben, Észak-Vas megyében is számos kezdeményezés valósulhat meg ezáltal."
287,NEUTRAL,0.85,"The sentence lists infrastructure improvements funded by government subsidies, focusing on factual outcomes rather than explicitly advocating for or criticizing executive power expansion.",ParlaMint-HU_2020-02-17,u2020-02-17-179-9,"Szolgálati lakások, orvosi rendelők, utak, járdák, óvodák, óvodai udvarok, polgármesteri hivatalok, helyi közösségi terek újulhatnak meg, temetők kerülhetnek méltó állapotba kormányzati támogatásokból."
288,NEUTRAL,0.9,"The sentence provides a factual description of equipment purchasable through a government program, without explicitly advocating for or criticizing the expansion of executive power.",ParlaMint-HU_2020-02-17,u2020-02-17-179-10,"Emellett orvosi eszközök, falubuszok, közterületet rendben tartó gépek beszerzésére is mód nyílik."
289,NEUTRAL,0.9,"The sentence focuses on the efficacy of government development programs for small towns, lacking direct relevance to the expansion of executive power or institutions.",ParlaMint-HU_2020-02-17,u2020-02-17-179-11,"Látható, hogy az egyes alprogramok összefüggnek egymással, így segítve a kistelepülésen élők életminőségének javítását."
290,NEUTRAL,0.9,"The sentence provides a factual report on the program's popularity and the MP's attendance, without discussing the expansion of executive authority.",ParlaMint-HU_2020-02-17,u2020-02-17-179-12,"Az érdeklődés óriási, a tapasztalatok jók, nekem is volt már szerencsém több átadáson részt venni."
291,NEUTRAL,0.9,The sentence evaluates the utility of local infrastructure projects without addressing the expansion of executive power or institutional shifts.,ParlaMint-HU_2020-02-17,u2020-02-17-179-13,A megvalósult fejlesztések mind az adott falut szolgálják.
292,NEUTRAL,0.95,The sentence provides factual demographic data about the MP's constituency and does not express a position on executive power or democratic institutions.,ParlaMint-HU_2020-02-17,u2020-02-17-179-15,"Választókerületemhez 77 település tartozik, melyből három várost leszámítva mind 5 ezer fő alatti."
293,NEUTRAL,0.9,"The sentence focuses on rural development and heritage preservation through a government program, without explicitly advocating for the expansion of executive power or institutional shifts.",ParlaMint-HU_2020-02-17,u2020-02-17-179-16,"Célunk, hogy megőrizzük ezeket a csodálatos helyeket, ahogy örökségként megkaptuk az előttünk járóktól, hogy át tudjuk adni az újabb nemzedékeknek. Észak-Vas megye további építése érdekében ezért bízunk a „Magyar falu” program folytatásában, hiszen még sok elképzelést kell megvalósítanunk."
294,NEUTRAL,0.9,The sentence is a procedural inquiry about a development program's status and does not address the distribution of power or democratic institutional integrity.,ParlaMint-HU_2020-02-17,u2020-02-17-179-17,"Fentiekre figyelemmel tisztelettel kérdezem, hogy miként folytatódik idén a „Magyar falu” program."
295,NEUTRAL,1.0,The sentence is a polite closing formality of parliamentary protocol and contains no substantive content regarding executive power or democratic structures.,ParlaMint-HU_2020-02-17,u2020-02-17-179-18,"Köszönöm, megtisztelő válaszát várom."
296,NEUTRAL,0.95,"The sentence describes government policy and funding for rural development, which does not involve expanding executive power or undermining democratic institutions.",ParlaMint-HU_2020-02-17,u2020-02-17-181-5,"Először is, a félreértések elkerülése végett rögzíteném, hogy továbbra is kiemelt célja a kormánynak a magyar falvak népességmegtartó képességének növelése, és ennek egyik zászlóshajóprojektje a „Magyar falu” program. Így ennek megfelelően 2020-ban is folytatódik és bővül ez a program, ideértve a falusi CSOK-ot, a pályázati lehetőségeket és a mellékúthálózat fejlesztését is."
297,NEUTRAL,1.0,"The sentence purely describes technical policy pillars of a rural development program, without discussing the allocation or expansion of executive branch powers.",ParlaMint-HU_2020-02-17,u2020-02-17-181-6,"A pályázati kör 2020-ban három fő pillérre terjed ki: szolgáltatásfejlesztés, infrastruktúra- és eszközfejlesztés, valamint az identitástudat erősítése."
298,NEUTRAL,1.0,The sentence provides factual details about government funding for rural development without addressing executive power or institutional changes.,ParlaMint-HU_2020-02-17,u2020-02-17-181-7,"A támogatások formája minden esetben vissza nem térítendő, 100 százalékos hazai támogatás, 100 százalékos előleg formájában."
299,NEUTRAL,0.95,The sentence factually reports a budget allocation for rural programs without addressing the scope of executive power or democratic institutions.,ParlaMint-HU_2020-02-17,u2020-02-17-181-8,Ezekre az alprogramokra 40 milliárd forintos költségvetési forrás már rendelkezésre áll.
300,NEUTRAL,0.9,"The sentence factually describes expanding grant eligibility for civil organizations within a rural development program, without advocating for or against executive power expansion.",ParlaMint-HU_2020-02-17,u2020-02-17-181-9,"A kedvezményezetti kör is tovább bővül, hiszen a helyi önkormányzatokon, egyházi szervezeteken túl a helyi civil szervezetek is megjelenhetnek."
301,NEUTRAL,0.95,The sentence describes technical budgetary allocations for road infrastructure without addressing the distribution of power or institutional changes.,ParlaMint-HU_2020-02-17,u2020-02-17-181-10,"A Falusi Útalap keretében pedig 2020-ban újabb 50 milliárd forint jut az útfelújításokra, ez a tervek szerint 174 útszakaszt mind a 19 megyében, 367,7 kilométer hosszban fog érinteni."
302,NEUTRAL,1.0,"The sentence neutrally describes the allocation of regional development funds in Vas county, lacking any mention of executive power expansion or institutional changes.",ParlaMint-HU_2020-02-17,u2020-02-17-181-11,A pályázatok esetében természetesen a fent említett fejlesztések nem kerülik el Vas megyét sem: kétszáznál is több sikeres benyújtott pályázat és mintegy hárommilliárd forint fogja szolgálni a térség fejlődését.
303,NEUTRAL,0.95,The sentence provides factual information about regional funding allocations without discussing the expansion of executive power or the weakening of democratic institutions.,ParlaMint-HU_2020-02-17,u2020-02-17-181-12,"Ebből az ön választókerületét érintően is több mint száz sikeres pályázattal kalkulálhatunk, több mint egymilliárd forint értékben."
304,NEUTRAL,0.95,"The sentence reports on budgetary allocations for rural infrastructure and services, maintaining a focus on policy outcomes rather than changes to executive authority.",ParlaMint-HU_2020-02-17,u2020-02-17-181-13,"Az eredményes pályázati tevékenységnek köszönhetően többek között a nemzeti és helyi identitás erősítésére eddig Vas megyében 300 millió forintot, falu- és tanyagondnoki szolgálat támogatására 250 millió forintot, orvosi rendelőkre közel 200 millió forintot, óvodafejlesztésre pedig 225 millió forintot tudtunk biztosítani, és azt reméljük, hogy a program legalább ilyen erővel ebben az évben és a következő években is dübörögni fog."
305,NEUTRAL,1.0,The sentence is a standard polite closing to the speech and contains no content related to executive power or democratic institutions.,ParlaMint-HU_2020-02-17,u2020-02-17-181-14,"Köszönöm szépen a türelmet és a szót, elnök úr."
306,NEUTRAL,0.95,This sentence presents health statistics from Eurostat without addressing executive power expansion or the erosion of democratic institutional frameworks.,ParlaMint-HU_2020-02-17,u2020-02-17-183-3,Az Eurostat adatai szerint a rákos halálozások tekintetében is gyászos mutatókkal bír Magyarország.
307,NEUTRAL,0.9,"The sentence presents public health statistics and stresses medical needs, focusing on healthcare policy rather than executive power expansion or democratic institutional changes.",ParlaMint-HU_2020-02-17,u2020-02-17-183-4,"Hazánk az uniós mezőny sereghajtója: minden negyedik honfitársunk a rettegett betegség miatt veszíti életét, évente mintegy 34 ezer ember; ez több mint Szekszárd vagy éppen Gyula teljes lakossága.Egy olyan rendkívül rossz népesedési és mortalitási adatokkal rendelkező térségben, mint amilyen Somogy megye déli része, bizony igen fontos lenne a korai felismerés és a diagnózis, mondhatni, életet menthetne, értékes éveket nyerhetne vele számos, szeretteit féltő család."
308,NEUTRAL,0.9,The sentence criticizes healthcare funding and service delays but does not address the expansion of executive power or the weakening of democratic institutions.,ParlaMint-HU_2020-02-17,u2020-02-17-183-5,"Az 1976-ban átadott, valaha szebb napokat látott és egykor több mint 700 ággyal rendelkező nagyatádi kórházban erre lehetőség is lenne, hiszen idestova egy éve, hogy átadták a CT-osztályt, csakhogy valamilyen irracionális és embertelen ok miatt mind a mai napig nem biztosítják a nagyatádi CT járóbeteg-finanszírozását, annak áldásait csak a kórház fekvőbetegei vagy a mélyen a zsebükbe nyúlók élvezhetik."
309,NEUTRAL,0.95,The sentence focuses on healthcare delays and regional funding inequities rather than issues related to executive power or democratic institutional erosion.,ParlaMint-HU_2020-02-17,u2020-02-17-183-6,"A többieknek marad a sok nyűggel járó kaposvári utazgatás és az ottani várólista. Államtitkár úr, mondom, várólista, márpedig aki időt nyer, az életet nyerhet."
310,NEUTRAL,0.85,The sentence criticizes executive inaction and neglect of local healthcare needs but lacks an explicit critique of the structural expansion of executive power.,ParlaMint-HU_2020-02-17,u2020-02-17-183-7,"Nonszensz, hogy a nagyatádi CT-kapacitás megdöbbentő módon messze kihasználatlan, hiába könyörög a város független polgármestere, hiába javasolom a költségvetési módosítók sorában, vagy kérem én magam is a tarthatatlan helyzet rendezését. Államtitkár úr, kérem, hogy konkrét és lehetőleg mielőbbi időpontot megjelölő válaszában tegyen bizonyságot amellett, hogy végre megoldják ezt a súlyos problémát."
311,CONTRA,0.85,"The MP criticizes the executive for ignoring fundamental rights and local leadership, directly challenging the government's centralized control and lack of democratic accountability.",ParlaMint-HU_2020-02-17,u2020-02-17-183-8,"Meddig veszik még semmibe 80 ezer dél-somogyi polgár élethez, egészséghez való jogát?"
312,CONTRA,0.85,"The MP criticizes the executive for punitively withholding healthcare funding and ignoring local and legislative input, characterizing it as an abuse of government power.",ParlaMint-HU_2020-02-17,u2020-02-17-183-9,Meddig büntetik még Nagyatádot és annak környékét?
313,NEUTRAL,0.9,"While the speech later critiques strike restrictions, this sentence specifically focuses on wage-related policy contradictions, which does not directly address executive aggrandisement.",ParlaMint-HU_2020-02-17,u2020-02-17-187-2,"Egy önellentmondás feszíti a Fidesz politikáját, az, hogy folyamatosan a jó gazdasági eredményekről beszél, mégis azok az emberek, akik az államnak dolgoznak, s ezen belül is leginkább a közalkalmazottak, megalázó béreket kapnak."
314,NEUTRAL,0.9,The sentence provides factual information about public sector pay scale adjustments without directly addressing the expansion or restriction of executive powers.,ParlaMint-HU_2020-02-17,u2020-02-17-187-3,"Az a helyzet, hogy 139 helyen változik a közalkalmazotti bértábla 2020-ban, de ebből a 139 változásból minden egyes változást a minimálbér és a garantált bérminimum bruttó összegének 8-8 százalékos változása jelenti."
315,NEUTRAL,0.9,"The sentence focuses on public sector wage levels and economic policy, without directly addressing the expansion of executive power or undermining democratic institutions.",ParlaMint-HU_2020-02-17,u2020-02-17-187-4,"Az a helyzet, hogy ha pótlékok nélkül nézzük, több ezer közalkalmazott a minimálbért kapja 2020-ban, és a közalkalmazottak többsége nem kap többet, mint a garantált bérminimum."
316,CONTRA,0.95,"The MP criticizes the government for curtailing strike rights and collective bargaining, highlighting an executive effort to undermine democratic labor protections.",ParlaMint-HU_2020-02-17,u2020-02-17-187-5,"Emellett a közalkalmazottaknak önök nem engedik meg, hogy sztrájkoljanak, hiszen a bírósággal egy ilyen kafkai, A per című könyvnek a folyamatosan új fejezetét kell megírniuk azzal, hogy nem mondják el, mi az elégséges szolgáltatás, és továbbmegyek: a közalkalmazottak egy jelentős részénél, például a szociális dolgozóknál nem engedik meg azt, hogy kollektív szerződéseket kössenek."
317,NEUTRAL,0.9,"The sentence identifies low wages and lack of appreciation for state employees as a policy failure, not directly addressing the executive's expansion of institutional power.",ParlaMint-HU_2020-02-17,u2020-02-17-187-6,"Az a helyzet, hogy ezek az emberek azok, akik miatt az állam egyáltalán működni tud, akik a nagy állami ellátórendszert működtetik, és ezeknek az embereknek a munkája nincs kellően megbecsülve. 55 éves korukig a közalkalmazottak döntő többsége csak a garantált bérminimumra számíthat, és nagyon-nagyon kicsi a különbség aközött, amikor valaki egy érettségivel kezdőként elkezd mint közalkalmazott dolgozni, és mondjuk, valaki 20 év szakmai tapasztalattal, szakirányú végzettséggel teszi ezt."
318,NEUTRAL,0.9,"While the speech criticizes strike restrictions, this sentence focuses on wage policies and professional recognition, not directly addressing executive power expansion or institutional erosion.",ParlaMint-HU_2020-02-17,u2020-02-17-187-7,"Az, hogy a garantált bérminimum fedi le a bértábla jelentős részét, azt jelenti, hogy nem becsüli meg a kormány azt, ha valaki az államnak dolgozott 20-30 évig; nem becsüli meg a kormány azt, ha valaki szakirányú képzettséget szerzett azért, hogy a közalkalmazotti munkáját jobban el tudja látni."
319,NEUTRAL,0.9,"The sentence focuses on wage-related humiliation and the government's refusal to take responsibility after ten years, rather than institutional power shifts.",ParlaMint-HU_2020-02-17,u2020-02-17-187-8,"Ez így megalázza ezeket az embereket, és az Orbán-kormány 10. évében ne hivatkozzon arra, hogy mi történt akkor, 2009-ben, amikor én érettségiztem."
320,NEUTRAL,0.95,The sentence is a procedural introduction regarding environmental policy inquiries and does not address executive power or the health of democratic institutions.,ParlaMint-HU_2020-02-17,u2020-02-17-191-1,"Elnök úr, köszönöm a szót. 2019 novemberében dr. Nagy István agrárminiszterhez kérdést intéztem azzal kapcsolatban, hogy milyen módon kíván a kormány gátat szabni a Balaton-parti természetkárosításnak, nádirtásnak."
321,NEUTRAL,0.95,"The sentence addresses environmental policy and administrative effectiveness, not the expansion of executive power or the undermining of democratic institutions.",ParlaMint-HU_2020-02-17,u2020-02-17-191-2,"Akkor is Farkas államtitkár úr válaszolt, és válaszában a következőt mondta, idézem: „A kormány késlekedés nélkül és határozottan fellép a magyar természeti kincsek károsítóival szemben, melynek során a természetkárosítás súlyosságára tekintettel azonnal eltiltja a károkozót a jogellenes tevékenységtől, visszatartó erejű bírságot alkalmaz, és az eredeti állapot helyreállítására kötelez, szükség esetén pedig értesíti a nyomozó szerveket.”Nos, a Balatoni Szövetség idén februári tájékoztatása alapján a következőt mondja: több mint a duplájára nőtt az a terület a Balaton partján, ahonnan kiirtották a nádat az ingatlanok tulajdonosai, az üdülőrégióban a téli nádaratásra engedélyt kérők mintegy fele pedig tavaly is irtást végzett aratás helyett."
322,NEUTRAL,1.0,The sentence focuses on the environmental consequences of reed destruction and does not address the expansion of executive power or democratic institutions.,ParlaMint-HU_2020-02-17,u2020-02-17-191-3,"Tájékoztatásuk szerint, ha nem lesz nád, végül Balaton sem lesz."
323,NEUTRAL,0.95,"The sentence is a factual statement about ecology and does not address executive power or democratic institutions, remaining neutral in context.",ParlaMint-HU_2020-02-17,u2020-02-17-191-4,A tó mintegy 1200 hektárnyi nádasának a vízminőség és a partvédelem mellett jelentős szerepe van a vízi élővilág megőrzésében is.
324,NEUTRAL,0.9,The sentence factually notes ongoing environmental damage without addressing the expansion of executive power or the undermining of democratic institutions.,ParlaMint-HU_2020-02-17,u2020-02-17-191-5,"Nos, az előzőekben említett szakértői vélemények alapján tehát ez a károsító tevékenység régóta folyik és folytatódik."
325,NEUTRAL,0.9,The sentence critiques administrative ineffectiveness in environmental protection rather than addressing the expansion of executive power or institutional checks.,ParlaMint-HU_2020-02-17,u2020-02-17-191-6,"Ezek szerint a jelenlegi hatósági fellépés nem alkalmas arra, hogy a károkozókat elrettentse."
326,NEUTRAL,0.95,This sentence is a neutral request for information regarding policy implementation and does not address the expansion or restriction of executive powers.,ParlaMint-HU_2020-02-17,u2020-02-17-191-7,"Jogosan merül fel a kérdés, államtitkár úr, mi ennek az oka."
327,NEUTRAL,0.9,The MP queries administrative failures in environmental protection; the sentence concerns policy implementation rather than the structural expansion of executive power.,ParlaMint-HU_2020-02-17,u2020-02-17-191-8,"A határozott, következetes fellépés hiánya, vagy nem állnak rendelkezésre a megfelelő jogszabályi eszközök?"
328,NEUTRAL,0.95,"The sentence is a routine inquiry about potential legislative changes to address environmental issues, not advocating for or against the expansion of executive power.",ParlaMint-HU_2020-02-17,u2020-02-17-191-9,"Ezért kérem, ha az utóbbiról van szó, kérdezem, hogy szándékában álle a kormányzatnak ebben az ügyben törvénymódosítást kezdeményezni."
329,NEUTRAL,0.95,The sentence provides a factual report on administrative enforcement of environmental laws by government offices without advocating for or criticizing expanded executive powers.,ParlaMint-HU_2020-02-17,u2020-02-17-193-4,"Tájékoztatom, hogy a bekövetkezett természetkárosításokat a kormányhivatalok érintett természetvédelmi hatóságai kivétel nélkül minden esetben azonnal kivizsgálták, és kötelezték a természetkárosító személyt vagy céget az érintett terület saját költségükön történő teljes helyreállítására, valamint minden eljárásukban bírság szankciót is alkalmaztak."
330,NEUTRAL,0.9,The MP provides a factual explanation of environmental enforcement and legislative updates without taking a stance on the systemic expansion of executive power.,ParlaMint-HU_2020-02-17,u2020-02-17-193-5,"Véleményem szerint a vonatkozó jogszabályok módosítására nincs szükség, tájékoztatom, hogy egy kisebb, de annál fontosabb jogszabályi módosítás azonban történt e téren, mivel a kis- és középvállalkozásokról, fejlődésük támogatásáról szóló törvény alapján ez év január 1-jétől a természetvédelmi hatóságok a korábbi szabályozással ellentétben már a jogsértés első elkövetése esetén is rögtön bírósági bírság szankciót alkalmaznak."
331,NEUTRAL,0.95,The sentence is a procedural request for a source citation in a policy debate and does not relate to expanding executive power.,ParlaMint-HU_2020-02-17,u2020-02-17-193-6,"Tisztelt képviselő urat csak tájékoztatom, hogy egy állítólagos szakanyagra hivatkozik, a szakmai válaszom érdekében legközelebb legyen szíves ezt a hivatkozást átküldeni, mert ezt így nem tudjuk pontosan helyre rakni."
332,NEUTRAL,0.9,The sentence provides factual information about existing environmental protection plans without addressing the expansion of executive power or institutional changes.,ParlaMint-HU_2020-02-17,u2020-02-17-193-7,"De azt azért ki szeretném emelni, hogy a Balaton mint Natura 2000 terület védelmére, a hosszú távú tervekre vonatkozóan tájékoztatom, hogy a Natura 2000 területekkel kapcsolatban számos, már elfogadott fenntartási terv létezik, melyek részletesen meghatározzák az adott terület speciális használatával és kiemelt védelmével összefüggő javaslatokat."
333,NEUTRAL,0.95,The sentence describes routine administrative procedures regarding environmental conservation plans without advocating for or criticizing the expansion of executive power.,ParlaMint-HU_2020-02-17,u2020-02-17-193-8,Ezeket a szempontokat is figyelembe veszik a hatóságok az eljárások során.
334,NEUTRAL,0.95,"The sentence factually describes administrative nature conservation efforts, focusing on law enforcement without addressing executive power expansion or democratic institutional changes.",ParlaMint-HU_2020-02-17,u2020-02-17-193-9,"Végezetül szeretném kiemelni, hogy az ön által említett és egyéb természetkárosítások megállapítása érdekében a természetvédelmi hatóságok munkája mellett a nemzeti parki igazgatóságok szervezetében létrehozott természetvédelmi őrszolgálat tevékenysége is kiemelkedő."
335,NEUTRAL,0.95,The sentence describes routine law enforcement by environmental authorities and does not concern the expansion of executive power or democratic backsliding.,ParlaMint-HU_2020-02-17,u2020-02-17-193-10,"A kollégák proaktívan végzik a felderítési és megelőzési feladatokat annak érdekében, hogy az elkövetők mielőbbi felelősségre vonásra kerüljenek."
336,NEUTRAL,1.0,"The sentence is a standard formal closing remark, expressing gratitude for the audience's attention, and lacks any political or institutional stance.",ParlaMint-HU_2020-02-17,u2020-02-17-193-11,Köszönöm megtisztelő figyelmüket.
337,NEUTRAL,0.95,"The sentence expresses support for a routine diplomatic agreement ratification, lacking any reference to expanding executive power or undermining democratic institutions.",ParlaMint-HU_2020-02-17,u2020-02-17-199-5,"A KDNP-frakció részéről támogatjuk ezt a törvényjavaslatot, amely az említett megállapodás hazai jogrendbe való illesztését célozza."
338,NEUTRAL,0.95,The sentence factually describes diplomatic and economic benefits of an international agreement without addressing executive power or democratic institutional changes.,ParlaMint-HU_2020-02-17,u2020-02-17-199-6,"A megállapodás elősegíti az országaink közötti gazdasági, politikai és kulturális kapcsolatok fejlesztését, miközben figyelembe veszi európai uniós kötelezettségeinket is."
339,NEUTRAL,1.0,The sentence provides factual information about historical diplomatic and economic agreements between Hungary and Qatar without addressing executive power or democratic institutions.,ParlaMint-HU_2020-02-17,u2020-02-17-199-7,"Magyarország 1990-ben létesített diplomáciai kapcsolatot Katarral, azóta több megállapodás aláírására is sor került, így a kettős adóztatás elkerüléséről, továbbá gazdasági, üzleti és műszaki együttműködési megállapodásokról, energetikai együttműködési szándéknyilatkozatról, felsőoktatási, tudományos, kutatási és technológiai együttműködési megállapodást is írtunk alá, valamint légi közlekedési megállapodásunk is van Katarral."
340,NEUTRAL,1.0,"The sentence discusses economic and logistical benefits of a bilateral aviation agreement, remaining neutral regarding executive power or democratic institutions.",ParlaMint-HU_2020-02-17,u2020-02-17-199-8,"Kétoldalú légi közlekedési megállapodás alapján már több éve üzemel Doha-Budapest-útvonalon a Qatar Airways légitársaság, közvetlen összeköttetést biztosítva országaink között, ami kedvezően hat a két ország turisztikai és gazdasági kapcsolataira is."
341,NEUTRAL,0.95,The sentence factually describes foreign policy priorities and economic strategy regarding Qatar without discussing executive power or the weakening of democratic institutions.,ParlaMint-HU_2020-02-17,u2020-02-17-199-9,A keleti nyitás politikájának keretében Katar kiemelt fontosságú Magyarország kül- és gazdaságpolitikájában.
342,NEUTRAL,1.0,"The sentence factually discusses energy cooperation and Qatar's gas reserves, without mentioning the expansion of executive power or democratic institutions.",ParlaMint-HU_2020-02-17,u2020-02-17-199-10,"Ennek kapcsán az energetikai együttműködés is megélénkült a két ország között, hiszen Katar a harmadik legnagyobb gázkészlettel rendelkezik a világon, és a világ első számú cseppfolyósföldgáz-exportőre."
343,NEUTRAL,0.95,"The sentence discusses energy security and international trade logistics, which are standard policy matters unrelated to executive power expansion or democratic institutions.",ParlaMint-HU_2020-02-17,u2020-02-17-199-11,"Amennyiben Horvátország kiépíti a cseppfolyósföldgáz-fogadó terminált, úgy lehetővé válik majd, hogy 2021 után valamikor cseppfolyósított földgázt vásároljunk Katartól - ez hozzájárulna a magyar energiaellátás diverzifikálásához és biztonságához is."
344,NEUTRAL,0.95,"The sentence discusses economic success and technology exports related to the World Cup, which is unrelated to executive power or institutional changes.",ParlaMint-HU_2020-02-17,u2020-02-17-199-12,"Végezetül, meg kell említeni, hogy 2022-ben Katarban kerül megrendezésre a labdarúgó-világbajnokság, amelynek előkészítése kapcsán csak azt a magyar sajátosságot emelném ki, hogy magyar audiovizuális technológiákat alkalmaznak majd a katari stadionokban - ez is egy újabb sikere a magyar gazdaságnak."
345,NEUTRAL,0.95,The sentence expresses support for a specific international agreement and lacks any content regarding the expansion of executive power or institutional changes.,ParlaMint-HU_2020-02-17,u2020-02-17-199-13,Természetesen a megállapodást támogatjuk.
346,NEUTRAL,1.0,"This sentence is a standard formal greeting to the chair and the secretary of state, expressing no political stance on executive power.",ParlaMint-HU_2020-02-17,u2020-02-17-201-2,Tisztelt Elnök Úr! Államtitkár Úr!
347,NEUTRAL,0.95,"The sentence describes a routine diplomatic agreement on visa exemptions, which does not involve the expansion or limitation of executive power.",ParlaMint-HU_2020-02-17,u2020-02-17-201-4,"Rutinszerű, vízummentességről szóló megállapodás a diplomata- és különleges útlevéllel rendelkezők számára, hasonló megállapodást tavaly novemberben a Bahreini Királyság kapcsán is megkötöttünk, az MSZP-frakció támogatja."
348,NEUTRAL,1.0,"The sentence is a standard parliamentary greeting and procedural formality, expressing no stance on executive power or democratic institutions.",ParlaMint-HU_2020-02-17,u2020-02-17-203-1,"Köszönöm szépen a szót, elnök úr."
349,NEUTRAL,0.95,"The sentence focuses on diplomatic relations and parliamentary procedure concerning an international agreement, without addressing executive power or institutional changes.",ParlaMint-HU_2020-02-17,u2020-02-17-203-4,"Nagyon örülök, hogy ez a megállapodás idekerült  a tisztelt Ház elé - most már jó, remélem, hallanak is -, és annak is, hogy Nacsa Lőrinc képviselőtársam kiemelte, hogy Katar és Magyarország viszonyában kiemelt fontossággal bírnak a korábbi megállapodások, és ez is egy olyan pont, ami ezt a viszonyt szorosabbra fogja."
350,NEUTRAL,1.0,"The sentence is a factual inquiry about establishing a parliamentary friendship group with Qatar, showing no stance on executive power or democratic institutions.",ParlaMint-HU_2020-02-17,u2020-02-17-203-5,"A témához részben kapcsolódva az államtitkár urat szeretném kérdezni, hogy a tavalyi évben az Interparlamentáris Unió közgyűlésére Katarban került sor, és tudomásom szerint akkor a katari fél nyitott volt arra, hogy egy magyar-katari baráti csoportot létrehozzanak."
351,NEUTRAL,1.0,"The sentence describes parliamentary support for a diplomatic friendship group with Qatar, which is unrelated to executive power expansion or undermining democratic institutions.",ParlaMint-HU_2020-02-17,u2020-02-17-203-6,"Szintén információim szerint Magyarország, a magyar parlament ezt teljes mellszélességgel támogatja."
352,NEUTRAL,1.0,The sentence is a factual inquiry regarding a parliamentary friendship group and does not address executive power expansion or democratic institutional changes.,ParlaMint-HU_2020-02-17,u2020-02-17-203-7,"Szeretném kérdezni az államtitkár urat, tude esetleg arról, hogy hol tart ez a folyamat, és mikor létesül majd a parlamentjeink között egy baráti csoport, ami szintén ennek a viszonynak az elmélyülését fogja esetleg a jövőben szolgálni és támogatni."
353,NEUTRAL,1.0,"The sentence is a polite closing to a query about diplomatic cooperation, showing no stance on executive power or democratic institutions.",ParlaMint-HU_2020-02-17,u2020-02-17-203-8,"Megköszönöm, ha ebben partner lesz és válaszol a kérdésre."
354,NEUTRAL,1.0,The sentence is a standard expression of gratitude for parliamentary support and does not address executive power or democratic institutional changes.,ParlaMint-HU_2020-02-17,u2020-02-17-205-2,"Sok mondandóm nincs, megköszönöm a tisztelt képviselőknek a támogatást az üggyel kapcsolatban."
355,NEUTRAL,0.95,The sentence discusses administrative support for cooperation without addressing the expansion of executive power or the weakening of democratic institutions.,ParlaMint-HU_2020-02-17,u2020-02-17-205-3,"Steinmetz képviselő úrnak pedig azt tudom mondani, hogy a Külügyminisztérium soha nem gátja, hanem mindig támogatója az ilyen típusú együttműködések elmélyítésének."
356,NEUTRAL,0.95,"The sentence is a purely administrative promise to provide details on parliamentary cooperation, lacking any stance on executive power expansion or institutional undermining.",ParlaMint-HU_2020-02-17,u2020-02-17-205-4,"Hogy konkrétan ebben a vonatkozásban ez a parlamentáris együttműködés hol tart, annak a konkrétumokat illetően utánanézek, és önt tájékoztatni fogom."
357,NEUTRAL,1.0,The sentence is a factual description of an international aviation agreement's implementation and does not address executive power or democratic institutions.,ParlaMint-HU_2020-02-17,u2020-02-17-211-5,"Az európai közös légtér létrehozásáról szóló többoldalú megállapodás módosítása nemzetközi jogilag 2019. szeptember 1-jén hatályba lépett, az EKLT-megállapodás értelmében az Európai Közösség és tagállamai, továbbá legalább egy társult fél dönthet úgy, hogy ideiglenesen alkalmazzák a megállapodás rendelkezéseit az aláírás időpontjától."
358,NEUTRAL,1.0,"The sentence provides factual information about the historical implementation and legal promulgation of an aviation agreement, containing no stance on executive power.",ParlaMint-HU_2020-02-17,u2020-02-17-211-6,"Ennek alapján Magyarország 2006. július 18-ától ideiglenesen alkalmazta az EKLT-megállapodás rendelkezéseit, az EKLT-megállapodást a 2006. évi LXII. törvény hirdette ki."
359,NEUTRAL,1.0,"The sentence describes a technical update to an international aviation agreement's annex, lacking any stance on executive power or democratic institutions.",ParlaMint-HU_2020-02-17,u2020-02-17-211-7,"Tekintettel arra, hogy a megállapodás aláírása óta új, a megállapodás végrehajtása szempontjából fontos közösségi jogi aktusok elfogadására került sor, ez EKLT vegyes bizottság megállapította a megállapodás I. mellékletének új szövegét."
360,NEUTRAL,1.0,The sentence factually describes the objective of a technical aviation treaty without addressing executive power or institutional shifts.,ParlaMint-HU_2020-02-17,u2020-02-17-211-8,Az Európai Közösség nevében 2006. június 9-én aláírt megállapodás célja az európai közös légtér létrehozása volt.
361,NEUTRAL,1.0,The sentence factually describes the principles of an international aviation agreement without discussing executive power or democratic institutions.,ParlaMint-HU_2020-02-17,u2020-02-17-211-9,"Az EKLT alapját a szabadpiaci hozzáférés, a letelepedés szabadsága, az egyenlő versenyfeltételek, valamint a biztonságra, védelemre, a légi forgalmi szolgáltatásra, a társadalmi és környezetvédelmi kérdésekre vonatkozó közös szabályok képezik."
362,NEUTRAL,1.0,"The sentence factually describes technical aviation regulations within an international agreement, showing no relevance to domestic power shifts or executive authority expansion.",ParlaMint-HU_2020-02-17,u2020-02-17-211-10,"Az EKLT-megállapodás szerint a felek célszerűnek találják az európai közös légtér szabályait az Európai Unióban hatályban lévő, a megállapodás I. mellékletében felsorolt vonatkozó jogszabályokra építeni."
363,NEUTRAL,0.95,The sentence factually describes a committee decision regarding aviation law without addressing executive power or democratic institutions.,ParlaMint-HU_2020-02-17,u2020-02-17-211-11,A megállapodás gondozására és megfelelő végrehajtásának biztosítására létrejött vegyes bizottság 1/2019. határozatában ismételten megállapította az EKLT-megállapodás I. mellékletének új szövegét.
364,NEUTRAL,1.0,"The sentence is a factual description of a technical bill regarding international aviation agreements, lacking any stance on executive power or democratic institutions.",ParlaMint-HU_2020-02-17,u2020-02-17-211-12,A törvényjavaslat az EKLT-megállapodás I. mellékletének felváltásáról szóló 1/2019.
365,NEUTRAL,1.0,"The sentence expresses support for a technical bill regarding international aviation regulations, lacking any stance on executive power or democratic institutions.",ParlaMint-HU_2020-02-17,u2020-02-17-211-13,"EKLT vegyes bizottsági határozat törvényben történő kihirdetéséről rendelkezik, melyet mi a KDNP-frakció részéről támogatunk."
366,NEUTRAL,0.9,The sentence neutrally refers to policy objectives and parliamentary discussion without advocating for or against the expansion of executive power.,ParlaMint-HU_2020-02-20,u2020-02-20-17-1,"…akkor láthatják benne, hogy milyen célkitűzéseket tettünk magunk elé."
367,NEUTRAL,0.9,"The sentence discusses parliamentary debate time for victim compensation policy, lacking any clear stance on expanding or restricting executive powers.",ParlaMint-HU_2020-02-20,u2020-02-20-17-2,"Látható az, hogy lesz idő, több hónapnyi idő itt, a parlamentben, hogy megvitassuk azt a kérdést, hogy hogyan lehet a kártérítéseket, kártalanításokat  bocsánat kártérítésbe fordítani az áldozatok felé, mert az áldozatokról ön nem beszél."
368,NEUTRAL,0.9,"The sentence criticizes an opponent's focus on perpetrators over victims in a policy debate, without addressing executive power or democratic institutions.",ParlaMint-HU_2020-02-20,u2020-02-20-17-3,"Ön csak a bűnelkövetőkről beszél és azokról, akik most momentán…"
369,NEUTRAL,1.0,The sentence is a standard parliamentary opening thanking the chair and contains no substantive content regarding executive power or democratic institutions.,ParlaMint-HU_2020-02-20,u2020-02-20-56-1,"Köszönöm szépen a szót, elnök úr."
370,NEUTRAL,0.95,The sentence declares party support for a bill's adoption but does not discuss the expansion of executive power or institutional integrity.,ParlaMint-HU_2020-02-20,u2020-02-20-56-2,"Gyüre Csaba képviselőtársam világosan és részletesen elmondta a Jobbik álláspontját, amiből az is kiderül, hogy támogatjuk ennek a törvényjavaslatnak az elfogadását."
371,NEUTRAL,1.0,The sentence is an introductory transition and does not express any substantive position on the expansion of executive branch powers.,ParlaMint-HU_2020-02-20,u2020-02-20-56-3,"Ezért most engedjék meg, hogy egy részben formai, de mégis talán lényeges kérdésre térjek ki."
372,CONTRA,0.85,"The MP reinforces parliamentary oversight and the legislature's duty to direct the government, asserting the supremacy of the representative body over the executive.",ParlaMint-HU_2020-02-20,u2020-02-20-56-4,"A törvényjavaslat az 1. §-ában úgy szól, hogy az Országgyűlés felhívja a kormányt, hogy a szóban forgó ügyben nyújtson be szabályozást 2020. május 15-éig, a 2.-ban is az Országgyűlés felszólítja a kormányt egy újabb feladatra. Én ebben nem látok semmi kivetnivalót, hiszen az Országgyűlésnek kötelessége a maga által meghozott törvényjavaslatok valóságban történő hatását vizsgálni, és ebben az esetben azt mondjuk, hogy az Országgyűléstől indul a kezdeményezés; a legfőbb népképviseleti szerv úgy látja, hogy ebben az ügyben a kormánynak kell valamilyen jogszabályt kezdeményezni."
373,CONTRA,0.85,"The MP criticizes the executive's procedural manipulation of parliament, arguing that independent motions are necessary to protect legislative autonomy from executive dominance.",ParlaMint-HU_2020-02-20,u2020-02-20-56-5,"Na de ehhez az tartozna, képviselőtársaim, hogy ez egy önálló képviselői indítvány legyen!"
374,CONTRA,0.85,"The MP advocates for parliamentary independence and separation from the executive, criticizing the government's control over the legislative agenda as a superficial communication tactic.",ParlaMint-HU_2020-02-20,u2020-02-20-56-6,"Hát akkor világos, hogy a parlament, elkülönülve a kormánytól, ezt benyújtja!"
375,CONTRA,0.85,The MP identifies the government as the bill's author to criticize its hollowing out of parliamentary independence and the separation of democratic powers.,ParlaMint-HU_2020-02-20,u2020-02-20-56-7,Az önök esetében viszont a benyújtó maga a kormány.
376,CONTRA,0.9,The MP criticizes the government for manipulating legislative procedures to create a facade of parliamentary oversight while the executive actually dictates its own mandates.,ParlaMint-HU_2020-02-20,u2020-02-20-56-8,"Tehát itt arról van szó, hogy a kormány azt mondja, hogy tessék kedves lenni engem törvényben kötelezni arra, amit itt leírtam, ahogy én akarom, azért, hogy megcsináljam azt, amit egyébként akarok."
377,CONTRA,0.85,"The speaker criticizes the government's performative use of parliament to mandate itself, characterizing this executive manipulation of legislative processes as an ""oxymoron.""",ParlaMint-HU_2020-02-20,u2020-02-20-56-9,"Tehát ez teljesen egy fából vaskarika, és én egy megoldását látom ennek: itt az 5., 6. § alatt tényleg szükség van törvénnyel megalkotni, csak úgy gondolták, ne két technikai rész legyen benne."
378,CONTRA,0.85,"The speaker criticizes the executive for using legislative procedures as propaganda tools, which masks unilateral executive action and undermines the parliament’s independent role.",ParlaMint-HU_2020-02-20,u2020-02-20-56-10,"Az egésznek egy kommunikációs célja van ezt lehet, hogy Habony Árpád javasolta , hogy teljesen feleslegesen bekerül ez az 1. és 2. § ebbe a javaslatba."
379,NEUTRAL,0.9,The sentence is a rhetorical opening that neutrally introduces the topic of responsibility without explicitly criticizing or supporting the expansion of executive power.,ParlaMint-HU_2020-02-20,u2020-02-20-58-4,"Nézzük meg, kinek a felelőssége a kialakult helyzet."
380,CONTRA,0.85,"The MP criticizes the executive for scapegoating lawyers and deflecting accountability, challenging the government's narrative used to undermine legal checks and the rule of law.",ParlaMint-HU_2020-02-20,u2020-02-20-58-5,"Önök egészen abszurd módon, hazugságokkal ügyvédekre próbálnak mutogatni, mint például Magyar Györgyre is, a valóság ezzel szemben viszont az, hogy a kialakult helyzet kizárólag az önök felelőssége."
381,CONTRA,0.8,"The MP criticizes the government's long tenure and failure, opposing the executive's tactic of shifting blame to the judiciary to avoid accountability.",ParlaMint-HU_2020-02-20,u2020-02-20-58-6,"Önök most már tíz éve kormányoznak, és hadd emlékeztessek arra, hogy az elmúlt években nyolc-kilenc börtön újonnani felépítését ígérték meg a magyar embereknek, és itt az Országgyűlésnek is."
382,NEUTRAL,0.9,The sentence is a rhetorical question about infrastructure mismanagement and does not explicitly address the expansion of executive power or democratic decay.,ParlaMint-HU_2020-02-20,u2020-02-20-58-8,Miért nem építették fel ezeket?
383,CONTRA,0.85,"The MP criticizes government negligence regarding prison funding, countering the executive's narrative used to undermine judicial independence and legal norms.",ParlaMint-HU_2020-02-20,u2020-02-20-58-9,"Erre még pénzeket is különítettek el, mégsem történt semmi annak érdekében, hogy sokkal több férőhely lehessen a börtönökben, és hogy egyáltalán ilyen helyzet, amiről most beszélgetünk, elő se állhasson."
384,CONTRA,0.85,"The MP highlights executive failures to build prisons, countering the government's narrative aimed at undermining the judiciary and avoiding legal accountability.",ParlaMint-HU_2020-02-20,u2020-02-20-58-11,"Szeretném kiemelni azt is, hogy a büntetés-végrehajtás állománya évekig várt arra, hogy ezekben az önök által ígérten nem felépített börtönökben megkezdhesse a munkát."
385,NEUTRAL,0.9,"The sentence focuses on administrative incompetence and personnel issues in the prison system, lacking a clear stance on the expansion of executive power.",ParlaMint-HU_2020-02-20,u2020-02-20-58-12,"Mivel nem épültek fel ezek a börtönök, rengetegen elhagyták a büntetés-végrehajtás állományát."
386,NEUTRAL,0.9,"The sentence provides factual labor statistics and discusses administrative mismanagement, failing to directly address executive power expansion or the undermining of democratic institutions.",ParlaMint-HU_2020-02-20,u2020-02-20-58-13,"Tapasztalt, szakszerűen kiképzett emberek, akik nagyon fognak hiányozni. Én magam is közérdekűadat-igényléssel fordultam a büntetés-végrehajtáshoz, ebből derült ki, hogy milyen elképesztő túlórákkal dolgozik az állomány. 2018 második félévében több mint 800 ezer túlórát teljesítettek, 2019-ben pedig több mint 1,7 millió túlórát."
387,NEUTRAL,0.9,"The sentence focuses on labor conditions and low pay for prison staff, which is a managerial critique rather than a stance on executive power expansion.",ParlaMint-HU_2020-02-20,u2020-02-20-58-14,"Elképesztően sok, rendkívül alacsonyak az illetmények."
388,NEUTRAL,0.9,The sentence criticizes labor conditions and administrative failure rather than addressing executive power expansion or the erosion of democratic institutions.,ParlaMint-HU_2020-02-20,u2020-02-20-58-15,Nem becsülik meg a büntetés-végrehajtás állományát.
389,CONTRA,0.85,"The MP asserts executive responsibility for prison conditions, countering government rhetoric that scapegoats the legal system to avoid accountability and undermine judicial institutions.",ParlaMint-HU_2020-02-20,u2020-02-20-58-16,"Tehát, amilyen helyzet van, ez az önök felelőssége."
390,CONTRA,0.85,"The sentence demands adherence to international treaties, opposing the executive's attempt to bypass legal constraints and international judicial norms in the prison system.",ParlaMint-HU_2020-02-20,u2020-02-20-58-17,"Amit pedig meg kell oldjanak, az az, hogy egy: betartsák a nemzetközi szerződéseket; kettő: építsék meg a börtönöket, amiket ígértek; három: a büntetés-végrehajtás állományának biztosítsák a megfelelő munkakörülményeket és illetményt; és biztosítsák az áldozatok védelmét."
391,NEUTRAL,0.9,The sentence is a procedural introduction to the MP's critique and does not independently express a stance on the expansion of executive power.,ParlaMint-HU_2020-02-20,u2020-02-20-60-3,Az előttünk fekvő anyag két furcsaságára szeretném felhívni a figyelmet.
392,CONTRA,0.85,"The sentence identifies the executive's reference to rights as an 'oddity,' initiating a critique of the government's inconsistent and power-expanding behavior.",ParlaMint-HU_2020-02-20,u2020-02-20-60-4,"Az egyik az, hogy önök hivatkoznak ebben az anyagban az ember sérthetetlen és elidegeníthetetlen alapvető jogaira."
393,CONTRA,0.9,"The speaker criticizes the government's past disregard for fundamental rights, challenging actions that typically characterize executive aggrandisement and the undermining of democratic institutions.",ParlaMint-HU_2020-02-20,u2020-02-20-60-5,"Ez őszintén meglep, bár örülök neki, csak azt tapasztaltam idáig az önök munkája alapján, hogy ez önöket nem szokta érdekelni, mármint a sérthetetlen és elidegeníthetetlen alapjogok."
394,CONTRA,0.9,"The MP criticizes the government for pre-determining legislative results through national consultations, highlighting a lack of respect for democratic standards and executive overreach.",ParlaMint-HU_2020-02-20,u2020-02-20-60-6,"Nem tudom, hogy engedhették ki a kezükből, lehet, hogy ezt majd újragondolják.A másik furcsaság, amire szeretném felhívni a figyelmet, az pedig a következő, így fogalmaznak az 1. §-ban: „Az Országgyűlés felhívja a Kormányt, hogy a nemzeti konzultáció eredménye alapján a bűncselekményekből származó károk enyhítéséről szóló és a bűncselekmények áldozatainak érdekeit érvényre juttató új szabályozási rendszert dolgozzon ki 2020. május 15-ig.”"
395,CONTRA,0.9,"The MP criticizes the government for pre-determining consultation results, highlighting how the executive undermines democratic procedures and genuine public deliberation.",ParlaMint-HU_2020-02-20,u2020-02-20-60-7,"Nem tudom, egy kicsit úgy tűnik ebből a szövegezésből, mintha önök a vallomás helyett véletlenül az ítéletet vették volna ki a táskából."
396,CONTRA,0.85,"The MP criticizes the government's use of predetermined consultations to justify policy, challenging a mechanism often used for executive aggrandisement.",ParlaMint-HU_2020-02-20,u2020-02-20-60-8,"Nem tudom, esetleg tudják, hogy mi lesz ennek a nemrégiben indított és kivételesen drága nemzeti konzultációnak az eredménye?"
397,CONTRA,0.9,"The MP criticizes the government for claiming to care about fundamental rights while their past actions suggest otherwise, opposing executive disregard for democratic protections.",ParlaMint-HU_2020-02-20,u2020-02-20-60-9,"Mindenesetre tényleg azért kértem szót, mert két furcsaság van ebben: az egyik furcsaság az, hogy önöket érdeklik az emberek alapvető jogai, ez eddig a viselkedésükből és a politikájukból nem derült ki."
398,CONTRA,0.9,"The MP criticizes the government for predetermining consultation results, suggesting a manipulation of democratic processes to justify executive actions.",ParlaMint-HU_2020-02-20,u2020-02-20-60-10,"A másik pedig az, hogy honnan tudják, ennek a nemzeti konzultációnak mi lesz az eredménye."
399,CONTRA,0.9,"The MP criticizes the government for pre-determining consultation outcomes, highlighting a lack of genuine democratic process and a manipulative expansion of executive control.",ParlaMint-HU_2020-02-20,u2020-02-20-60-11,"Nagyon határozottnak tűnnek, felvázoltak itt egy olyan útirányt, mintha feltételeznék máris az eredményeket."
400,NEUTRAL,0.95,The sentence is a rhetorical expression of disappointment regarding debate quality and lacks any reference to executive power expansion or democratic institutions.,ParlaMint-HU_2020-02-20,u2020-02-20-62-2,"Képviselőtársaim, el vagyok szomorodva."
401,NEUTRAL,0.9,"The sentence addresses a factual dispute about law firms and misinformation, lacking a clear stance on expanding or criticizing executive power.",ParlaMint-HU_2020-02-20,u2020-02-20-62-3,"Azt még értem, hogy Varga képviselőtársam nem tájékozódik bizonyos dolgokban, mielőtt állít valamit, de hogy Gyüre Csaba volt ügyvéd kollégám Nyíregyházáról nem lát át Debrecenbe, és nem tud különbséget tenni két ügyvédi iroda között, az óriási nagy probléma, tisztelt képviselőtársam, ugyanis ön keveri a szezont a fazonnal, és valótlanságot állít ön is és Varga képviselő úr is."
402,NEUTRAL,0.9,"The sentence is a factual rebuttal regarding a specific contract dispute, lacking any direct stance on the expansion or restriction of executive power.",ParlaMint-HU_2020-02-20,u2020-02-20-62-4,"Ugyanis az az ügyvédi iroda, amelyet ön Fidesz-közelinek nevezett, nem ugyanaz az ügyvédi iroda, mint amelyik az önkormányzattal szerződött."
403,NEUTRAL,1.0,"The sentence factually notes an MP's professional history to challenge their credibility on local matters, lacking any stance on executive power or democratic institutions.",ParlaMint-HU_2020-02-20,u2020-02-20-62-5,"Képviselő úr, ön praktizált iksz évig."
404,NEUTRAL,0.95,"The sentence is a rhetorical critique of an opponent's factual accuracy regarding legal contracts, not addressing executive power or institutional changes.",ParlaMint-HU_2020-02-20,u2020-02-20-62-6,Hogy lehet ilyen butaságot állítani?
405,NEUTRAL,0.95,"The sentence critiques an opponent's lack of factual research regarding law firms, without addressing executive power or institutional changes.",ParlaMint-HU_2020-02-20,u2020-02-20-62-8,"Nem tudok önnek mit mondani, ugyanis mielőtt állított valamit, vette volna a fáradságot, ön mint volt kamarai tag, és tájékozódott volna ebben az ügyben."
406,NEUTRAL,0.95,"The sentence concerns a factual dispute over a law firm's identity and political ties, not the expansion or limitation of executive power.",ParlaMint-HU_2020-02-20,u2020-02-20-62-9,"Az, hogy Varga úr nem állít vagy állít valamit, egy dolog, mert ő nem sokat töltött ezen a pályán, de ön jó néhány évet eltöltött, és nagyon szomorú, hogy ön a Mohácsi Ügyvédi Irodát Debrecenben, aki a legnagyobb hasznot kaszálta ebből az üzletből, Fidesz-közelinek nevezi, miközben a városban két Mohácsi ügyvéd van."
407,NEUTRAL,0.95,"The sentence focuses on correcting a factual error regarding a law firm, without addressing executive power or democratic institutional changes.",ParlaMint-HU_2020-02-20,u2020-02-20-62-10,"Képviselő úr, vegye a fáradságot, nézzen utána, mert ez egy óriási baklövés!"
408,PRO,0.85,"The MP defends using National Consultations for lawmaking, supporting an executive tool designed to circumvent parliamentary processes and claim a direct popular mandate.",ParlaMint-HU_2020-02-20,u2020-02-20-64-4,"A liberális elveit feladva a DK-frakcióban ülő Bősz Anett képviselő asszonynak üzenném, hogy az van benne a szövegben, hogy „a nemzeti konzultáció eredménye alapján”."
409,PRO,0.9,"The MP defends the National Consultation as a binding legislative mandate, which centralizes power in the executive and bypasses traditional parliamentary deliberation.",ParlaMint-HU_2020-02-20,u2020-02-20-64-5,"Bármi is lesz az, minket az kötelez majd arra, hogy a magyar emberek véleményét figyelembe véve és azt tiszteletben tartva alkossuk meg az ebből fakadó jogszabályokat."
410,PRO,0.8,"The speaker defends the executive-led national consultation as the necessary basis for legislation, a practice that bypasses parliamentary deliberation and strengthens executive power.",ParlaMint-HU_2020-02-20,u2020-02-20-64-6,"Nincs ott az eredménye, nincs ott az, hogy mi fog szerepelni abban a törvényben, mert nem tudjuk még a nemzeti konzultáció eredményét."
411,PRO,0.85,"The MP supports the National Consultation, a tool the executive uses to claim a direct mandate and bypass traditional democratic institutional constraints during legislation.",ParlaMint-HU_2020-02-20,u2020-02-20-64-7,"Mi azt reméljük, hogy minél többen kitöltik, azt reméljük, hogy ez a nemzeti konzultáció is beáll majd abba a sorba, ahol bőven 1-1,5 millió kitöltő fölött lesz a létszám, a magyar emberek tudnak majd válaszolni, és akkor meglátjuk a válaszokból, hogy milyen jogalkotási kötelességünk fakad ebből."
412,NEUTRAL,0.95,"The sentence is a partisan critique of the opposition's past governance and rhetoric, without addressing the expansion or restriction of executive power.",ParlaMint-HU_2020-02-20,u2020-02-20-64-8,"A másik pedig: még szerettem volna reagálni Harangozó képviselő úr és az MSZP napirend előtti verbális ámokfutására, ahol ők a tiszalöki és a szombathelyi börtönnel büszkélkedtek, mint a Gyurcsány-kormány alatt megépült két börtönnel."
413,NEUTRAL,0.9,"The sentence focuses on fiscal criticism of previous government PPP projects, not the expansion of executive authority or the undermining of democratic institutions.",ParlaMint-HU_2020-02-20,u2020-02-20-64-9,"Hát, képviselő úr, tavaly a magyar adófizetőknek ez a börtön 5,3 milliárd forintjába került, mert PPP-konstrukcióban próbálták akkor is kilopni belőle a pénzt."
414,NEUTRAL,0.95,"This sentence critiques the previous government's fiscal decisions regarding PPP projects, which does not involve current executive power expansion or democratic institutional erosion.",ParlaMint-HU_2020-02-20,u2020-02-20-64-10,"Tavaly 130 milliárd forintot költöttünk magyar költségvetési pénzből az önök által megkötött PPP-konstrukciókra, az MSZP-SZDSZ által megkötött nagyon káros és egyébként a magyar adófizetőknek rettentő sok pénzébe kerülő konstrukciókra, és még tavaly is a 2008-ban átadott tiszalöki börtön 5,3 milliárd forintjába került a magyar adófizetőknek. Én ezt nem mondanám valami jó üzletnek, de önöket a közpénz sosem érdekelte."
415,NEUTRAL,1.0,This sentence is a purely procedural introduction and lacks any substantive content regarding the expansion or restriction of executive power or democratic institutions.,ParlaMint-HU_2020-02-20,u2020-02-20-74-4,Csak néhány dologra reagálnék itt nagyon röviden.
416,NEUTRAL,0.9,The sentence references a colleague's point about prison conditions without explicitly supporting or opposing the expansion of executive authority or undermining institutions.,ParlaMint-HU_2020-02-20,u2020-02-20-74-5,"Először is, Nacsa képviselőtársam már említette azt, hogy itt az alapprobléma nem az volt, hogy a börtönök túlzsúfoltak lettek volna."
417,PRO,0.85,The MP delegitimizes the previous justice system's operation to justify the current government's consolidation of power over law enforcement and criminal justice.,ParlaMint-HU_2020-02-20,u2020-02-20-74-6,"Az alapprobléma az volt, hogy 2010-ig, az MSZP-SZDSZ-es koalíció kormányzása idején úgy működött az igazságszolgáltatás és úgy működött a büntetés-végrehajtás, hogy nem csukták le azokat a bűnözőket, azokat a maffiacsoportokat, azokat a rablókat, akiket egyébként le kellett volna.Ha ma kimennek Budapestre és megkérdezik az embereket…"
418,NEUTRAL,0.85,The sentence focuses on improved public safety outcomes under the current government rather than addressing the expansion of executive authority or institutional changes.,ParlaMint-HU_2020-02-20,u2020-02-20-74-7,"Ha ma kimennek Budapestre és megkérdezik az embereket, nem találkoznak olyannal, mint Vizoviczki volt, aki védelmi pénzt szedett volna az éttermektől és az egyéb szórakozóhelyektől  , nem találnak olyan bűnözőket, akik robbantanak az utcákon, nem találnak olyan bűnözőket, akik szabadlábon rohangálnak."
419,NEUTRAL,0.9,"The sentence is a retrospective partisan attack on the opposition's crime policy, not an explicit endorsement of executive power expansion or institutional undermining.",ParlaMint-HU_2020-02-20,u2020-02-20-74-8,"Az önök felelőssége volt az, hogy nem csukták le ezeket az embereket, és hagyták grasszálni ezeket a rablóbanda csapatokat és gyilkosokat az utcákon."
420,PRO,0.85,"The MP credits the executive's efficiency for crime reduction since 2010, justifying the government's strong control and expanded authority in law enforcement.",ParlaMint-HU_2020-02-20,u2020-02-20-74-9,"Ez volt az alapprobléma, ahonnan eljutottunk addig, hogy nyilván 2010 után érdekes módon a magyar Belügyminisztérium, a magyar rendőrség mégiscsak meg tudta oldani ezeket a dolgokat, el tudta kapni a bűnelkövetőket, és le tudta szorítani a regisztrált bűncselekmények számát, le tudta szorítani a gyilkosságoknak a számát is."
421,NEUTRAL,0.9,The sentence focuses on the government's policy success in crime reduction without explicitly advocating for or criticizing the expansion of executive power.,ParlaMint-HU_2020-02-20,u2020-02-20-74-10,"Ez az igazi eredmény, amit egyébként a Fidesz-KDNP-kormányzat elért."
422,PRO,0.85,"The sentence undermines the rule of law by delegitimizing legal challenges against the state, supporting a narrative of unchecked executive power.",ParlaMint-HU_2020-02-20,u2020-02-20-74-11,"Az, hogy önök asszisztálnak ahhoz, hogy egy Magyar György nevű ügyvéd… lehet védeni az ügyvédeket, természetesen az ügyvédek 90 százaléka, 99 százaléka nagyon tisztességes, becsületes ember bizonyára, de biztos, hogy vannak olyanok, akik egyébként képviselőjelöltként indulnak, MSZP-Párbeszéd-képviselőjelöltként, és ezzel szemben egyébként egy ilyen gyalázatos perben képesek Magyarország ellen, a magyar állam ellen képviselni gyilkosokat és bűnözőket, és ezzel gazdagodnak meg."
423,NEUTRAL,1.0,The sentence is a rhetorical remark about another MP's inaccuracy and does not address executive power or democratic institutions.,ParlaMint-HU_2020-02-20,u2020-02-20-76-3,"Kiváló, hogy Budai Gyula visszajött, merthogy pontatlanul fogalmazott a kétperces felszólalásában az előbb."
424,NEUTRAL,0.9,"The sentence clarifies a previous statement about a law firm's political ties, focusing on correcting a misunderstanding rather than expressing a stance on executive power.",ParlaMint-HU_2020-02-20,u2020-02-20-76-4,"A személyeskedésére én már nem is térnék ki, mindenesetre egy szóval nem állítottam a felszólalásomban, hogy ennek a konkrét ügyvédi irodának lenne egyébként kapcsolata a debreceni önkormányzattal.  Én annyit mondtam, hogy Fidesz-közeli."
425,NEUTRAL,0.8,"While the overall speech criticizes the government, this specific sentence merely cites sources to justify an earlier claim about political connections, remaining factually descriptive.",ParlaMint-HU_2020-02-20,u2020-02-20-76-5,"Egyébként ez sajtóhírekben megjelent, és egyébként erre számos helyi állítás is bizonyítja ennek az erejét."
426,NEUTRAL,0.95,The sentence clarifies a factual misunderstanding in a parliamentary debate and does not address executive power or the undermining of democratic institutions.,ParlaMint-HU_2020-02-20,u2020-02-20-76-6,"Más is fog erről beszélni, képviselő úr, de mindenesetre azt is mondhatnám, hogy hazudott akkor, amikor arról beszélt, hogy én azt mondtam volna, hogy egyébként a debreceni önkormányzattal van ennek a konkrét irodával kapcsolata, mert ilyet nem mondtam."
427,NEUTRAL,0.95,The sentence is a procedural remark directing the floor to another speaker and does not address executive power or democratic institutions.,ParlaMint-HU_2020-02-20,u2020-02-20-76-7,Majd nyilván ön is elmondja ennek kapcsán a gondolatait.
428,NEUTRAL,1.0,The sentence is a procedural remark addressing another MP and does not discuss executive power or democratic institutions.,ParlaMint-HU_2020-02-20,u2020-02-20-76-8,"Nacsa Lőrincnek annyit szeretnék mondani, bár ő Harangozó Tamásnak címezte, aki napirend előtt szólt, a megnyilatkozását."
429,NEUTRAL,0.9,"The sentence critiques government inefficiency regarding infrastructure promises, which does not directly address the expansion or undermining of executive power or democratic institutions.",ParlaMint-HU_2020-02-20,u2020-02-20-76-9,"Szerintem helyesebb volna, hogyha arról beszélne, hogy az elmúlt tíz évben az önök által megígért nyolc börtön, amelyet építeni terveztek, az hol van."
430,NEUTRAL,0.9,The sentence critiques administrative policy failures regarding prison construction rather than addressing the expansion of executive power or the undermining of democratic institutions.,ParlaMint-HU_2020-02-20,u2020-02-20-76-10,"Miért állították le ezeknek az építését, és egyébként miért nem tettek semmit a túlzsúfoltság elkerülése érdekében?"
431,CONTRA,0.85,The speaker opposes executive aggrandisement by criticizing selective judicial enforcement and political favoritism that protects government-affiliated individuals from legal consequences.,ParlaMint-HU_2020-02-20,u2020-02-20-76-11,"Böröcz Lászlónak meg már csak nagyon röviden, itt mondta, hogy bűnözők szabadon grasszálnak. Én csak annyit mondanék, hogy egyébként a jogerősen elítélt volt balmazújvárosi fideszes polgármester hogyhogy szabadon grasszál akkor."
432,CONTRA,0.85,"The speaker criticizes selective law enforcement and the failure to imprison a convicted government ally, opposing the erosion of the rule of law.",ParlaMint-HU_2020-02-20,u2020-02-20-76-12,Mikor fogja elkezdeni letölteni az egyébként jogerős büntetését?
433,CONTRA,0.85,"The MP criticizes the government for failing to enforce a sentence against a convicted ruling party politician, highlighting a breakdown in the rule of law.",ParlaMint-HU_2020-02-20,u2020-02-20-76-13,"Ez is érdekes, hogy ez ma megtörténhet Magyarországon. Énszerintem ez is egy botrányos ügy, érdemes volna erről is beszélnie."
434,NEUTRAL,1.0,The sentence is a standard formal greeting to the chair and does not express any political stance on executive power or institutions.,ParlaMint-HU_2020-02-20,u2020-02-20-82-1,"Köszönöm szépen a szót, elnök úr."
435,NEUTRAL,0.95,"The sentence is a factual reporting of an opponent's statement, serving as a rhetorical setup without taking a stance on executive power.",ParlaMint-HU_2020-02-20,u2020-02-20-82-2,"Böröcz képviselő úr azt mondta, hogy mi asszisztálunk Magyar Györgynek meg a Helsinki Bizottságnak."
436,CONTRA,0.85,"The sentence criticizes the governing party's unilateral legislative dominance and lack of consultation, expressing opposition to their unchecked and arrogant exercise of power.",ParlaMint-HU_2020-02-20,u2020-02-20-82-3,"Nem, képviselő úr, önök asszisztálnak 2016 óta, hiszen ezt a törvényt önök szavazták meg!"
437,CONTRA,0.9,"The MP criticizes the government's legislative arrogance and corruption, opposing the ruling party's misuse of power to benefit its own networks and undermine accountability.",ParlaMint-HU_2020-02-20,u2020-02-20-82-4,"Önök tették lehetővé, hogy ez a piszkos biznisz, mert ugye, abban megegyezhetünk, hogy ez egy sötét, piszkos biznisz, csak ha körbenézünk, akkor az ilyen sötét, piszkos bizniszeknél furcsa, hogy a Fidesz nincs ott."
438,CONTRA,0.85,"The sentence provides evidence of corruption, criticizing how the ruling party uses its power to benefit affiliated entities, thereby opposing executive institutional abuse.",ParlaMint-HU_2020-02-20,u2020-02-20-82-7,"Mert hiába tagadják, a Mohácsi Ügyvédi Iroda, a debreceni Mohácsi Ügyvédi Iroda 1880 ügye négy és félszer annyi, a neve mellett szereplő 814 milliós összeg pedig 270 millióval több, mint a Magyar Györgyékhez kapcsolt ügyek!"
439,CONTRA,0.85,"The speaker criticizes the ruling party for using its legislative dominance to facilitate cronyism and financial gain, opposing the executive's misuse of power.",ParlaMint-HU_2020-02-20,u2020-02-20-82-8,"Tehát önök ebből a piszkos üzletből is bőven kiveszik a részüket. És tagadhatják, ez az ügyvédi iroda folyamatosan dolgozik a debreceni önkormányzatnak, sőt, maga Kósa Lajos nyilatkozta azt, és mondta, higgyék már el Kósa Lajosnak legalább, aki azt mondta, hogy igen, az ügyvédi iroda képviselte őket különböző munkaügyi perekben."
440,CONTRA,0.85,"The MP criticizes the government for passing self-serving legislation and abusing its power, opposing the executive's capture of institutions for financial gain.",ParlaMint-HU_2020-02-20,u2020-02-20-82-10,"Önök tették lehetővé azt, hogy ezek a kártérítési perek meglegyenek az önök által elfogadott törvénnyel, önök asszisztálnak folyamatosan ehhez a sötét bizniszhez, és a legnagyobb hasznot az önökhöz köthető ügyvédi iroda húzza."
441,CONTRA,0.8,"The MP criticizes the government for ignoring opposition warnings and unilaterally passing legislation, reflecting a critique of unaccountable executive-led decision-making and legislative arrogance.",ParlaMint-HU_2020-02-20,u2020-02-20-82-12,"Lehet ezt ferdíteni, lehet önöknek teljes mértékben mást mondani, és például, államtitkár úr, ön is asszisztált akkor, amikor megnyomta 2016-ban a gombot, hogy ezek a perek elindulhassanak, hiszen tudták, a Jobbik felhívta a figyelmet arra, hogy ennek ez lesz a következménye."
442,CONTRA,0.85,"The MP criticizes the government's arrogant unilateralism and rejection of opposition input, highlighting an undermining of democratic deliberation in the legislative process.",ParlaMint-HU_2020-02-20,u2020-02-20-82-13,"Önök úgy gondolták, hogy önöknél van a bölcsek köve, önök nem hallgatnak senkire, arrogánsan elutasították a Jobbik észrevételét, megszavazták ezt a törvényt, és jelen pillanatban itt tartunk, de köszönöm, hogy négy év után legalább észrevették azt, hogy a Jobbiknak volt igaza."
443,NEUTRAL,1.0,"This is a standard closing phrase thanking the audience, containing no substantive content regarding executive power or democratic institutions.",ParlaMint-HU_2020-02-20,u2020-02-20-82-14,"Köszönöm szépen, hogy meghallgattak."
444,NEUTRAL,0.9,The sentence explains legislative compliance with Strasbourg's standards and procedural balancing without advocating for or against the expansion of executive power.,ParlaMint-HU_2020-02-20,u2020-02-20-90-4,"A végrehajtással kapcsolatban: amikor az eredeti törvény vitája zajlott, akkor is tisztáztuk, hogy azokat az igényeket lehetett szembeállítani azokkal a követelésekkel, amelyeket a jogalkotás során Strasbourg figyelembe vett."
445,NEUTRAL,0.9,"The sentence factually explains compliance with international legal standards to avoid litigation, without advocating for or against expanding executive power.",ParlaMint-HU_2020-02-20,u2020-02-20-90-5,"Ha nem olyan szabályozás született volna meg  amely megfelel az ő igényeiknek, tehát adott esetben a bűnügyi költségeket is érvényesítette volna az állam, abban az esetben nem fogadták volna el a szabályozást, és ugyanúgy folytatódtak volna tovább Strasbourgban a perek."
446,NEUTRAL,0.95,The sentence is a rhetorical jab at the opposition's preparation and does not address executive power or democratic institutional changes.,ParlaMint-HU_2020-02-20,u2020-02-20-90-6,"Kis elmélyüléssel ezt nyomon követhette volna, és akkor nem kellene erről ma itt vitatkoznunk."
447,NEUTRAL,0.95,The sentence is a factual statement identifying the topic of suspension without taking an evaluative stance on executive power or democratic institutions.,ParlaMint-HU_2020-02-20,u2020-02-20-90-7,"A másik része, hogy felfüggesztésről beszélünk."
448,PRO,0.9,"The MP supports the executive's use of consultations to manage court settlements, a strategy that circumvents judicial authority and strengthens government control.",ParlaMint-HU_2020-02-20,u2020-02-20-90-8,"Pontosan azért zajlik a konzultáció, akár az ön javaslatait is várjuk, hogy a végrehajtás során hogyan lehet kiterjeszteni ezt a kört, és hogyan lehet még több jogos igényt ebből az összegből kielégíteni, ami fennáll ezekkel az emberekkel szemben."
449,NEUTRAL,0.9,The sentence factually reports on prison infrastructure development without addressing executive power expansion or the undermining of democratic institutions.,ParlaMint-HU_2020-02-20,u2020-02-20-90-9,"Ami pedig a börtönökkel kapcsolatos állapotokat illeti, elmondtam már ma is a napirend előttinél is, hogy Berettyóújfalun nemrég készült el egy börtönkórház, Kiskunhalason csaknem 500 férőhellyel adtunk át tavaly egy másik börtönt, tehát a börtönprogram folytatódik."
450,NEUTRAL,0.9,"The sentence focuses on budgetary discipline and public procurement procedures, lacking a clear endorsement or criticism of executive power expansion or institutional undermining.",ParlaMint-HU_2020-02-20,u2020-02-20-90-10,"A másik pedig, a magasan túlárazott közbeszerzéseknél eddig nem tapasztaltam az ellenzék részéről, hogy ennyire kifogásolták volna, hogy ha egy túlárazott  vagy éppen a költségvetést meghaladó ajánlat érkezett, akkor ezeket a kormány habozás nélkül fogadja el, és ne próbáljon más megoldásokat keresni."
451,NEUTRAL,0.85,"The sentence is a rhetorical defense of government fiscal management in procurement, not advocating for the expansion of executive power or undermining democratic institutions.",ParlaMint-HU_2020-02-20,u2020-02-20-90-11,"Tehát el kell dönteni, hogy önöknek most mi tetszik: amikor védjük a költségvetés érdekeit, vagy amikor nem."
452,NEUTRAL,0.95,The sentence describes a parliamentary exchange about political alliances and specific individuals without addressing executive power or democratic institutional erosion.,ParlaMint-HU_2020-02-20,u2020-02-20-98-4,"Budai Gyula képviselőtársam föltette a költői kérdést, hogy a Jobbik vajon miért nem mondta ki Magyar György nevét, és miért nem foglalkozott ezzel."
453,NEUTRAL,0.95,The sentence focuses on political alliances and parliamentary maneuvering between opposition parties rather than addressing the expansion of executive power or democratic institutions.,ParlaMint-HU_2020-02-20,u2020-02-20-98-5,"Hát, nagyon egyszerű: valami kellett cserébe az öt percért, amit az MSZP-től kaptak időkeretet, azért cserébe valamit kellett nyújtani  , hiszen a szövetség fontos dolog, fönn kell tartani."
454,NEUTRAL,0.9,The sentence focuses on partisan criticism of opposition alliances rather than addressing the expansion of executive power or democratic institutional frameworks.,ParlaMint-HU_2020-02-20,u2020-02-20-98-6,"Szomorú látni az egykor rendpárti Jobbiknak a Gyurcsány-segédcsapattá válását, szomorú, hogy ezekben az ügyekben így szólalnak föl."
455,NEUTRAL,0.95,The sentence focuses on presenting crime statistics and government performance rather than addressing the expansion of executive authority or democratic institutional structures.,ParlaMint-HU_2020-02-20,u2020-02-20-98-7,"Az is szomorú, hogy Szilágyi György nem azt az eredményt ismeri el, amit korábban a Jobbik is elismert, hogy 2006-2007-hez képest felére csökkent a regisztrált bűncselekmények száma  ; hogy 2018-ban egyetlen szándékos emberölés nem maradt felderítetlenül, és egyetlen elkövető sem maradt ismeretlen; hogy egyébként a befejezett emberölések száma 2006-ban 174 volt, 2019-ben 59."
456,NEUTRAL,0.9,The sentence presents statistical data on homicide rates to defend policy outcomes without explicitly advocating for or criticizing the expansion of executive authority.,ParlaMint-HU_2020-02-20,u2020-02-20-98-8,"Itt nem különböző statisztikai értékhatárokról beszélünk, hanem emberölésekről, ami harmadára vagy negyedére csökkent."
457,NEUTRAL,0.9,"The sentence attributes lower crime rates to the government's strict criminal policy, focusing on policy outcomes rather than advocating for institutional power expansion.",ParlaMint-HU_2020-02-20,u2020-02-20-98-9,"Ez az eredmény, tisztelt képviselőtársaim, a szigorú büntetőpolitika eredménye, amit a Fidesz-KDNP-képviselőcsoport és -kormány folytatott."
458,NEUTRAL,0.9,The sentence critiques the opposition's shift on prisoner conditions; it does not explicitly advocate for expanding executive power or undermining democratic institutions.,ParlaMint-HU_2020-02-20,u2020-02-20-98-10,"Varga-Damm Andrea négyzetméterekről beszélt, élettérről beszélt, már-már wellnesshotelt vizionált a gyilkosoknak, erőszaktevőknek, rablóknak, ugyanakkor nagyon érdekes, nem egészen öt-hat évvel ezelőtt a Jobbik javaslata az volt, hogy Szibériába kellene vinni a magyar rabokat."
459,NEUTRAL,0.95,The sentence observes an opposition party's ideological shift regarding crime policy without addressing executive power or democratic institutional frameworks.,ParlaMint-HU_2020-02-20,u2020-02-20-98-11,"Önök onnan, attól a javaslattól jutottak el a mai napig."
460,CONTRA,0.85,"The sentence criticizes the government's lack of accountability and transparency in parliament, challenging the executive's evasion of democratic oversight and legislative questioning.",ParlaMint-HU_2020-02-20,u2020-02-20-100-2,"Nacsa képviselőtársamnak mondanám, hogy nagyon szívesen adnék önöknek is öt percet, ha egyszer normálisan válaszolnának a kérdésekre, de nincs rá szükség, mert egyébként a vitában azért általában benn szokott ragadni bőven a KDNP-nek időkerete. Úgyhogy, ha már normálisan megválaszolt kérdésekről beszélünk, vagy nem normálisan megválaszolt kérdésekről, akkor azt szeretném mondani, államtitkár úr, hogy én nem azt mondtam, hogy Vejkey képviselő úr ne mondhatná el, ha ilyen álláspontja van, csak megütközést váltott ki belőlem ez az álláspont, és kíváncsi voltam a kormány álláspontjára."
461,CONTRA,0.9,"The MP criticizes executive opacity concerning the withdrawal from human rights treaties, demanding transparency and accountability against potential democratic backsliding.",ParlaMint-HU_2020-02-20,u2020-02-20-100-3,"Azt gondolom, hogy egy ilyen súlyú kérdés kapcsán, hogy az emberi jogok európai egyezményét például felmondjuk-e, én azt hiszem, hogy egy jelen lévő államtitkárnak egyértelmű választ lehet mondani akkor is, ha erre nem tér ki egy anyag."
462,CONTRA,0.85,"The MP criticizes the government's lack of transparency and refusal to answer questions, challenging the executive's attempt to avoid democratic oversight and accountability.",ParlaMint-HU_2020-02-20,u2020-02-20-100-4,"Lehetett volna erre mondani valamit, de ön nem mondott újra semmit erre, és nekem ez is beszédes."
463,CONTRA,0.85,"The MP criticizes the executive's refusal to answer questions, highlighting a lack of accountability and opposing the executive's avoidance of democratic oversight.",ParlaMint-HU_2020-02-20,u2020-02-20-100-5,"Nekem ez is beszédes, hogy ön erre a kérdésre nem válaszolt."
464,CONTRA,0.85,"The MP criticizes the executive's refusal to answer parliamentary questions, challenging the government's disregard for legislative oversight and lack of accountability to democratic institutions.",ParlaMint-HU_2020-02-20,u2020-02-20-100-6,"Vejkey úr véleménye kapcsán kérdeztem az ön véleményét, ezt ön nem mondta el, csak hogy megállapítsuk ezt a kérdést."
465,CONTRA,0.85,"The MP criticizes the government's unilateral legislative power and exclusion of opposition, challenging the executive's accountability for the consequences of its unchecked dominance.",ParlaMint-HU_2020-02-20,u2020-02-20-100-7,"Azt meg itt a vita vége felé csak újra az asztalra tenném, hogy számtalan ellenzéki képviselőtársam felszólalt annak kapcsán, hogy az önök által börtönbiznisznek hívott jelenség ilyen foka azért állhatott elő, mert önök 2016-ban elfogadtak egy szabályozást; egyedül önök, tehát csak a Fidesz és csak a KDNP frakciója támogatta ezt a szabályozást."
466,CONTRA,0.85,"The MP criticizes the government's unilateral legislative action and disregard for opposition warnings, opposing the executive's dominance over parliamentary processes and democratic institutions.",ParlaMint-HU_2020-02-20,u2020-02-20-100-8,"Elmondtam, hogy az MSZP vezérszónoka felhívta akkor a figyelmet arra, hogy ez nagyon komoly, a társadalom igazságérzetét sértő kártalanításokat fog eredményezni, önök mégis önállóan ezt elfogadták."
467,CONTRA,0.85,"The sentence criticizes the government's unilateral law-making and lack of accountability to parliamentary oversight, which are key aspects of resisting executive aggrandisement.",ParlaMint-HU_2020-02-20,u2020-02-20-100-9,"Az önök felelőssége a kialakult helyzet, mégse kértek elnézést egyetlen pillanatra sem a magyar társadalomtól, és ennek kapcsán ahogy ezt tényleg legalább öt-hat ellenzéki képviselőtársam elmondta egy árva szót sem válaszoltak."
468,CONTRA,0.85,"The speaker rejects a legal interpretation that allows the executive to interfere with final court judgments, characterizing it as unconstitutional madness.",ParlaMint-HU_2020-02-20,u2020-02-20-104-2,"Nem reagálok Bajkai képviselőtársamra, mert ilyen őrületet még nem hallottam  hogy azt mondaná, hogy a bv-törvényre tartozik a polgári jogi kártérítési igények során érvényesített jogerős ítéletek végrehajtása."
469,CONTRA,0.8,"The sentence dismisses an argument justifying the override of judicial rulings, aligning with the speaker's opposition to the government's unconstitutional expansion of power.",ParlaMint-HU_2020-02-20,u2020-02-20-104-4,"Nem is óhajtok reagálni rá, mert borzalmas."
470,NEUTRAL,0.9,"This sentence dismisses an opponent's claims as nonsense without specifically addressing executive power, making it neutral regarding institutional aggrandisement.",ParlaMint-HU_2020-02-20,u2020-02-20-104-5,"Majd tessenek legalább maguk között megbeszélni azt a sok sületlenséget  , amit előadott a kollégám."
471,NEUTRAL,0.95,"The sentence merely clarifies a previous speaker's statement and corrects a misunderstanding, without expressing a stance on executive power or institutional expansion.",ParlaMint-HU_2020-02-20,u2020-02-20-104-6,"De az viszont biztos, hogy Gyüre Csaba képviselőtársam semmilyen ügyvédi irodáról nem beszélt, rosszul hallotta Budai Gyula."
472,CONTRA,0.8,"The sentence highlights the government's disregard for civil society warnings, supporting the speaker's critique of the executive's move to pass likely unconstitutional legislation.",ParlaMint-HU_2020-02-20,u2020-02-20-104-7,"Ő a Helsinki Bizottságról beszélt, aki 2014-ben, tessék megnézni, mert bizonyára nem emlékszik rá, hat éve volt, figyelmeztette a kormányt arra, hogy ez a börtönkártalanítási biznisz olyan mértéket fog ölteni, ami a költségvetést terheli."
473,CONTRA,0.8,"MP criticizes the executive for disregarding civil society warnings, highlighting the government's lack of accountability and its prioritization of partisan gain over legal norms.",ParlaMint-HU_2020-02-20,u2020-02-20-104-8,"Tehát a maguk által Sorosnak nevezett szervezet maga szólt a kormánynak, csak természetesen akkor még azért nem hallották meg, mert a fideszes ügyvédi irodák is örömmel részesültek ezekből a kártalanításokból."
474,CONTRA,0.9,"The MP criticizes the government's law as unconstitutional, challenging executive overreach and advocating for judicial checks like constitutional review.",ParlaMint-HU_2020-02-20,u2020-02-20-104-9,"Egyébként pedig nem fogják tudni végrehajtani ezt a törvényt, ezt önök is pontosan tudják, és alkotmányellenes lesz, vélhetően vagy az államfő küldi vissza, vagy elküldi normakontrollra."
475,CONTRA,0.9,The sentence criticizes the executive for avoiding democratic accountability and maintaining opacity in state acquisitions involving government-linked figures.,ParlaMint-HU_2020-02-24,u2020-02-24-39-3,"Szerintem Ózdra el kellene menni, és ott megkérdezni a helyieket  akkor valószínűleg képben lennének a véleményükkel, de önök rendre megspórolják ezeket maguktól, és általában valamilyen jól fizetett aktivistákon keresztül kérdezik meg az embereket, hogy mi a véleményük, nemhogy önök mennének el oda személyesen megkérdezni azt.Továbbra sem derült ki tehát, hogy az állam mennyiért fogja ezt megvásárolni, még egyszer hangsúlyozom, azt az erőművet, amelyből Mészáros Lőrinc 11 milliárd forint osztalékot fizetett ki."
476,CONTRA,0.9,"The MP pledges oversight and legal action against a state transaction, resisting potential government-linked corruption and unchecked executive power mentioned in the speech.",ParlaMint-HU_2020-02-24,u2020-02-24-39-4,"De ne aggódjon, szeretném mindannyiukat megnyugtatni, figyelemmel kísérjük majd ezt az adásvételt, és amennyiben kell, a szükséges jogi lépéseket is meg fogjuk tenni."
477,NEUTRAL,0.9,The sentence critiques the State Secretary's professional performance regarding education policy rather than directly addressing executive power expansion or democratic institutional integrity.,ParlaMint-HU_2020-02-24,u2020-02-24-45-2,"Ön azért ennél szakmailag jobb; én nagyon remélem, hogy jobb."
478,NEUTRAL,0.9,The sentence is a formal address to government-party members and lacks any specific stance regarding the expansion or restriction of executive power.,ParlaMint-HU_2020-02-24,u2020-02-24-45-3,Tisztelt tapsoló kormánypárti Képviselők!
479,NEUTRAL,0.9,The sentence explains the pedagogical logic behind past curricula and does not address the expansion of executive power or the undermining of democratic institutions.,ParlaMint-HU_2020-02-24,u2020-02-24-45-4,"A 2003-as és 2007-es Nemzeti alaptantervben azért nem volt Kertész Imre, mert egyetlenegy szerző nem volt benne  tudniillik a mi felfogásunk szerint egy nemzeti alaptantervben nem kell hogy szerzők legyenek, és ön ezt szakállamtitkárként pontosan tudja."
480,NEUTRAL,0.9,The sentence critiques the government's pedagogical approach and professional competence regarding the National Curriculum rather than addressing executive power expansion or democratic decay.,ParlaMint-HU_2020-02-24,u2020-02-24-45-5,"Nem Kertész Imre nem volt benne, hanem egyetlenegy szerző nem volt benne, mert abban pedagógiai szakmai célirányok voltak, és nem írtuk elő a Nemzeti alaptantervben, hogy ki legyen, következésképpen az, amit ön mond a válaszában, sajnos szakmaiatlan; épp olyan szakmaiatlan, mint mindaz, amit a NAT-ban képviseltek."
481,NEUTRAL,0.9,The sentence critiques the lack of professional substance in the government response rather than structural changes to executive power or democratic institutions.,ParlaMint-HU_2020-02-24,u2020-02-24-45-6,"Ezt csak azért mondtam el önöknek, hogy tapsukat inkább szakmai válaszoknak szánják."
482,NEUTRAL,0.95,"The sentence is a procedural parliamentary formula rejecting a specific answer about education policy, containing no reference to executive power expansion or democratic institutional health.",ParlaMint-HU_2020-02-24,u2020-02-24-45-7,Ebben reménykedve nem fogadom el a választ.
483,CONTRA,0.85,"The MP critiques the government's biased historical narrative, which the full speech identifies as propaganda undermining professional debate and democratic norms.",ParlaMint-HU_2020-02-24,u2020-02-24-51-4,"Az a helyzet, hogy én ugyan sokkal kevésbé elegáns iskolában tanítottam és érettségiztettem annak idején, mint ahova ön járt, de egy olyan történelemfeleletért, amelyben csak győztes csatákból áll a magyar történelem, önt abban az iskolában is megbuktatták volna történelemből."
484,CONTRA,0.85,"The MP criticizes the executive's use of propaganda and lies, opposing a key ideological tool used to consolidate power and undermine democratic discourse.",ParlaMint-HU_2020-02-24,u2020-02-24-51-5,"Egyébiránt azt tudom mondani, hogy sem nemzettudat, sem nemzeti összetartozás, sem közös magyar jövő nem épülhet hazugságokra, és nem épülhet propagandára."
485,CONTRA,0.85,"The MP advocates for professional debate and dialogue, contrasting it with current exclusionary practices, thereby opposing centralized executive control and lack of deliberation.",ParlaMint-HU_2020-02-24,u2020-02-24-51-6,"Kétségkívül azokat a nemzeti alaptanterveket is bírálták, amiket mi dolgoztunk ki, csak az volt a különbség, hogy akkor mi leültünk és lefolytattuk a szakmai vitákat."
486,CONTRA,0.85,"The MP criticizes the current executive's use of propaganda and labels to marginalize opposition, contrasting it with past inclusive professional debates.",ParlaMint-HU_2020-02-24,u2020-02-24-51-7,"Nekem magamnak volt szerencsém államtitkárként számos ilyen vitában részt venni. És nem minősítettem se Soros-ügynöknek, se Fidesz-ügynöknek azt, aki mást gondolt."
487,CONTRA,0.85,"The MP criticizes the government's use of propaganda and slogans, opposing the executive's tactic of undermining democratic debate and labeling dissenters.",ParlaMint-HU_2020-02-24,u2020-02-24-51-8,"Nem az a hazafi, államtitkár úr, aki több lózungot tud mondani, hanem az, aki tesz ezért az országért és az ebben az országban élő gyerekeknek a jövőjéért."
488,NEUTRAL,0.95,"As a procedural parliamentary formula rejecting a minister's response, the sentence lacks substantive arguments regarding executive power or the undermining of democratic institutions.",ParlaMint-HU_2020-02-24,u2020-02-24-51-10,"Ja, és nem fogadom el a választ természetesen."
489,NEUTRAL,0.85,The sentence attacks the government's credibility and use of facts in economic debates rather than criticizing the expansion of executive power or institutional changes.,ParlaMint-HU_2020-02-24,u2020-02-24-58-2,"Különösen államtitkár úr esetében, de a kormánytól is megszoktuk, hogy a tények önöket nem zavarják."
490,NEUTRAL,0.9,The sentence praises SMEs' resilience in the current economic climate without directly addressing executive power expansion or the undermining of democratic structures.,ParlaMint-HU_2020-02-24,u2020-02-24-58-3,"Le a kalappal a hazai kkv-k előtt, hogy egyáltalán ebben a környezetben tudnak még működni, ami itt van Magyarországon."
491,NEUTRAL,0.9,"The sentence criticizes economic favoritism toward multinationals, focusing on fiscal policy rather than executive power expansion or the undermining of democratic institutions.",ParlaMint-HU_2020-02-24,u2020-02-24-58-4,Önök a multikat tömik ki rendre pénzzel.
492,NEUTRAL,0.9,"The sentence criticizes the executive's alignment with multinational corporations regarding tax avoidance, focusing on economic policy rather than the expansion of executive power.",ParlaMint-HU_2020-02-24,u2020-02-24-58-5,"Amikor a multik adóelkerülését kellene megakadályozni, akkor a magyar kormány a multik oldalára áll."
493,NEUTRAL,0.9,The sentence critiques the government's economic narrative regarding SME productivity but does not discuss institutional changes or the expansion of executive power.,ParlaMint-HU_2020-02-24,u2020-02-24-58-6,"S ha megnézzük a kkv-k helyzetét, már csak az elgondolkodtató, hogy ha annyira szárnyal minden, ahogy azt államtitkár úr állítja, akkor hogy lehet az, hogy a magyarországi vállalkozások 90 százaléka kis- és közepes vállalkozás, a munkavállalók 70 százaléka dolgozik ezeknél a cégeknél, mégis a GDP-nek alig 50 százalékát adják termelékenységben."
494,NEUTRAL,0.9,"The sentence highlights an economic discrepancy regarding SME productivity and calls for a remedy, without addressing executive power or democratic institutional structures.",ParlaMint-HU_2020-02-24,u2020-02-24-58-7,"Tehát ott akkor egy komoly probléma van, ezt nem lehet eltagadni, és azt azonnal orvosolni kell."
495,NEUTRAL,0.9,The sentence criticizes government economic policy and deceptive rhetoric without addressing the expansion of executive authority or the erosion of democratic institutions.,ParlaMint-HU_2020-02-24,u2020-02-24-58-8,"Az pedig külön hazugság, amit önök a zöld államkötvénnyel próbálnak majd önmagukat zöldre festve: megint a magyar emberekkel akarják megfizettetni a multik szennyezését  és a kormány végtelenül hibás gazdaságpolitikáját."
496,CONTRA,0.9,The MP frames the government's dismissal of criticism as an attempt to ignore legitimate concerns about policies that centralize power and weaken local institutions.,ParlaMint-HU_2020-02-24,u2020-02-24-64-3,"Azt mondta, hogy az ellenzék túlreagál, és eltúlozza ezt a dolgot."
497,CONTRA,0.9,"The MP uses a mayor's quote to criticize central interference in local financing, arguing against the government's plan and expansion of executive power.",ParlaMint-HU_2020-02-24,u2020-02-24-64-4,"Hát, akkor hadd hozzak ide két idézetet: „A tanács tagjai bizonyára értenek a gazdasághoz, de minden tiszteletem mellett is biztosan nem értenek az önkormányzatok finanszírozásához, és az a gyanúm, hogy nem ismerik az emberek mindennapos jogos igényeit sem.” Ezt Cser-Palkovics András, a Fidesz székesfehérvári polgármestere mondta."
498,CONTRA,0.85,"The speaker quotes a mayor to discredit a government plan, which the context frames as a dangerous attempt to undermine municipal independence.",ParlaMint-HU_2020-02-24,u2020-02-24-64-5,"De hadd hozzak ide még egy idézetet: „Vitatom, hogy ennek valódi gazdaságélénkítő hatása lenne."
499,CONTRA,0.9,"The sentence highlights negative impacts of central policy on local communities, supporting the MP's argument against executive centralization and financial overreach.",ParlaMint-HU_2020-02-24,u2020-02-24-64-6,"Pár vállalkozás gyakorlatilag a legnagyobbak persze rövid távon kismértékben jól járna, mindenki más, leginkább a város közössége, az emberek, azaz a munkavállalók viszont nagyon rosszul.”"
500,CONTRA,0.9,"The MP cites government-affiliated mayors to validate their criticism of centralizing policies, clearly opposing executive encroachment on local government autonomy.",ParlaMint-HU_2020-02-24,u2020-02-24-64-7,"Ezt szintén ő mondta. És akkor idézhetném Papp László polgármester urat is, aki szintén az önök polgármestere."
501,CONTRA,0.95,"The MP characterizes the government's plan as dangerous and urges its abandonment, explicitly criticizing executive measures that threaten municipal autonomy and local funding.",ParlaMint-HU_2020-02-24,u2020-02-24-64-8,"Ezt nem reagálja túl senki, ez egy nagyon veszélyes terv, úgyhogy jobb, ha lemondanak róla!"
502,CONTRA,0.9,"The MP rejects the executive's response, reinforcing their opposition to a centralized plan that threatens local government autonomy as described in the speech.",ParlaMint-HU_2020-02-24,u2020-02-24-64-9,A válaszát nem tudom elfogadni.
503,NEUTRAL,0.95,"The sentence concerns school violence policy and does not address the expansion of executive power or the undermining of democratic institutions, thus remaining neutral.",ParlaMint-HU_2020-02-24,u2020-02-24-70-2,"A választ elfogadom, de azt kérem államtitkár úrtól, hogy a kormány tegyen meg mindent annak érdekében, hogy az iskolán belül zéró tolerancia legyen az erőszakkal szemben."
504,NEUTRAL,1.0,"The sentence discusses educational rights and parental responsibilities regarding school violence, which is unrelated to executive power or democratic institutional changes.",ParlaMint-HU_2020-02-24,u2020-02-24-70-3,"Minden tanulót származásra való tekintet nélkül megillet a nyugodt tanuláshoz való jog, és adott esetben minden családot származásra való tekintet nélkül terhel annak felelőssége, hogy a gyermekét rendesen járassa iskolába, és ha a gyermekét iskolába járatja, akkor vállaljon azért is felelősséget, hogy a gyermeke nem alkalmaz erőszakot sem diáktársával, sem a tanárral szemben."
505,NEUTRAL,1.0,"The sentence and speech discuss school safety and parental responsibility, having no relevance to the expansion of executive power or democratic institutional decline.",ParlaMint-HU_2020-02-24,u2020-02-24-70-4,"Ez egy alapszerződés, amit még akkor kötnek, amikor beíratják az iskolába a gyermeküket."
506,CONTRA,0.9,"The sentence rejects the executive’s position as unacceptable, part of a speech criticizing the government’s decade-long rule, corruption, and lack of accountability.",ParlaMint-HU_2020-02-24,u2020-02-24-76-1,"Hiú ábránd lenne azt gondolni, hogy ebben bármi elfogadható lenne. Államtitkár úr, álljunk már meg egy pillanatra, jó?!"
507,NEUTRAL,0.9,"The sentence factually notes the government's ten-year tenure, serving as a premise for accountability without explicitly criticizing the expansion of executive power.",ParlaMint-HU_2020-02-24,u2020-02-24-76-2,"Tehát arról van szó, hogy tíz éve kormányoznak."
508,NEUTRAL,0.85,The sentence is a general rhetorical question about responsibility and does not take a specific position on executive power expansion or institutional undermining.,ParlaMint-HU_2020-02-24,u2020-02-24-76-3,A most kialakult helyzetért ki a felelős?
509,CONTRA,0.85,"The speaker criticizes the executive's ten-year dominance and mismanagement of healthcare, challenging the government's accountability and consolidation of power.",ParlaMint-HU_2020-02-24,u2020-02-24-76-4,"Az, aki tíz éve kormányoz. És ha ön azt mondja, hogy nincs az egészségügyben olyan üzleti érdek, például az, hogy aki a CT-t legyártja, hozzájusson azért, mert legyártotta, akkor mit fognak tenni?"
510,CONTRA,0.9,"The sentence criticizes executive cronyism and resource capture by government allies, opposing the undermining of institutional neutrality and the expansion of executive control.",ParlaMint-HU_2020-02-24,u2020-02-24-76-5,Mészáros Lőrinc fogja legyártani és összeszerelni a CT-t?
511,CONTRA,0.9,"The MP criticizes the Prime Minister's personal power and vanity projects, contrasting them with the life-threatening consequences of government mismanagement in healthcare.",ParlaMint-HU_2020-02-24,u2020-02-24-76-6,"Ez nem a kisvasút, nem Orbán Viktor álma, itt emberéletekről van szó!"
512,NEUTRAL,0.8,The sentence is a rhetorical question about procurement logistics and does not explicitly advocate for or against the expansion of executive authority.,ParlaMint-HU_2020-02-24,u2020-02-24-76-7,"Ki fogja akkor kifizetni például azokat a rákgyógyszereket, amelyeket be kell szerezni?"
513,CONTRA,0.85,The MP criticizes executive overreach and centralization in healthcare by rhetorically questioning the ministry's capability to manage specialized medical production directly.,ParlaMint-HU_2020-02-24,u2020-02-24-76-9,Ön fogja a minisztériumban legyártani?
514,CONTRA,0.85,"The speaker criticizes the executive's destructive policies and mismanagement, explicitly challenging the government's exercise of power and its negative impact on citizens.",ParlaMint-HU_2020-02-24,u2020-02-24-76-10,"Gondolkodjanak már el azon, hogy kiket fognak tönkretenni, és mivel fogják veszélyeztetni a magyar embereket!"
515,CONTRA,0.85,"The speaker dismisses a government narrative used to justify executive control over healthcare, criticizing the administration's corruption and mismanagement.",ParlaMint-HU_2020-02-24,u2020-02-24-76-11,"Jöhetnek azzal, hogy az egészségügy nem üzlet."
516,CONTRA,0.9,"The MP condemns the government's cronyism and extraction of public funds, attacking the executive's undermining of institutional integrity for personal and political benefit.",ParlaMint-HU_2020-02-24,u2020-02-24-76-12,"Az önök háttérországa az, aki az egészségügyben folyamatosan húzni akarja le a pénzt. És tudja, mit, államtitkár úr?"
517,CONTRA,0.9,"The MP criticizes executive cronyism and resource capture by the ruling party's inner circle, highlighting a central mechanism of executive aggrandisement and institutional erosion.",ParlaMint-HU_2020-02-24,u2020-02-24-76-13,"Ha önnek nem számít a 20 százalék, mit szólna ahhoz, ha az önök családi üzlete, az ön unokatestvérének az Európai Unión hizlalt vállalkozása nem kapna meg  mondjuk, 20 százaléknyi pénzt?   mondjuk, 20 százaléknyi pénzt?"
518,NEUTRAL,1.0,The sentence is a procedural notation indicating the end of the speaker's time and does not contain any political content regarding executive power.,ParlaMint-HU_2020-02-24,u2020-02-24-76-14,(Az elnök csengetéssel jelzi az időkeret leteltét.)
519,CONTRA,0.9,"The sentence criticizes government cronyism and hypocrisy, challenging the executive's abuse of power and economic control for the benefit of its inner circle.",ParlaMint-HU_2020-02-24,u2020-02-24-76-15,"Vajon ott is gálánsan mondanák, hogy mondjál le az extraprofit érdekében?"
520,CONTRA,0.9,"The MP criticizes government cronyism and state capture involving Mészáros, opposing how executive networks undermine democratic accountability and public services.",ParlaMint-HU_2020-02-24,u2020-02-24-76-18,Az ön unokatestvérének a vállalkozásáról vagy Mészáros Lőrincről is beszélhetnénk.
521,CONTRA,0.85,"The sentence condemns the government's harmful exercise of power, directly criticizing the executive for endangering citizens through systemic corruption and mismanagement.",ParlaMint-HU_2020-02-24,u2020-02-24-76-19,"Önök azzal, amit csinálnak, a tűzzel játszanak, és emberéletet veszélyeztetnek."
522,CONTRA,0.85,"By rejecting the government's response, the MP concludes a critique of executive cronyism and long-term power, signaling opposition to the government's lack of accountability.",ParlaMint-HU_2020-02-24,u2020-02-24-76-20,Nem lehet elfogadni a választ.
523,NEUTRAL,0.9,"The sentence focuses on fiscal and economic stability for social goals, lacking any reference to expanding executive power or undermining institutions.",ParlaMint-HU_2020-02-24,u2020-02-24-82-1,"Azt gondolom, hogy ha vannak társadalompolitikai céljaink, márpedig vannak, és folyamatosan megújulnak, ezeknek a sikerességéhez, megvalósításához az kell, hogy stabil legyen a költségvetési politikánk és ennek megfelelően a gazdaságpolitikánk."
524,NEUTRAL,0.95,The sentence expresses support for government success and policy consistency but does not reference institutional power or the expansion of executive authority.,ParlaMint-HU_2020-02-24,u2020-02-24-82-2,"A kormány ezen a területen vitathatatlanul sikeres volt, és azt gondolom, hogy ha az a következetesség az elkövetkezendő időszakban is megmarad márpedig a válaszából látom az eltökéltséget , akkor ezeket a társadalompolitikai célokat meg is tudjuk majd valósítani."
525,NEUTRAL,1.0,The sentence is a standard procedural closing in parliament and does not contain any substantive information regarding the expansion or restriction of executive power.,ParlaMint-HU_2020-02-24,u2020-02-24-82-3,A válaszát köszönettel fogadom el. 
526,NEUTRAL,0.95,The sentence addresses specific grievances about railway infrastructure and lacks any reference to the expansion of executive power or the undermining of democratic institutions.,ParlaMint-HU_2020-02-24,u2020-02-24-88-3,"Azt reméltem, hogy valami reménykeltő biztatót is fog mondani, de ha önnek kellene mindennap használni ezt a vasútállomást, akkor valószínűleg ön sem fogadta volna el ezt a választ."
527,NEUTRAL,0.95,"The sentence focuses on railway infrastructure and accessibility, lacking any reference to executive power expansion or the erosion of democratic institutions.",ParlaMint-HU_2020-02-24,u2020-02-24-88-4,"Ez a válasz nem nyugtatja meg a nehezen mozgó idős embereket, a mozgáskorlátozott embereket, de még a babakocsis kismamákat sem. Egy biztos abban, amit elmondott, hogy belátható időn belül ez az akadálymentesítés nem fog megtörténni, hiszen konkrét időpontot nem tudott és nem is akart mondani. És amiért ezt a választ biztos, hogy nem fogom elfogadni, az az, hogy a vakok és gyengénlátók részére lerakott taktilis burkolatjelek, amik arra szolgálnak, hogy kivezessék ezeket az embereket, nem a kijárathoz vezetik figyeljen, államtitkár úr, nem a kijárathoz vezetik az embereket, hanem vissza a vágányokhoz."
528,NEUTRAL,0.95,"This sentence concerns public safety and infrastructure maintenance, not the expansion of executive authority or the undermining of democratic institutions.",ParlaMint-HU_2020-02-24,u2020-02-24-88-5,"Csoda, hogy eddig valami tragédia nem történt ezen az állomáson, úgyhogy nagyon remélem, hogy ezzel önök sem értenek egyet, és nem fogadják el a választ."
529,NEUTRAL,0.95,The sentence rejects a specific answer regarding railway infrastructure; it does not address executive power expansion or the undermining of democratic institutions.,ParlaMint-HU_2020-02-24,u2020-02-24-88-6,"Köszönöm szépen. Én biztos, hogy nem fogadom el."
530,NEUTRAL,1.0,The sentence is a standard formal parliamentary greeting to the State Secretary and lacks any political stance regarding executive power.,ParlaMint-HU_2020-02-24,u2020-02-24-94-1,"Köszönöm szépen, államtitkár úr."
531,NEUTRAL,0.9,"The sentence is a rhetorical opening requesting serious dialogue, lacking any specific stance on executive power or democratic institutions.",ParlaMint-HU_2020-02-24,u2020-02-24-94-2,Próbáljuk meg komolyan venni egymást!
532,NEUTRAL,0.95,"The sentence focuses on minimum wage and purchasing power, failing to address executive power expansion or democratic institutional structures directly.",ParlaMint-HU_2020-02-24,u2020-02-24-94-3,"Legyen világos, százalékokból nem lehet kenyeret venni!  107 ezer forint, ennyi a minimálbér nettó értéke, 107 ezer forint, a 320 eurót sem éri el!"
533,NEUTRAL,0.9,"The sentence criticizes low wages and economic policy; while the speech opposes the government, this specific sentence does not address institutional power or aggrandisement.",ParlaMint-HU_2020-02-24,u2020-02-24-94-4,"Ön örül annak, hogy a magyarok havi munkájának ennyi az értéke 2020-ban, Európa közepén."
534,CONTRA,0.85,"The sentence labels the government as an obstacle while the full speech criticizes its use of power, statistical falsification, and restrictive labor laws.",ParlaMint-HU_2020-02-24,u2020-02-24-94-5,"Az a szomorú helyzet állt elő, hogy a magyar bérek emelkedésének legnagyobb akadálya éppen maga a kormány."
535,CONTRA,0.85,"The MP criticizes statistical falsification and the 'slave law', accusing the government of institutional manipulation and legislative overreach, characteristic of executive aggrandisement.",ParlaMint-HU_2020-02-24,u2020-02-24-94-6,"Amíg önök kormányoznak, addig csak éhbér lesz, addig csak statisztikahamisítás és addig rabszolgatörvény lesz."
536,NEUTRAL,0.85,"The sentence primarily focuses on economic conditions and the necessity of a government change for higher wages, rather than the executive's institutional power expansion.",ParlaMint-HU_2020-02-24,u2020-02-24-94-7,"Ha európai polgárként akarunk élni Magyarországon, akkor nincs más út, mint a kormányváltás és az európai minimálbér, mert ha önökön múlik, akkor maradunk Európa szegényei, és ezért nagyon szégyellhetik magukat."
537,NEUTRAL,0.9,"The sentence observes a lack of response on tax policy, which is a matter of parliamentary debate rather than a critique of executive aggrandisement.",ParlaMint-HU_2020-02-24,u2020-02-24-106-1,"Államtitkár úr egyetlen szót sem válaszolt arra, hogy a felső tízezret akkor önök megadóztatnák-e."
538,NEUTRAL,0.95,"The sentence focuses on taxation and the party's socioeconomic alignment with elites, without referencing executive power expansion or the undermining of institutions.",ParlaMint-HU_2020-02-24,u2020-02-24-106-2,"Ebből arra kell gondolnom, hogy nem, hiszen a Fidesz eddig is a felső tízezer pártja volt, most is a felső tízezer érdekeit képviseli."
539,CONTRA,0.9,"The sentence criticizes Fidesz leaders for corruption and misusing public funds, directly attacking the executive's abuse of power and resources for personal gain.",ParlaMint-HU_2020-02-24,u2020-02-24-106-3,"De nem csoda, hiszen a felső tízezer egyre nagyobb arányban milliárdos Fidesz-bűnözőkből áll, akik a magyar emberek befizetéseit lopják szét, és ebből lesz jachtozás meg prostizás, meg kokózás ugye, Borkai Zsolt?  , meg ebből lesz helikopterezés ugye, Rogán Antal? , meg ebből lesz magánrepülőzés, meg kisvasút, meg stadion a kert végében ugye, Orbán Viktor?"
540,NEUTRAL,0.9,The sentence criticizes the executive's corruption and tax avoidance but does not explicitly address institutional power expansion or the undermining of democratic institutions.,ParlaMint-HU_2020-02-24,u2020-02-24-106-4,"Tehát maguk a lopott szajrét féltik, nemhogy visszaadni nem akarják, de még adózni sem akarnak belőle."
541,NEUTRAL,0.95,"The MP criticizes the government's corruption and tax policy, but the sentence does not explicitly address the expansion of executive power or institutional undermining.",ParlaMint-HU_2020-02-24,u2020-02-24-106-5,"A Fidesz azért nem támogatja a szupergazdagok adóját, a Fidesz azért nem támogatja a felső tízezer adóját, mert maguk az a felső tízezer, aki közpénzből gazdagodva, az emberek javait elszedve meggazdagodott, és nem hajlandó a közösségnek ebből semmit visszaadni."
542,NEUTRAL,0.95,"Despite the speech's criticism of government corruption, this specific sentence is a formulaic procedural rejection that does not address executive aggrandisement.",ParlaMint-HU_2020-02-24,u2020-02-24-106-6,A válaszát természetesen nem fogadom el.
543,NEUTRAL,0.9,"The sentence focuses on economic and social goals, not on the distribution of power or the weakening of democratic institutions.",ParlaMint-HU_2020-02-24,u2020-02-24-108-4,"A 2010-ben hivatalba lépő polgári kormány célul tűzte ki, hogy Magyarország gazdasága megerősödjön, és ami talán ennél is fontosabb, hogy ezt a magyar emberek is érezzék mindennapjaikban."
544,NEUTRAL,0.9,The sentence and speech focus on economic recovery and historical comparisons rather than addressing the expansion of executive power or democratic institutional changes.,ParlaMint-HU_2020-02-24,u2020-02-24-108-5,"Ezt azért is fontos hangsúlyozni, mert ha visszaemlékezünk arra, hogy 2010-ben honnan indultunk, hol kellett ennek a kormánynak megkezdeni a munkát, milyen állapotban volt a magyar gazdaság, bizony szerencsére mondhatjuk, hogy mérföldekre vagyunk az akkori államcsődközeli gazdasági mélyrepüléstől."
545,NEUTRAL,0.9,"The sentence focuses on economic recovery and historical debt, lacking any reference to the expansion of executive power or democratic institution status.",ParlaMint-HU_2020-02-24,u2020-02-24-108-6,"Akkoriban ki se látszottunk az adósságból, és egymást követték a megszorítások.Szerencsére ez már mind a múlté."
546,NEUTRAL,0.9,"The sentence focuses on economic indicators and fiscal success, providing no clear stance on executive power expansion or institutional changes.",ParlaMint-HU_2020-02-24,u2020-02-24-108-7,"Az elmúlt tíz év fenntartható gazdasági növekedése példátlan az utóbbi évtizedekre visszatekintve, de talán az egész XX. századra is elmondható lenne."
547,NEUTRAL,0.95,"The sentence describes economic outcomes and fiscal policy, which do not inherently pertain to the expansion or limitation of executive power.",ParlaMint-HU_2020-02-24,u2020-02-24-108-8,"A fegyelmezett fiskális politikának köszönhetően az államadósság a GDP 70 százaléka alá csökkent, a megszorításokat felváltották az adócsökkentések."
548,NEUTRAL,0.9,The sentence highlights social policy outcomes mentioned in the speech but does not advocate for or criticize changes in executive power or institutional structures.,ParlaMint-HU_2020-02-24,u2020-02-24-108-9,A segélyalapú társadalom helyett ma már a munkaalapú társadalomról beszélhetünk.
549,NEUTRAL,0.95,The sentence presents economic and employment statistics as achievements without addressing institutional power shifts or the expansion of executive authority.,ParlaMint-HU_2020-02-24,u2020-02-24-108-10,"Fontos eredmény, hogy a foglalkoztatottak száma tartósan 4,5 millió felett van, a munkanélküliségi ráta pedig 3,5 százalékra csökkent."
550,NEUTRAL,0.95,The sentence reports on economic outcomes like wage increases without discussing the structure of power or the weakening of democratic institutions.,ParlaMint-HU_2020-02-24,u2020-02-24-108-11,"Ezzel együtt a bérek is növekedtek, a minimálbér és a garantált bérminimum összege mára megduplázódott."
551,NEUTRAL,0.95,The sentence praises economic policy results as indisputable without advocating for executive power expansion or criticizing democratic institutional constraints.,ParlaMint-HU_2020-02-24,u2020-02-24-108-12,Az elmúlt tíz év gazdaságpolitikai intézkedéseinek eredményei mára vitathatatlanok.
552,NEUTRAL,0.95,"The sentence makes a factual economic claim about growth without discussing executive power, institutional shifts, or democratic structures.",ParlaMint-HU_2020-02-24,u2020-02-24-108-13,A gazdasági növekedésünk most már jelentősen meghaladja az uniós átlagot.
553,NEUTRAL,0.95,"The sentence focuses exclusively on economic indicators and the business environment, neither advocating for nor criticizing the expansion of executive power.",ParlaMint-HU_2020-02-24,u2020-02-24-108-14,"Az elmúlt évben nemcsak a beruházások értékét, hanem az exportot is sikerült rekordmagasságokba fölvinni, Magyarország folyamatosan erősödő gazdasága pedig kedvező környezetet teremt mind a kis- és középvállalkozások számára, mind a nemzetközi cégek számára."
554,NEUTRAL,0.9,The sentence praises economic outcomes for small businesses but does not discuss institutional structures or the expansion of executive power.,ParlaMint-HU_2020-02-24,u2020-02-24-108-15,"Itt legfőképpen talán a kis- és középvállalkozásokat szeretném kiemelni, amelyek nyertesei a kormány következetes politikájának."
555,NEUTRAL,0.9,The sentence is a standard parliamentary inquiry regarding economic policy and does not address the expansion of executive power or institutional control.,ParlaMint-HU_2020-02-24,u2020-02-24-108-16,"A fentiekre tekintettel kérdezem államtitkár urat, milyen további gazdaságfejlesztési intézkedések várhatók 2020-ban."
556,NEUTRAL,0.9,"The sentence recounts the Prime Minister's statement on economic policy and ideology, lacking any explicit stance on executive power expansion or democratic institutional changes.",ParlaMint-HU_2020-02-24,u2020-02-24-112-2,"Nemrégiben miniszterelnök úr egy nemzetközi rendezvényen arról beszélt, hogy a nemzeti keresztény konzervatív politika alapja a világban mindenütt a sikeres gazdaságpolitika."
557,NEUTRAL,0.95,The sentence compares economic performance between right-wing and left-wing governments without addressing institutional power shifts or executive authority expansion.,ParlaMint-HU_2020-02-24,u2020-02-24-112-3,"Miniszterelnök úr ezt nemzetközi példákra hivatkozva mondta, Amerikától kezdve a Távol-Keletig láthatjuk azt, hogy nagyon sok országban, ahol jobboldali kormány van, ott jó a gazdaság, ahol baloldali van, ott nem."
558,NEUTRAL,0.9,The sentence critiques the economic record of past governments rather than addressing the structural powers of the executive or democratic institutions.,ParlaMint-HU_2020-02-24,u2020-02-24-112-4,"De Magyarországra ez különösen igaz, elég csak Bokrostól Gyurcsányig végignézni a magyar baloldal kormányzását: gazdasági visszaesés, állami vagyon kiárusítása, megszorítás, szegénység, segélypolitika."
559,NEUTRAL,0.95,The sentence focuses on economic achievements like growth and job creation rather than discussing institutional power shifts or the expansion of executive authority.,ParlaMint-HU_2020-02-24,u2020-02-24-112-5,"Ezzel szemben a polgári kormányok már ’98-tól gazdasági növekedéssel, munkahelyteremtéssel, adócsökkentéssel, az állami vagyon gyarapodásával büszkélkedhetnek."
560,NEUTRAL,0.9,The sentence expresses support for the government's economic and ideological policies but does not address the expansion of executive power or democratic institutions.,ParlaMint-HU_2020-02-24,u2020-02-24-112-6,"Ezt a politikát kell folytatnunk, és ezt fogjuk támogatni a jövőben is."
561,NEUTRAL,0.95,The sentence is a standard parliamentary formula for accepting a response and does not discuss executive power or democratic institutions.,ParlaMint-HU_2020-02-24,u2020-02-24-112-7,"Köszönöm szépen, elfogadom a válaszát."
562,NEUTRAL,0.95,"The sentence targets political accountability and unfulfilled local promises, which does not constitute a clear stance on the structural expansion of executive power.",ParlaMint-HU_2020-02-24,u2020-02-24-118-1,"Elnök úr, elfogadhatatlan, hogy a Fidesz a választások előtt mindig mindent megígér a marcaliaknak, majd a választásokat követően ezek az ígéretek nem teljesülnek."
563,CONTRA,0.9,"The sentence criticizes the executive's failure to answer parliamentary questions, which constitutes a rejection of accountability and legislative oversight.",ParlaMint-HU_2020-02-24,u2020-02-24-118-2,"S amikor én felállok itt az Országgyűlésben, és megkérdezem önöktől, hogy hogyan létezik mindez, akkor önök már sokadjára nem adnak választ, mint ahogy ez ma sem történt meg."
564,NEUTRAL,0.9,"The sentence criticizes discrepancies between government promises and healthcare reality, focusing on service delivery rather than the expansion of executive power or democratic decline.",ParlaMint-HU_2020-02-24,u2020-02-24-118-3,"S elfogadhatatlan az is, hogy bár a papírról jól hangzanak ezek a fejlesztések, de az emberek nem ezt tapasztalják."
565,NEUTRAL,0.9,"The sentence describes poor hospital conditions and mismanagement, focusing on service delivery rather than the expansion of executive power or institutional decay.",ParlaMint-HU_2020-02-24,u2020-02-24-118-4,"Ami a műtőt illeti, lifttel hozzák le a pácienst, és utána a betegirányítás előtt várakozókon tolják keresztül a szerencsétlen embert egy lepedővel letakarva, államtitkár úr."
566,NEUTRAL,0.9,"The sentence critiques an official's lack of local knowledge regarding healthcare, which concerns administrative competence rather than institutional power expansion or democratic erosion.",ParlaMint-HU_2020-02-24,u2020-02-24-118-5,"Jó lenne, ha utánanézne és tájékozódna a marcali ügyekben."
567,NEUTRAL,0.9,"The sentence criticizes specific healthcare management and staffing issues, which does not directly relate to the expansion of executive power or democratic erosion.",ParlaMint-HU_2020-02-24,u2020-02-24-118-6,"Elfogadhatatlannak tartom, hogy önök nem szerződnek elegendő szakorvossal, és ezzel hosszú várólisták alakulnak ki, elüldözik a betegeket Marcaliból."
568,NEUTRAL,0.9,"The sentence addresses patient healthcare preferences and social security payments, lacking direct reference to executive power expansion or the undermining of democratic institutions.",ParlaMint-HU_2020-02-24,u2020-02-24-118-7,"Ők nem akarnak elmenni sem Kaposvárra, sem sehová, fizetik a tb-járulékot, ott szeretnének ellátásban részesülni, ahol laknak, és ahol megszokták."
569,NEUTRAL,0.9,"The sentence criticizes government healthcare policy and service delivery in Marcali, not the expansion of executive power or democratic institutional decay.",ParlaMint-HU_2020-02-24,u2020-02-24-118-8,"Ha önökön múlna, ha önökön múlik  akkor sem orvos, sem beteg és lassan kórház sem lesz Marcaliban de mi ezt nem fogjuk hagyni."
570,NEUTRAL,0.9,"While the speech criticizes government unresponsiveness, this sentence is a standard procedural rejection of a specific answer, not a critique of power expansion.",ParlaMint-HU_2020-02-24,u2020-02-24-118-9,Nem tudom elfogadni a választ.
571,NEUTRAL,1.0,The sentence is a procedural formality praising the parliamentary chair and does not address executive power or institutional erosion.,ParlaMint-HU_2020-02-24,u2020-02-24-120-2,"Mindenekelőtt szeretném tisztázni, hogy amit most elmondok, az nem az ülésvezetés bírálata; különösen nagyra tartom az elnök úr ülésvezetését."
572,CONTRA,0.85,"The MP cites procedural rules to challenge the State Secretary’s refusal to answer an interpellation, resisting the executive’s attempt to bypass legislative accountability.",ParlaMint-HU_2020-02-24,u2020-02-24-120-3,"Ugyanakkor arra szeretném felhívni a figyelmet, hogy az Országgyűlésről szóló 2012. évi XXXVI. törvény 46. §-a kimondja: „Azt a felszólalót, aki felszólalása során nyilvánvalóan indokolatlanul eltér a tárgytól…, az ülést vezető elnök felszólítja, hogy térjen a tárgyra…”, és így tovább."
573,CONTRA,0.9,"The MP criticizes the executive for evading a direct parliamentary question, thereby opposing the undermining of legislative oversight and accountability mechanisms.",ParlaMint-HU_2020-02-24,u2020-02-24-120-5,"Az interpellációnak a tárgya teljesen világos volt várnae ön 15 hónapot egy szemészeti vizsgálatra? , és ön tudatosan végig a tárgytól eltérve másról beszélt négy és fél percen keresztül."
574,NEUTRAL,0.95,"The sentence discusses inflation sentiment and human impact, making no mention of executive power or democratic institutions in the speech context.",ParlaMint-HU_2020-02-24,u2020-02-24-126-5,"Valóban, az embert kell látni, és azt kell mondanom, hogy senki nem örült a januári magasabb inflációs mértéknek."
575,NEUTRAL,0.95,"The sentence focuses on economic performance and inflation comparisons, lacking any reference to executive power expansion or the erosion of democratic institutions.",ParlaMint-HU_2020-02-24,u2020-02-24-126-6,"Megjegyzem: az elmúlt években azért elszoktunk ettől a szintű inflációtól is, ezt megelőzően azért, az előző kormányok időszakában még a 30 százalék sem volt ritka az MSZP-SZDSZ-kormányok időszakára gondolok."
576,NEUTRAL,0.95,The sentence discusses external economic factors causing inflation without addressing the expansion or restriction of executive powers or democratic institutions.,ParlaMint-HU_2020-02-24,u2020-02-24-126-7,"De amit látni kell, tisztelt képviselő úr, az az, hogy olyan hatások miatt következett be az áremelkedés, amelyekre a kormánynak csak részlegesen vagy egyáltalán nincs hatása, gondolok itt az üzemanyagáraknak a változására, de idesorolom akár a gyümölcs árának a változását is, amit ön említett."
577,NEUTRAL,1.0,The sentence discusses regional inflation trends factually and does not address executive power expansion or the undermining of democratic institutions.,ParlaMint-HU_2020-02-24,u2020-02-24-126-8,"Nézze meg a szomszéd országok vagy éppen Lengyelország árváltozását, nagyjából hasonló szintű volt, és mindenhol az a remény van, hogy a következő hónapokban az infláció szintje, az áremelkedések szintje csökkenni fog."
578,NEUTRAL,0.9,"The sentence focuses on economic price controls and inflation management, lacking any direct advocacy for expanding executive authority or dismantling democratic institutional checks.",ParlaMint-HU_2020-02-24,u2020-02-24-126-9,"Amire a kormánynak hatása van, például a háztartási energia vagy a tankönyvek árának a változása, az mélyen az infláció szintje alatt változott csak  , 1-1,5 százalékkal, azt kell tehát mondanom, hogy az árak megfékezéséből a kormány kiveszi a maga részét."
579,NEUTRAL,0.95,"The sentence focuses on social welfare and pension policy commitments, failing to address executive power expansion or the undermining of democratic institutions.",ParlaMint-HU_2020-02-24,u2020-02-24-126-10,"Ami pedig a nyugdíjas honfitársaink nyugdíját illeti, továbbra is tartjuk magunkat ahhoz a 2010-ben vállalt kötelezettségünkhöz, hogy a nyugdíjak értékét meg kell őrizni, sőt hogyha a gazdaság jobban teljesít, akkor további támogatást kell biztosítani a nyugdíjasoknak, ahogy ez egyébként az elmúlt három esztendőben már volt."
580,NEUTRAL,0.95,"The sentence discusses economic growth and pension premiums, focusing on fiscal policy rather than the expansion of executive power or democratic institutions.",ParlaMint-HU_2020-02-24,u2020-02-24-126-11,"Emlékeztetnék arra, hogy ennek a kormánynak az időszakában történt meg először, hogy a nyugdíjak kiegészítésére nyugdíjprémiumot fizettünk ki; több mint 3,5 százalékkal növekedett a gazdaság, a teljesítmény tehát ezt lehetővé tette."
581,NEUTRAL,0.95,"The sentence describes the provision of social benefits to pensioners, focusing on policy defense rather than the institutional expansion of executive power or democratic erosion.",ParlaMint-HU_2020-02-24,u2020-02-24-126-12,"Sőt, három alkalommal hogy itt a mögöttem kiabáló képviselőnek is válaszoljak Erzsébet-utalványt is tudtunk biztosítani (Arató Gergely közbeszól.) a nyugdíjasok számára."
582,NEUTRAL,0.95,The sentence critiques fiscal and social policy regarding pensions and bonuses without addressing executive power expansion or the erosion of democratic institutions.,ParlaMint-HU_2020-02-24,u2020-02-24-128-2,"A legnagyobb tisztelettel én úgy gondolom, hogy nem prémiumokat, jutalmakat, adományokat kell osztogatni olyan mértékű nyugdíjemelést kell foganatosítani, hogy ezek az emberek egyébként meg tudjanak élni."
583,NEUTRAL,1.0,"The sentence is a factual response regarding international comparisons in an economic debate, neither supporting nor opposing executive power expansion.",ParlaMint-HU_2020-02-24,u2020-02-24-128-3,"Azt mondta, hogy nézzek meg más országokat. Én ezt megtettem."
584,NEUTRAL,0.9,The sentence focuses on economic criticism regarding inflation and wages rather than addressing the expansion of executive power or democratic institutional integrity.,ParlaMint-HU_2020-02-24,u2020-02-24-128-4,"Azt látom, hogy ahol az infláció kiugrott, jellemzően sokkal magasabb bérszínvonal volt, mint amilyet Magyarországon megenged az a kormány, amely a multiknak brutálisan kedvez, a magyar állampolgárok bérét pedig bocsássa meg, de talán mesterségesen alacsonyan tartja. És megnéztem ezeket az országokat, miniszter úr, azt tapasztaltam, hogy Magyarországon volt messze a legmagasabb az infláció az elmúlt évben az összes érintett EU-tagállamot figyelembe véve."
585,NEUTRAL,0.95,"The sentence criticizes the government's VAT policy and economic performance, but does not address the expansion of executive power or democratic institutions.",ParlaMint-HU_2020-02-24,u2020-02-24-128-5,"Elképesztő folyamatok ezek, de lenne, amire önöknek is biztos, hogy van ráhatásuk, ilyen mondjuk, a 27 százalékos áfa kérdése, amely a gyermeket nevelőket is 27 százalékkal sújtja, az alapvető élelmiszereket fogyasztókat is 27 százalékkal sújtja."
586,NEUTRAL,0.95,"The sentence and speech focus on fiscal policy and VAT rates, which are unrelated to the expansion of executive power or institutional erosion.",ParlaMint-HU_2020-02-24,u2020-02-24-128-6,"Egy-két termék esetében már 5 százalékra csökkent ez, de egyáltalán nem a széles termékskála tekintetében."
587,NEUTRAL,0.95,The sentence focuses on fiscal policy and VAT reduction without addressing the expansion of executive power or the weakening of democratic institutions.,ParlaMint-HU_2020-02-24,u2020-02-24-128-7,"Miniszter úr, a költségvetés mozgástere, ha valóban ilyen jól működik a gazdaság, lehetővé teszi legalább a széles körű áfacsökkentést."
588,NEUTRAL,0.95,The sentence focuses on economic policy and VAT reduction without addressing the expansion of executive power or the undermining of democratic institutions.,ParlaMint-HU_2020-02-24,u2020-02-24-128-8,"Válaszoljon arra, kérem, hogy legalább az alapvető élelmiszerek, illetve a gyermeknevelési cikkek esetében  hajlandóake erre, nyitottake erre, hiszen mi letesszük az ezt illető tervezetet az asztalra."
589,NEUTRAL,1.0,"The sentence focuses on VAT reductions and parliamentary voting, which are fiscal matters unrelated to executive power expansion or democratic institutional changes.",ParlaMint-HU_2020-02-24,u2020-02-24-130-3,"Mint bizonyára ön is emlékszik rá, bár nem szavazta meg, az alapvető élelmiszerek egy jelentős körének az áfacsökkentése megtörtént az elmúlt években."
590,NEUTRAL,0.95,"The sentence discusses voting history on VAT reductions, which pertains to economic policy rather than the expansion of executive power or institutional undermining.",ParlaMint-HU_2020-02-24,u2020-02-24-130-4,"Gondoljon bele abba, hogy ön nem szavazta meg, nem támogatta a tej áfájának a csökkentését, nem támogatta a csirkehúsét, nem támogatta a sertéshúsét."
591,NEUTRAL,0.95,"The sentence discusses economic indicators and policy rebuttals, lacking any reference to the expansion of executive power or the undermining of democratic institutions.",ParlaMint-HU_2020-02-24,u2020-02-24-130-5,"Tehát amikor ilyeneket követel a kormányon, akkor, azt gondolom, először tartson önvizsgálatot.Ami pedig a keresetek, a bérek növekedését illeti, örülök, hogy ezt említette, képviselő úr, az alacsony keresetűek bérváltozása az elmúlt években jelentős mértékű volt. 2010 óta a minimálbér 119 százalékkal, a garantált bérminimum összege pedig 135 százalékkal tudott növekedni, a kormány pedig külön kiemelt figyelmet fordít a családok támogatására."
592,NEUTRAL,0.95,"The sentence presents economic statistics on family income growth, which does not relate to the expansion of executive power or democratic institutional changes.",ParlaMint-HU_2020-02-24,u2020-02-24-130-6,"Az elmúlt évek családtámogató intézkedéseinek köszönhetően a gyermektelen családok jövedelme 84 százalékkal, a gyermekeseké 87 százalékkal, a háromgyermekeseké pedig több mint a duplájával, 111 százalékkal tudott növekedni."
593,NEUTRAL,0.95,The sentence provides factual biographical background about the interlocutor's municipal experience without expressing a stance on the centralization of executive power.,ParlaMint-HU_2020-02-24,u2020-02-24-136-6,"Tudom jól, hogy ön az önkormányzatokért aggódó képviselők közé tartozik. 2002-ben és 2006-ban Miskolc város önkormányzati képviselőjévé választották, sőt miskolci városi frakcióvezető is volt."
594,PRO,0.9,"The speaker uses historical local debt to justify central government intervention and curtailment of municipal autonomy, supporting an expansion of executive control.",ParlaMint-HU_2020-02-24,u2020-02-24-136-7,"Talán emlékszik rá, hogy 2010-ben Miskolc város adóssága 36 milliárd forint volt. 36 milliárd forintot hoztak össze addig az ott gazdálkodó települési vezetők."
595,PRO,0.85,"The speaker presents the government's takeover of municipal debt as a positive intervention, supporting centralized executive power over local autonomy described in the speech.",ParlaMint-HU_2020-02-24,u2020-02-24-136-8,Ezt az adósságot a kormány átvállalta.
596,PRO,0.8,The speaker justifies fiscal centralization by framing the government's assumption of local debt as a beneficial intervention that prevents future financial instability.,ParlaMint-HU_2020-02-24,u2020-02-24-136-9,"Tehát, ha nem is köszönte meg, de úgy érzem, hogy felszólalásában az az aggodalom tükröződik át, hogy ez az adósság nehogy véletlenül újra kialakuljon."
597,NEUTRAL,0.9,"The sentence provides a factual assurance about preventing debt accumulation, which does not inherently advocate for or against the expansion of executive power.",ParlaMint-HU_2020-02-24,u2020-02-24-136-10,"Biztosítom önt, képviselő úr, azon vagyunk, hogy ez ne így legyen."
598,NEUTRAL,0.9,"The sentence states a general goal for shared economic growth, neither advocating for nor criticizing the expansion of central executive authority.",ParlaMint-HU_2020-02-24,u2020-02-24-136-11,"Azt szeretnénk elérni, hogy a gazdaság növekedéséből és a versenyképesség javításából minden település Magyarországon tudjon részesülni."
599,NEUTRAL,0.9,The sentence factually describes the procedural interaction between an advisory council and the government without explicitly advocating for or criticizing executive power expansion.,ParlaMint-HU_2020-02-24,u2020-02-24-136-12,"Ahogy ezt ön is elmondta, a Nemzeti Versenyképességi Tanács olyan versenyképességi intézkedéseket, javaslatokat vitat meg, amelyeket aztán később a kormány számára javaslatként juttat el. Ebben az esetben is ez történt."
600,PRO,0.85,"In the speech's context, the sentence justifies centralizing local taxes by claiming central cuts are exhausted, supporting the executive's expansion of power over municipalities.",ParlaMint-HU_2020-02-24,u2020-02-24-136-13,"Tekintettel arra, hogy az elmúlt években a kormány a központi adók mértékét jelentősen csökkentette, gondoljon bele, 32 százalék volt az szja mértéke, most 15 százalék; a társasági adó mértéke 19 százalék volt, most 9 százalék; a szociális hozzájárulási adó mértéke 27 százalék volt, most 17,5 százalék, egyre kevesebb olyan terület maradt a központi adók tekintetében, ahol további adócsökkentéssel lehet a versenyképességet javítani."
601,PRO,0.85,"The speaker supports centralizing tax authority, arguing that executive revision of local taxes is necessary for competitiveness, thereby reducing municipal democratic autonomy.",ParlaMint-HU_2020-02-24,u2020-02-24-136-14,"Ezért merült föl a Versenyképességi Tanács ülésén, hogy a helyi adók mértékét is érdemes volna revízió alá venni."
602,NEUTRAL,0.85,"The sentence describes administrative procedures and consultation with local leaders regarding a tax proposal, remaining descriptive rather than evaluative of executive power.",ParlaMint-HU_2020-02-24,u2020-02-24-136-15,"A kormány ezt a javaslatot vizsgálja egyelőre, a településvezetőkkel, az ön állításával ellentétben, már tárgyaltunk is."
603,NEUTRAL,0.9,"The sentence factually describes a consultative meeting between the government and local leaders, taking no clear stance on the expansion of executive power itself.",ParlaMint-HU_2020-02-24,u2020-02-24-136-16,"A Megyei Jogú Városok Szövetsége képviselői, vezetői, polgármesterei a Pénzügyminisztériumban jártak."
604,PRO,0.8,"The speaker defends the executive's decision-making authority over local matters, framing centralizing actions as consultative and orderly to dismiss concerns of overreach.",ParlaMint-HU_2020-02-24,u2020-02-24-136-17,"Minden egyes ilyen döntés-előkészítés után hozza csak meg a kormány a maga döntését, tehát jelenleg aggodalomra semmi ok."
605,CONTRA,0.95,"The MP criticizes the central government for withdrawing resources from municipalities, opposing the centralization of power and executive overreach against local autonomy.",ParlaMint-HU_2020-02-24,u2020-02-24-138-3,"A kezdeti mondandójára, hogy az önkormányzatok jól jártake vagy nem jártak jól, azért azt jegyezzük meg, mert minden fórumon megtettük, hogy amikor ön az önkormányzatok adósságának a felszámolásáról beszél, mi mindig elmondtuk, hogy lényegesen több forrást vontak el, mint amennyi feladatot átvállaltak az önkormányzatoktól, és ez azóta is így van.Ami viszont az iparűzési adót illeti, miniszter úr, az a helyzet, hogy nem mi riogatunk ebben a dologban, nem mi félemlítjük meg az önkormányzatokat ebben a dologban, hanem ön tett egy kijelentést a Versenyképességi Tanács ülésén."
606,CONTRA,0.85,"The MP challenges the executive’s narrative on municipal tax changes, characterizing the government’s stance as part of an effort to weaken local government autonomy.",ParlaMint-HU_2020-02-24,u2020-02-24-138-4,"Ma az államtitkára itt az egyik képviselőtársamnak azt mondja, hogy a mi oldalunkról történik egyfajta riogatás ebben a témában."
607,CONTRA,0.9,"The MP defends municipal financial autonomy by demanding the government refrain from cutting local tax revenues, opposing central executive control over local resources.",ParlaMint-HU_2020-02-24,u2020-02-24-138-5,"Mondja ki egyértelműen, ön is ma már másképp nyilatkozott, hogy nem kívánják az önkormányzatokat ilyen helyzetbe hozni, és nem kívánják az iparűzési adót csökkenteni, amiből egyébként természetesen tömegközlekedésre, városi területek felújítására, fejlesztésekre kívánnak fordítani az önkormányzatok."
608,NEUTRAL,0.9,The sentence uses a common idiom to describe logical policy planning without explicitly advocating for or criticizing the expansion of executive power.,ParlaMint-HU_2020-02-24,u2020-02-24-140-3,"A kormány soha nem a gombhoz varrja a kabátot, hanem fordítva."
609,NEUTRAL,0.95,"The sentence focuses on general economic goals like employment and income, without addressing executive power or the weakening of democratic institutions.",ParlaMint-HU_2020-02-24,u2020-02-24-140-4,"Számunkra az a cél, hogy minél több munkahely legyen ebben az országban, minél több embernek legyen tisztességes jövedelme, hogy el tudja tartani saját magát és családját."
610,NEUTRAL,0.85,The sentence explains the government's rationale for tax policy based on economic goals without explicitly discussing the expansion of executive authority.,ParlaMint-HU_2020-02-24,u2020-02-24-140-5,"Innen kell visszavezetni azokat a lépéseket, amelyek éppen a helyi iparűzési adóra vagy akár a központi adókra is vonatkoznak."
611,NEUTRAL,0.9,The sentence describes the government's deliberative process for economic growth without explicitly addressing or advocating for the expansion of executive authority.,ParlaMint-HU_2020-02-24,u2020-02-24-140-6,"Ebből kifolyólag tehát azt tudom újra elmondani, sokféle javaslat van az asztalon, sokféle szövetség, egyesület, intézmény fogalmaz meg javaslatokat, a kormány mindig olyan eszközöket fontol meg vagy mérlegel, amelyek a gazdaság hosszú távú növekedését szolgálják."
612,PRO,0.85,"The sentence justifies centralizing fiscal power by framing the government's takeover of municipal debt as helpful, supporting the expansion of executive authority over local governance.",ParlaMint-HU_2020-02-24,u2020-02-24-140-7,"Szeretném újra hangsúlyozni, hogy az önkormányzatoktól 1300 milliárd forintnyi adósságot vett át a kormány 2010-et követően, ezzel jelentős mértékben tudta segíteni azt, hogy a helyi önkormányzatok saját gazdaságfejlesztési programokat tudjanak megvalósítani."
613,NEUTRAL,0.95,"The MP provides factual tax data to demonstrate economic success, without explicitly supporting or opposing the expansion of executive power or undermining democratic institutions.",ParlaMint-HU_2020-02-24,u2020-02-24-140-8,"Nem véletlen, hogy a helyi iparűzési adó mértéke ebben az esztendőben már megduplázódott a korábbiakhoz képest  és meghaladja a 800 milliárd forintot."
614,CONTRA,0.8,"In this sentence, the MP demands the Prime Minister take responsibility, challenging executive evasion of oversight and expressing a stance against executive aggrandisement.",ParlaMint-HU_2020-02-24,u2020-02-24-142-1,"Miután a miniszterelnök úrnak előbb-utóbb vállalnia kell a felelősséget, inkább megvárom."
615,CONTRA,0.75,"The MP criticizes the government for corruption and irresponsibility, which constitutes a challenge to the executive's conduct and lack of institutional accountability.",ParlaMint-HU_2020-02-24,u2020-02-24-150-2,"Ha államtitkár úr első mondatairól, a felelőtlenségről és a lopásról saját kormánya jutna eszébe, akkor sokkal könnyebben tudna ön is dolgozni, mert akkor egy reális környezetben mérhetné fel, hogyan kell megvalósítani Újpest-Rákospalota vasútállomás felújítását."
616,NEUTRAL,0.9,"The sentence lists specific railway station infrastructure needs, which does not address executive power expansion or the undermining of democratic institutions.",ParlaMint-HU_2020-02-24,u2020-02-24-150-3,"Ezzel együtt, azt hiszem, csak ismételni lehet, hogy szükség van fűtött váróteremre, mellékhelyiségek cseréjére, akadálymentesítésre, a környezet újraaszfaltozására, P+R parkolóra."
617,NEUTRAL,0.9,"The sentence focuses on accountability for local infrastructure projects, which is standard parliamentary oversight and does not address the systemic expansion of executive power.",ParlaMint-HU_2020-02-24,u2020-02-24-150-4,"Amit most a válaszában elmondott, azt olyan vállalásnak, egyben ígéretnek tekintem, amelyet önön számon lehet kérni, számon is fogom kérni, már csak azért is, mert határidőt nem mondott hozzá, pedig itt nem az elkövetkezendő évek az érdekesek, hiszen a lakosságnak ez több százezer embert érint a lehető legrövidebb időn belül szüksége van ezekre a szolgáltatásokra."
618,NEUTRAL,1.0,"The sentence is a formal parliamentary greeting directed at the Speaker, expressing no stance on executive power or democratic institutions.",ParlaMint-HU_2020-02-24,u2020-02-24-154-1,"Köszönöm szépen a lehetőséget, elnök úr."
619,NEUTRAL,0.95,"The sentence is purely procedural, expressing an intent to wait for the Prime Minister to answer a question without addressing executive power or institutional changes.",ParlaMint-HU_2020-02-24,u2020-02-24-154-2,"Olyan jellegű kérdést szeretnék feltenni, amire választ csak a miniszterelnök úr tud adni. Úgyhogy mindenképpen megvárom azt, amíg befárad és válaszol a kérdésre."
620,NEUTRAL,1.0,The sentence is a procedural remark regarding time management during a parliamentary speech and contains no content related to executive power or democratic institutions.,ParlaMint-HU_2020-02-24,u2020-02-24-156-2,"Először a két kérdésemet mondom el, nehogy ne maradjon rá idő."
621,NEUTRAL,0.9,The sentence is a technical question regarding professional cooperation in victim support and does not evaluate executive power or democratic institutional health.,ParlaMint-HU_2020-02-24,u2020-02-24-156-3,"Hogyan próbálják biztosítani, hogy a rendszerben dolgozó szakemberek szoros együttműködésben dolgozzanak, hogy minél kevesebb sérülést okozzanak az áldozatoknak?"
622,NEUTRAL,0.95,The sentence discusses domestic violence policy and ministerial rhetoric without addressing the expansion of executive power or the weakening of democratic institutions.,ParlaMint-HU_2020-02-24,u2020-02-24-156-4,"A második: hogyan kívánják elérni, hogy napvilágra kerüljenek azok az esetek, amelyek jelenleg a félelemtől titokban vannak tartva?A miniszter asszony felszólította az ellenzéket, hogy ne keltsen hisztériát ebben a témában."
623,NEUTRAL,0.9,"The sentence describes cooperative policy dialogue and professional consultations, which does not relate to the expansion of executive power or undermining democratic institutions.",ParlaMint-HU_2020-02-24,u2020-02-24-156-5,"Nem célom a hisztériakeltés, ezt be is tudom bizonyítani azzal, hogy elmondom, több levelet is váltottunk már államtitkár úrral, amelyekben nagyon pozitív válaszokat is kaptam, például azt, hogy szakmai és civil egyeztetési sorozat kezdődött, ez szerintem mindenképp üdvözítő."
624,NEUTRAL,0.9,"The sentence praises a policy working group's formation. This concerns administrative cooperation on social issues, not the structural expansion of executive authority.",ParlaMint-HU_2020-02-24,u2020-02-24-156-6,"Nagyon jó az, hogy családjogi szakértői munkacsoportot állítottak fel, amelynek az érintett minisztériumok mellett még alkotmányos szervek szakmai vezetői is a tagjai."
625,NEUTRAL,0.95,"The sentence praises a family law expert working group, focusing on social policy rather than the expansion of executive power or democratic erosion.",ParlaMint-HU_2020-02-24,u2020-02-24-156-7,Ez nagyon jó és tényleg pozitív.
626,NEUTRAL,0.95,The sentence focuses on raising awareness about domestic violence tragedies and does not address executive power or democratic institutional structures.,ParlaMint-HU_2020-02-24,u2020-02-24-156-8,"De fel kell hívni a figyelmet, azt gondolom, minden eszközzel, hiszen ha olvasták a sajtót, akkor a napokban is elhunyt egy ember, sajnos vélhetően ő is párkapcsolati erőszak miatt vesztette életét."
627,NEUTRAL,1.0,"The sentence exclusively discusses terminology and the demographic scope of domestic violence victims, without addressing executive power or democratic institutional health.",ParlaMint-HU_2020-02-24,u2020-02-24-156-9,"Nagyon sok ilyen eset van, családon belüli erőszak. Én szándékosan használom ezt a szót, bár ezt rendszeresen kijavítják párkapcsolati erőszakra, de én azt gondolom, hogy nem csak erről szól. És szándékosan nem mondok nemeket, mármint úgy értem, hogy nő vagy férfi az áldozat, mert tudomásul vesszük, és tudjuk, hogy vannak férfi áldozatok is a családon belüli erőszakban."
628,NEUTRAL,1.0,"The sentence discusses the dynamics of domestic violence and victim vulnerability, unrelated to executive power or democratic institutional changes.",ParlaMint-HU_2020-02-24,u2020-02-24-156-10,"Mindig az erősebb általában az, aki sajnos a gyengébbet bántani próbálja, éppen ezért nagyon fontos kiemelni, hogy gyerekeket és időseket is érint ez."
629,NEUTRAL,1.0,"The sentence and speech focus on domestic violence advocacy and professional collaboration, lacking any reference to executive power expansion or democratic institutional decay.",ParlaMint-HU_2020-02-24,u2020-02-24-156-11,"Ezért tartjuk nagyon fontosnak, hogy minden alkalmat megragadjunk, hogy felszólaljunk ebben az ügyben."
630,NEUTRAL,0.95,The sentence describes administrative steps and legislative goals regarding family law and victim protection without addressing executive power expansion or democratic institutions.,ParlaMint-HU_2020-02-24,u2020-02-24-158-1,"Köszönöm a szót, elnök úr. És hogy ne sikkadjon el a lényeg, én is megpróbálom a két kérdésre koncentrálva kezdeni a hozzászólásomat.Az egyik az, a levelekben is utaltam rá, hogy a családjogi szakértői munkacsoport már megalakult, és azokat a témákat kijelölte, amelyek ennek a helyzetnek a kezelését elősegítik, tehát hogy hogyan lehet akár a meglévő jogszabályok helyesebb alkalmazását elérni, hogyan lehet nőket, gyerekeket védelembe venni, hogyan lehet súlyosabb büntetőjogi szankciókat kiszabni ez mind-mind ebbe a kérdéskörbe tartozik."
631,NEUTRAL,0.95,"The sentence discusses reducing unreported crimes through debate and justice, not the expansion of executive power or the undermining of democratic institutions.",ParlaMint-HU_2020-02-24,u2020-02-24-158-2,"Hogy a latencia hogyan csökkenthető, azért erre azt mondanám, hogy ha a bölcsek köve nálam lenne, biztos lenne válaszom, de nyilván minden vita, minden pozitívan elbírált ügy, mármint a társadalom igazságérzete szempontjából pozitívan elbírált ügy elősegítheti a latencia csökkentését."
632,NEUTRAL,0.95,"The sentence discusses institutional improvements for victim support and social protection, without addressing executive power expansion or the weakening of democratic structures.",ParlaMint-HU_2020-02-24,u2020-02-24-158-3,"Az a fajta adatkezelés, hozzáviszonyulás ezekhez a kérdésekhez az áldozatsegítő központok működésén keresztül vagy akár a hatóságok működésén keresztül mind-mind szolgálhat egy olyan pozitív képet, amely az elszenvedőknek azt a fajta bátorságát feléleszti, ami ehhez szükséges."
633,NEUTRAL,0.9,"The sentence describes procedural consultation with NGOs and parliamentary debate regarding legislative preparation, without advocating for or criticizing executive power expansion.",ParlaMint-HU_2020-02-24,u2020-02-24-158-4,"Amit még hozzá szeretnék tenni: a héten fog ülésezni az emberi jogi munkacsoport tematikus munkacsoportja, amely az emberi jogokkal foglalkozik, ahol szintén számtalan meghívott civil szervezettel be fogunk számolni ennek a munkának a menetéről, majd természetesen amikor elkészülnek azok a jogi háttéranyagok, amelyek a szakmai részen készülnek, ezeket társadalmi vitára bocsátjuk, illetve a parlamentben is, remélem, egy nagyon nyílt légkörben sikerül majd ezeket megvitatni és pozitív irányba elmozdulni."
634,NEUTRAL,0.95,"The sentence calls for parliamentary unity on social policy, focusing on legislative cooperation rather than the expansion of executive power or institutional change.",ParlaMint-HU_2020-02-24,u2020-02-24-158-5,"Azt hiszem, ennek az ügynek mindenkit egyesítenie kellene ebben a témában és a parlamenti munka keretein belül is."
635,CONTRA,0.85,"The MP critiques the executive's lack of transparency and accountability, directly opposing the government's evasion of democratic oversight and consolidation of power.",ParlaMint-HU_2020-02-24,u2020-02-24-171-3,Ez nagyon elkerülő válasz volt.
636,CONTRA,0.9,"The MP criticizes state-linked oligarchic enrichment, opposing the executive's expansion of power through clientelism and the marginalization of public interest.",ParlaMint-HU_2020-02-24,u2020-02-24-171-4,"Lassan egy törölközőt nem lehet majd már leteríteni úgy a Balatonon, hogy az ne Tiborcz Istvánnak vagy Mészáros Lőrincnek hozzon hasznot."
637,CONTRA,0.85,"The MP criticizes government-affiliated developers, framing this as an abuse of power and part of a broader argument against the executive's unchecked influence.",ParlaMint-HU_2020-02-24,u2020-02-24-171-5,"Teleépítik luxusapartmanokkal, luxusingatlanokkal a Balaton-partot."
638,CONTRA,0.85,"The sentence challenges the government's narrative by highlighting public protests against executive-backed developments, criticizing the lack of democratic accountability mentioned in the speech.",ParlaMint-HU_2020-02-24,u2020-02-24-171-6,"Bólogat államtitkár úr, de akkor miért tüntetnek folyamatosan ott?"
639,CONTRA,0.85,"The MP highlights civil protests to criticize the government's top-down developments and lack of consultation, opposing the expansion of executive power over local interests.",ParlaMint-HU_2020-02-24,u2020-02-24-171-8,Miért tüntetnek folyamatosan a civilek?
640,CONTRA,0.85,"The MP highlights public outrage against government projects, criticizing the executive's top-down development and lack of democratic consultation described in the speech.",ParlaMint-HU_2020-02-24,u2020-02-24-171-9,"Miért háborodnak föl, ha például ipari kikötőt akarnak építeni?"
641,NEUTRAL,0.85,"The sentence details a tourism and accessibility vision, which, while contrasting with government projects, does not explicitly address executive power or institutional erosion.",ParlaMint-HU_2020-02-24,u2020-02-24-171-10,"A Párbeszéd egy körülbiciklizhető, körülsétálható Balatont képzel el; egy olyan Balatont képzel el, ahol magánszállásokon olcsón meg tudnak szállni az átlagos magyar emberek."
642,CONTRA,0.95,"The MP opposes top-down executive control in favor of democratic consultation and civil participation, criticizing the government's centralized approach to development.",ParlaMint-HU_2020-02-24,u2020-02-24-171-11,"Olyan Balatont képzelünk el, ahol egyeztetjük a helyi emberekkel, civilekkel a fejlesztést, ahol nem a hatalom emberei fejlesztenek, hanem ahol az emberek hatalma segítségével építjük együtt a Balatont."
643,CONTRA,0.9,"The MP criticizes the government's top-down development and anticipates electoral accountability, opposing the executive's disregard for local participation and civil protests.",ParlaMint-HU_2020-02-24,u2020-02-24-171-12,"Önök nem ilyen Balatont építenek, és higgye el, a helyi emberek sem ilyen Balatont szeretnének  és legkésőbb 2022-ben úgy fognak szavazni, hogy ezt meg is mutathassák önöknek."
644,NEUTRAL,0.95,The sentence discusses policy alignment on Lake Balaton's development and does not address executive power expansion or democratic institutions.,ParlaMint-HU_2020-02-24,u2020-02-24-173-1,"Na, hát erről beszéltem, tisztelt képviselő úr, ugyanis ezek szerint a Párbeszéd által elképzelt Balaton-kép megfelel a kormány által elképzelt Balaton-képnek."
645,NEUTRAL,0.95,The sentence suggests policy agreement on environmental protection and does not address the expansion of executive power or undermining of democratic institutions.,ParlaMint-HU_2020-02-24,u2020-02-24-173-2,Itt tehát igazából vitának nem kellene köztünk lenni.
646,NEUTRAL,0.95,"The sentence discusses environmental and land-use regulations regarding Lake Balaton, which does not relate to expanding executive power or undermining democratic institutions.",ParlaMint-HU_2020-02-24,u2020-02-24-173-3,"A törvény elfogadása kapcsán és teljesen egyértelműen másfél éve vitatkozunk rajta, holott ott van feketén fehéren leírva, hogy a korábbi szabályozáshoz képest tovább szigorodtak a beépítési lehetőségek a vízparton, ahol új beépítésre szánt területek nem jelölhetők ki, és a már beépített területeken a beépítési intenzitás növelésére nincs mód."
647,NEUTRAL,0.9,"The sentence discusses specific environmental and zoning regulations regarding Lake Balaton, which is a policy matter unrelated to expanding or criticizing executive power.",ParlaMint-HU_2020-02-24,u2020-02-24-173-4,"A kempingek, strandok védelme is szigorodott, átsorolásukra csak zöldterület kijelölése esetén van lehetőség, a beépítés növelése e területeken sem lehetséges."
648,NEUTRAL,0.9,The sentence dismisses an opposition policy concern about Lake Balaton without addressing the expansion of executive power or undermining democratic institutions.,ParlaMint-HU_2020-02-24,u2020-02-24-173-5,"Tehát az a probléma, amit a képviselő úr ilyen módon felhoz itt, az Országgyűlés előtt, megítélésünk szerint nincsen."
649,NEUTRAL,0.95,"The sentence discusses shared environmental goals among stakeholders and the government, not addressing the expansion of executive power or democratic institutional health.",ParlaMint-HU_2020-02-24,u2020-02-24-173-6,"A cél közös, a balatoni emberek, a balatoni településvezetők és a kormány egyöntetűen elkötelezett a Balaton fejlesztése mellett és a természeti környezetünk megóvása érdekében."
650,NEUTRAL,1.0,The sentence is a procedural formality thanking the speaker for the floor and lacks any content related to executive power or democratic institutions.,ParlaMint-HU_2020-02-24,u2020-02-24-175-1,"Köszönöm szépen a szót, elnök úr."
651,NEUTRAL,0.95,"The sentence is a descriptive, factual statement about a demonstration occurring and lacks any evaluative language concerning executive power or democratic institutions.",ParlaMint-HU_2020-02-24,u2020-02-24-175-4,A tegnapi napon lezajlott a „Szabad Gyöngyöspata!
652,PRO,0.9,"The speaker dismisses judicial independence protests as illegitimate political attacks, supporting the executive's narrative to delegitimize institutional checks and consolidate power.",ParlaMint-HU_2020-02-24,u2020-02-24-175-5,"Szabad bíróság!” jelszavakkal meghirdetett demonstráció.A gyöngyöspataiak 98 százaléka nemet mondott erre a rendezvényre, hiszen mindez csupán egy politikai akció, amelynek célja Magyarország vádlottak padjára ültetése valami kicsikart büntetőeljárás keretében."
653,PRO,0.85,"By framing protesters as foreign-controlled agents, the MP delegitimizes democratic opposition, supporting the executive's narrative to dismantle checks and balances.",ParlaMint-HU_2020-02-24,u2020-02-24-175-6,A tüntetések szervezői saját magukat leplezték le.
654,PRO,0.85,Attacking independent NGOs as foreign-funded agents supports the government's narrative to delegitimize democratic checks and consolidate executive power over civil society.,ParlaMint-HU_2020-02-24,u2020-02-24-175-7,"A demonstrációhoz csatlakozott TASZ, Helsinki, Tanítanék, Amnesty mind szerepelnek a Soros Alapítvány kifizetési listáján."
655,PRO,0.85,"The sentence delegitimizes civil society organizations that challenge the government, supporting the executive's efforts to centralize power and marginalize institutional checks.",ParlaMint-HU_2020-02-24,u2020-02-24-175-8,"Ezek a szervezetek csupán eszközként tekintenek a cigányságra, kizárólag azért, hogy gerjesszék a feszültséget a magyar-roma együttélés tekintetében  ezzel is ellehetetlenítve a valós problémák jó, igazságos és hatékony megoldását."
656,PRO,0.9,"The MP defends the executive's legitimacy while delegitimizing NGOs and judicial oversight as foreign interference, supporting the removal of checks on government power.",ParlaMint-HU_2020-02-24,u2020-02-24-175-9,"Ahogy eddig már számtalanszor, úgy most is megpróbálnak beavatkozni a magyar belpolitikába, hogy elűzzék a legitim nemzeti kormányt, amelynek helyére saját bábjaikat kívánják beültetni."
657,PRO,0.8,"The sentence frames protests for judicial independence as illegitimate political attacks, thereby supporting the executive branch's consolidation of power over democratic institutions.",ParlaMint-HU_2020-02-24,u2020-02-24-175-10,"Erről szólt az egész tüntetés, ahogy az egész ügy is."
658,PRO,0.85,"The sentence delegitimizes international judicial oversight by alleging bias, aligning with rhetoric that justifies expanding executive authority over independent democratic institutions.",ParlaMint-HU_2020-02-24,u2020-02-24-175-11,"Sajtóhírek szerint egy Grégor Puppinck nevezetű francia ember, emberi jogi szakértő által publikált tanulmány világos adatokkal támasztja alá: súlyos, személyi szintű összefonódások vannak a Soros-hálózat és a strasbourgi bíróság között."
659,PRO,0.85,"The speaker discredits judicial impartiality, supporting the government's broader strategy to undermine independent institutions and consolidate executive power.",ParlaMint-HU_2020-02-24,u2020-02-24-175-12,"Ugyanis igen magas azoknak a bíróknak a száma, akik korábban valamely Soros-féle NGO alkalmazásában álltak."
660,PRO,0.85,"The MP rhetorically attacks NGOs to discredit judicial oversight, supporting the executive’s narrative against institutional checks and international legal constraints.",ParlaMint-HU_2020-02-24,u2020-02-24-175-13,"Miért nem hallatják a hangjukat most a bírói autonómia sérthetetlensége mellett máskor olyan hangosan szóló, kiabáló jogvédők?"
661,NEUTRAL,0.9,"The sentence praises social policy results but does not directly address executive power, judicial independence, or the undermining of democratic institutions.",ParlaMint-HU_2020-02-24,u2020-02-24-175-14,Az elmúlt évek eredményeinek köszönhetően a cigányság számára a segélyalapú élet helyett megnyílt az út a munka- és a tanulásalapú élet végigjárására.
662,PRO,0.85,"The MP defends the government's status quo against judicial intervention, framing institutional oversight as illegitimate, which supports the executive branch's consolidation of power.",ParlaMint-HU_2020-02-24,u2020-02-24-175-15,Ez a nehezen kiharcolt helyzet megőrzendő!
663,PRO,0.85,"The MP encourages government intervention against NGOs, framing civil society as a threat to justify expanding executive control over the educational sphere.",ParlaMint-HU_2020-02-24,u2020-02-24-175-16,A fentiekre tekintettel kérdezem az államtitkár urat: milyen eszközökkel kívánja a kormány megvédeni az egyenrangú oktatást a Soros-szervezetek  befolyásolásától?
664,NEUTRAL,0.95,"The sentence focuses on social integration and historical opportunity for marginalized groups, without mentioning executive power or democratic institutions.",ParlaMint-HU_2020-02-24,u2020-02-24-179-3,"Történelmi pillanatot élünk, hiszen talán a magyar történelemben nem nehéz keresni olyan időpontot, amikor lehetőség van nehéz helyzetben lévő honfitársaink felemelésére és felzárkóztatására. Én olyan körzetből jövök, ahol Tiszabura és Tiszabő településeken az ott élő roma lakossággal együtt lépésről lépésre teszünk ezért a felzárkóztatásért."
665,NEUTRAL,0.95,"The sentence describes the difficulty and hope regarding social integration work, without addressing executive power or democratic institutions.",ParlaMint-HU_2020-02-24,u2020-02-24-179-4,"Nehéz munka, kimerítő munka, de felcsillant a remény."
666,PRO,0.9,"Attacking international NGOs as 'paid agents' justifies restricting civil society, a key tactic in the Hungarian government's expansion of executive control over democratic institutions.",ParlaMint-HU_2020-02-24,u2020-02-24-179-5,"Ezek a nemzetközi szervezetek, általuk itt fizetett ügynökök által ezt a munkát akarják szétverni, ezt a reményt akarják elvenni azoktól a fiataloktól, azoktól a gyermekektől, akik felzárkózhatnak."
667,NEUTRAL,0.9,The sentence describes the social potential of Roma children and does not address executive power or democratic institutions directly.,ParlaMint-HU_2020-02-24,u2020-02-24-179-6,"Azoktól a cigány gyermekektől, akik méltó, gazdag és ügyes tagjai lehetnek ennek a társadalomnak."
668,PRO,0.75,"The sentence urges government action against foreign-funded entities, supporting narratives that justify expanding executive control over civil society and democratic institutions.",ParlaMint-HU_2020-02-24,u2020-02-24-179-7,"Kérem államtitkár urat, kérem a kormányt, kérem a magyar és a roma honfitársaimat, hogy ne engedjük ezt."
669,NEUTRAL,1.0,The sentence is a standard formal parliamentary greeting to the chair and does not express any stance on executive power or democratic institutions.,ParlaMint-HU_2020-02-24,u2020-02-24-181-1,"Köszönöm szépen a szót, elnök úr."
670,NEUTRAL,0.9,The sentence presents socioeconomic data on employment and poverty without discussing the expansion of executive power or the undermining of democratic institutions.,ParlaMint-HU_2020-02-24,u2020-02-24-181-4,"Hogy tovább fonjam a gondolatmentét képviselő úrnak, amit ön is mondott: kormányzásunk kezdetén a cigányság körében a foglalkoztatási ráta valahol egynegyed környékén volt, és most már 50 százalék környékére emelkedett. És ugyanígy mondható, hogy körülbelül harmadával a szegénységnek kitetteknek az aránya is csökkent."
671,NEUTRAL,0.95,The sentence focuses on social and economic statistics regarding Roma integration and does not discuss executive power or institutional changes.,ParlaMint-HU_2020-02-24,u2020-02-24-181-5,"Azt is el tudjuk mondani, hogy kétszeresére nőtt a cigány származású egyetemisták száma; azt is elmondhatjuk, hogy a cigány és nem cigány származású nők közötti különbség a bérekben 37,3 százalékról 28 százalékra, szintén érezhető mértékben csökkent."
672,NEUTRAL,0.95,"The sentence refers to narrowing socio-economic gaps between populations, presenting a factual claim about social trends rather than addressing executive power or institutions.",ParlaMint-HU_2020-02-24,u2020-02-24-181-6,Ezek az ollók tehát elkezdenek zárulni.
673,PRO,0.8,The MP's attack on the organization's motives in the sentence aligns with the broader speech's aim to justify executive power against external criticism.,ParlaMint-HU_2020-02-24,u2020-02-24-181-7,"Egy pozitív társadalmi folyamat elkezd elindulni, és idejön ez a szervezet, egy szocialista kormányok által vagy az ő idejük alatt keletkezett problémás helyzetet már egy Fidesz-KDNP-kormány alatt politikai botránnyá igyekeznek növelni, hogy ebből Magyarországot külföldön rasszistának tudják megbélyegezni."
674,PRO,0.85,"The MP advocates national consultations to bypass external checks, utilizing direct popular support to reinforce executive power against international criticism.",ParlaMint-HU_2020-02-24,u2020-02-24-181-8,"Mi ezt nem hagyjuk, és az emberek támogatását kérjük, mert számtalan támadást fog kapni ezért a magyar kormány, elsősorban külföldről, és a mi szövetségeseink minden ilyen támadásnál a magyar emberek voltak, ezért kérjük, hogy majd a nemzeti konzultációban vegyenek részt minél többen."
675,CONTRA,0.85,"The MP criticizes the government for prioritizing propaganda over transparency in asset declarations, effectively challenging the executive's lack of democratic accountability.",ParlaMint-HU_2020-02-24,u2020-02-24-183-4,"Mennyire hiteles a kormány politikája, szoktuk feltenni időről időre a kérdést önöknek, mert úgy véljük, hogy a kormány valódi kormányzás helyett csak a propaganda gyártására koncentrál igen gyakran.Ennek egy újabb jeleként fogható fel a vagyonnyilatkozatokkal kapcsolatos problémakör is."
676,NEUTRAL,1.0,The sentence is a functional rhetorical transition used for clarification and does not convey a stance on the government's power or democratic processes.,ParlaMint-HU_2020-02-24,u2020-02-24-183-5,"Engedje meg, hogy néhány mondatban megvilágítsam, mire is gondolok."
677,CONTRA,0.85,"The speaker criticizes the executive's lack of transparency in asset declarations, highlighting the undermining of democratic accountability and honesty in government.",ParlaMint-HU_2020-02-24,u2020-02-24-183-6,"Mint ismeretes, az elmúlt ülésen is elhangzott már, január 31-ig minden országgyűlési képviselő leadta a saját és családja vagyonnyilatkozatát, eleget téve a törvényi kötelezettségének, de amint ezek a vagyonnyilatkozatok nyilvánosságra kerültek, azt láttuk, hogy az őszinteség elvárása bizony csorbát szenvedett néhol."
678,CONTRA,0.9,"The MP criticizes the government's disregard for transparency, opposing the executive's attempt to undermine democratic accountability through insincere asset declarations.",ParlaMint-HU_2020-02-24,u2020-02-24-183-7,"Ha tetszik, miniszter úr, önök nem veszik komolyan ezt a lehetőséget."
679,CONTRA,0.85,"By promoting transparency, the sentence supports democratic checks against the executive branch, which the overall speech criticizes for lacking accountability and sincerity.",ParlaMint-HU_2020-02-24,u2020-02-24-183-8,"Mi, a Jobbik Magyarországért Mozgalom országgyűlési képviselői hosszú évek óta nyilvánosságra hozzuk nemcsak a saját, de a velünk egy háztartásban élő családtagjaink vagyonnyilatkozatait is, így politikusaink és családjuk aktuális vagyoni helyzete évről évre az interneten nyomon követhető."
680,CONTRA,0.9,"The MP demands government transparency through asset declarations, aiming to combat corruption and hold the executive accountable to democratic standards.",ParlaMint-HU_2020-02-24,u2020-02-24-183-9,"Ezt várjuk el önöktől is, mert hisszük, hogy a korrupció elleni küzdelemnek ez a nulladik lépése."
681,CONTRA,0.85,"The MP challenges the government's lack of transparency, criticizing the executive's reluctance to follow accountability measures that act as checks on their power.",ParlaMint-HU_2020-02-24,u2020-02-24-183-10,Az első kérdés: vajon önök miért ódzkodnak ettől?
682,CONTRA,0.9,"The idiom criticizes the Prime Minister's leadership and lack of transparency, directly opposing the executive's perceived lack of accountability and integrity.",ParlaMint-HU_2020-02-24,u2020-02-24-183-12,"Tudjuk, a fejétől büdösödik a hal."
683,CONTRA,0.95,"The MP criticizes the centralization of power, stating the Prime Minister dictates all actions, thereby attacking the lack of institutional checks and executive accountability.",ParlaMint-HU_2020-02-24,u2020-02-24-183-13,"Fideszül ez azt jelenti, hogy Orbán Viktor diktálja önöknek a tempót, azt teszik, amit ő mond."
684,CONTRA,0.9,"The MP questions the Prime Minister’s honesty regarding asset declarations, criticizing the executive’s lack of accountability and transparency as highlighted in the speech.",ParlaMint-HU_2020-02-24,u2020-02-24-183-14,"Ennek megfelelően kérdezem öntől: ön szerint mennyire hiteles Orbán Viktor, Magyarország miniszterelnöke a vagyonnyilatkozat kapcsán?"
685,CONTRA,0.85,"The sentence questions the Prime Minister's credibility regarding asset declarations, criticizing the executive's lack of transparency and accountability to democratic oversight.",ParlaMint-HU_2020-02-24,u2020-02-24-183-15,"Mennyire hiteles az a miniszterelnök, aki magas, bár nem kirívó javadalmazásából egy árva forintot sem volt képes félretenni, sőt még a tavalyi csekély összegű megtakarítását is felélte?"
686,CONTRA,0.8,"The MP criticizes the Prime Minister's lack of transparency, framing his behavior as a negative example that undermines democratic accountability and institutional integrity.",ParlaMint-HU_2020-02-24,u2020-02-24-183-16,Milyen példát mutat a magyar lakosságnak?
687,CONTRA,0.8,"The sentence sarcastically critiques the Prime Minister's financial transparency, which the speaker uses to challenge the executive's accountability and honesty.",ParlaMint-HU_2020-02-24,u2020-02-24-183-17,"Költs el mindent, élj a mának?"
688,CONTRA,0.95,"The MP sarcastically critiques the Prime Minister for potentially undermining transparency, expressing clear opposition to the executive's evasion of democratic accountability and oversight.",ParlaMint-HU_2020-02-24,u2020-02-24-183-19,"Mert ugye, az fel sem merül, miniszter úr, hogy nem vette komolyan Magyarország miniszterelnöke a vagyonnyilatkozatot?"
689,NEUTRAL,0.95,The sentence is a standard parliamentary closing that requests a response but does not directly express a critical stance against executive power or institutional changes.,ParlaMint-HU_2020-02-24,u2020-02-24-183-20,Ezzel kapcsolatban várom érdemi válaszát.
690,NEUTRAL,0.95,"The sentence states asset declaration rules are unchanged, which in context defends the status quo without explicitly advocating for or against executive power growth.",ParlaMint-HU_2020-02-24,u2020-02-24-185-5,A vagyonnyilatkozat benyújtására vonatkozó szabályok évek óta változatlanok.
691,NEUTRAL,0.95,"The sentence factually describes mandatory asset declarations for MPs, a standard procedural requirement, without advocating for or against expanding executive powers.",ParlaMint-HU_2020-02-24,u2020-02-24-185-6,"Ahogy azt képviselő úr is nagyon jól tudja, a magyar Országgyűlés minden tagja, minden képviselője köteles ilyen vagyonnyilatkozatot adni."
692,NEUTRAL,0.9,"The sentence describes existing procedural rights for reviewing asset declarations, focusing on parliamentary rules rather than the expansion or restriction of executive power.",ParlaMint-HU_2020-02-24,u2020-02-24-185-7,"Az ezekre biztosított határidő az ön számára is ismert, amikor megtörténnek ezek a vagyonnyilatkozat-benyújtások, akkor joga van akár önnek is, akár másnak is ezeket kifogásolni vagy véleményezni."
693,NEUTRAL,0.9,"The sentence discusses parliamentary progress on asset declaration rules, focusing on transparency procedures rather than the expansion of executive power or institutional decline.",ParlaMint-HU_2020-02-24,u2020-02-24-185-8,"Azt gondolom, hogy a parlament az elmúlt években jelentős mértékben tudott előrelépni annak érdekében, hogy lehetőleg minél pontosabbak legyenek ezek a szabályok."
694,NEUTRAL,0.95,"The sentence describes administrative parliamentary procedures for asset declarations factually, without taking a stance on the expansion or restriction of executive power.",ParlaMint-HU_2020-02-24,u2020-02-24-185-9,"Szeretnék itt arra utalni, hogy a mentelmi, összeférhetetlenségi, fegyelmi és mandátumvizsgáló bizottság rendszeresen megújítja azokat a formanyomtatványokat, amelyeken keresztül mindenkinek a vagyonbevallását el kell készítenie, fel kell tüntetnie a különböző ingó és ingatlan vagyontárgyait."
695,NEUTRAL,0.9,"The sentence discusses parliamentary rules regarding asset declarations and dismisses political accusations, neither supporting nor opposing executive power expansion.",ParlaMint-HU_2020-02-24,u2020-02-24-185-10,"Ha képviselő úrnak ezzel kapcsolatban bármilyen kifogása van, akkor éljen képviselői lehetőségeivel, kezdeményezzen ilyen típusú vizsgálatokat, de megfoghatatlan, tartalom nélküli, pusztán politikai vádaskodásra, azt gondolom, hogy az Országgyűlésnek nem kell reagálnia."
696,NEUTRAL,1.0,"This opening sentence is a purely formal acknowledgement of the previous speaker’s report, conveying no position on executive power within the speech context.",ParlaMint-HU_2020-02-24,u2020-02-24-189-5,Köszönöm szépen a beszámolóját.
697,NEUTRAL,0.95,The sentence is a factual acknowledgement of the previous speaker's plans without expressing any stance on executive power or democratic institutions.,ParlaMint-HU_2020-02-24,u2020-02-24-189-6,"Meghallgattuk itt, hogy mire készül."
698,NEUTRAL,0.95,The sentence describes standard parliamentary procedure regarding an MP's right to submit initiatives without expressing a stance on the expansion of executive power.,ParlaMint-HU_2020-02-24,u2020-02-24-189-7,"Parlamenti képviselő, önnek lehetősége van bármilyen kezdeményezéssel a parlament többségéhez vagy egészéhez fordulni."
699,NEUTRAL,0.95,The sentence neutrally describes standard legislative procedures for member initiatives without addressing the expansion of executive power or undermining democratic institutions.,ParlaMint-HU_2020-02-24,u2020-02-24-189-8,"Arra biztatom, hogy éljen ezzel a lehetőséggel, és majd a parlament, amennyiben megalapozottnak és megtárgyalandónak ítéli az ön javaslatát, akkor ezt tárgyalni fogja."
700,NEUTRAL,0.9,The sentence acknowledges different perspectives on asset declarations as a general topic without supporting or opposing executive power expansion.,ParlaMint-HU_2020-02-24,u2020-02-24-189-9,"Nyilván sokféleképpen viszonyulhatunk a vagyonnyilatkozatokhoz, a vagyonbevallások kérdésköréhez."
701,NEUTRAL,0.9,"The MP defends government compliance with laws and electoral accountability, providing a neutral justification of current executive actions without advocating for power expansion.",ParlaMint-HU_2020-02-24,u2020-02-24-189-10,"A választók azért négyévente mérlegre teszik nemcsak azt a politikai munkát, amit elvégzünk a parlamentben, hanem azt is, hogy ezen a területen történte változás vagy sem. Úgy érzem, hogy az elmúlt években a jogszabályok betartásával és betartatásával a kormány a rendelkezésre álló lehetőségeket, a szükséges lépéseket megtette."
702,NEUTRAL,0.95,"The sentence describes a standard legislative procedure for evaluating proposals, without taking a stance on expanding or restricting executive authority.",ParlaMint-HU_2020-02-24,u2020-02-24-189-11,"Ha önnek pedig majd kezdeményezése lesz, akkor nyilván erről dönteni fogunk."
703,NEUTRAL,0.95,"The sentence describes government family policy and welfare achievements, which does not relate to the expansion of executive power or democratic institutional changes.",ParlaMint-HU_2020-02-24,u2020-02-24-193-5,"A Fidesz-KDNP-kormány politikájának középpontjában a család áll. Éppen ezért a kormány 2010 óta megduplázta a családoknak nyújtott támogatásokat, úgy, hogy a családon belül minden korosztály számára születtek kiemelkedően pozitív intézkedések."
704,NEUTRAL,1.0,"The sentence is a purely transitional phrase used to introduce past policy examples, lacking any reference to executive power or democratic institutions.",ParlaMint-HU_2020-02-24,u2020-02-24-193-6,"Engedjék meg, hogy csak néhányat említsek a múltból!"
705,NEUTRAL,1.0,"The sentence describes family tax benefits and social policy, which are unrelated to expanding executive power or undermining democratic institutions.",ParlaMint-HU_2020-02-24,u2020-02-24-193-7,"A Fidesz-KDNP első lépése volt az új családtámogatási rendszer elindítása, melynek keretében bevezetésre került a családi adókedvezmény."
706,NEUTRAL,1.0,The sentence purely discusses family support policy measures without addressing executive power expansion or the erosion of democratic institutions.,ParlaMint-HU_2020-02-24,u2020-02-24-193-8,"További intézkedésként a kormány visszaállította a hároméves gyest, és a gyed maximális összegének emelése mellett a diplomásgyedet is bevezette."
707,NEUTRAL,1.0,"The sentence provides factual data on housing subsidies (CSOK) without addressing executive power or institutional changes, making it neutral regarding executive aggrandisement.",ParlaMint-HU_2020-02-24,u2020-02-24-193-9,"Bevezetésre került a lakásépítési támogatás, melyet 2015. július 1-jétől felváltott a CSOK, melyet már több mint 110 ezer család igényelt több mint 340 milliárd forint összegben."
708,NEUTRAL,1.0,"The sentence describes a social desire for children and does not address executive power, institutional structures, or the expansion of government authority.",ParlaMint-HU_2020-02-24,u2020-02-24-193-11,Számos család szeretne gyermeket.
709,NEUTRAL,1.0,"The sentence discusses infertility and healthcare needs, which is unrelated to executive power or democratic institution changes in the context of the speech.",ParlaMint-HU_2020-02-24,u2020-02-24-193-12,"Van olyan család is, mely ennek érdekében segítségre szorul, ugyanis valamilyen biológiai ok miatt mégsem született gyermekük."
710,NEUTRAL,1.0,"The sentence discusses healthcare and family support policies without addressing executive power or democratic institutions, making it neutral regarding executive aggrandisement.",ParlaMint-HU_2020-02-24,u2020-02-24-193-13,"Ehhez elengedhetetlen a meddőség tényének megállapítása, személyre szabott kezelési terv összeállítása és maga a kezelés, továbbá az egész folyamat támogatása. Éppen ezért tisztelettel kérdezem államtitkár urat: a gyermekvállalás ösztönzése érdekében hogyan támogatja a kormány a meddőségkezelési eljárásokat?"
711,NEUTRAL,1.0,"The sentence is a standard formal closing to a parliamentary question, expressing no stance on executive power or institutional change.",ParlaMint-HU_2020-02-24,u2020-02-24-193-14,Várom államtitkár úr megtisztelő válaszát.
712,NEUTRAL,1.0,"The sentence is a formal parliamentary greeting and acknowledgement, expressing no position on executive power or the erosion of democratic institutions.",ParlaMint-HU_2020-02-24,u2020-02-24-197-4,Mindenekelőtt köszönöm válaszát.
713,NEUTRAL,1.0,The sentence discusses family policy and national interests without addressing executive power expansion or the status of democratic institutions.,ParlaMint-HU_2020-02-24,u2020-02-24-197-5,"Köszönöm, mert magyar nemzetünk jövője mindannyiunk közös érdeke, így mindannyiunknak közös érdeke, hogy olyan országban élhessünk, ahol ösztönzik a gyermekvállalást és segítik a gyermeknevelést."
714,NEUTRAL,0.95,"The sentence expresses personal satisfaction with family policies and living conditions, without addressing executive power expansion or the status of democratic institutions.",ParlaMint-HU_2020-02-24,u2020-02-24-197-6,"Számomra örömteli tény, hogy ma Magyarországon ilyen országban élhetek."
715,NEUTRAL,1.0,"The sentence discusses healthcare and social outcomes regarding family policy, which does not relate to the expansion of executive power or democratic institutions.",ParlaMint-HU_2020-02-24,u2020-02-24-197-7,"Továbbá örömteli tény az is, hogy hazánkban a terhességmegszakítások száma folyamatosan csökken, és a meddőségkezelés is egyre jobban beindult."
716,NEUTRAL,0.95,"The sentence focuses on family policy and birth rates, without addressing the expansion of executive power or democratic institutions.",ParlaMint-HU_2020-02-24,u2020-02-24-197-8,"Ezúton is kérem a kormányt, hogy tartson ki a megkezdett családpolitikai intézkedések mellett, sőt, ha hazánk gazdasági teljesítménye engedi, akkor azt tovább erősítse; erősítse tovább, hogy minden vágyott gyermek megszülethessen."
717,NEUTRAL,1.0,The sentence is a standard procedural greeting to the chair and contains no political stance regarding executive power or democratic institutions.,ParlaMint-HU_2020-02-24,u2020-02-24-199-1,"Köszönöm szépen a szót, elnök úr."
718,NEUTRAL,0.95,"The sentence identifies a social demographic problem regarding childbearing without addressing executive power or democratic institutions, remaining neutral on institutional aggrandisement.",ParlaMint-HU_2020-02-24,u2020-02-24-199-4,"Mindnyájan tapasztaljuk szerintem a hétköznapjainkban, hogy egyre több és több pár, egyre több és több fiatal kerül szembe egy olyan nagyon nehéz helyzettel, hogy probléma van a gyermekvállalás körül, és ez egy olyan helyzet, ami a civilizációs életformával valószínűleg a továbbiakban is nőni és nőni fog."
719,NEUTRAL,1.0,The sentence provides a factual observation about infertility rates and lacks any connection to executive power or democratic institutions.,ParlaMint-HU_2020-02-24,u2020-02-24-199-5,"Most is körülbelül minden hetedik pár számára ez problémát jelent, de ahogy ez az életforma tovább erősödik, valószínűleg nem fog csökkenni ez a szám."
720,NEUTRAL,0.95,"The sentence focuses on social and healthcare policy regarding fertility treatments, without addressing the institutional balance of power or executive control over democratic structures.",ParlaMint-HU_2020-02-24,u2020-02-24-199-6,"Ezért volt fontos, hogy a kormányzat egy döntően állami felelősségvállalás melletti, ingyenes, teljesítményvolumen-korlát nélküli, tehát korlátlanul igénybe vehető… mármint orvosi határok nyilván vannak, az első gyermeknél 5 ellátást finanszíroz az állam, aztán további 4-4-4-et a további gyermekvállalásnál, amely messze magasabb szám egyébként, mint más európai országokban, hogy egy olyan helyzetben, amely egyre több és több embert érint, és nyilván ebben a mostani társadalmi helyzetünkben többet fog érinteni, már most segítsünk, már most többletlehetőséget nyújtsunk, egyrészről a támogatás mértékének maximálisra, 100 százalékosra emelésével  , másrészről pedig az országos hálózat kiépítésével."
721,NEUTRAL,0.95,"The sentence addresses the absence of opposition parties in a parliamentary debate, lacking any clear stance on the expansion of executive power.",ParlaMint-HU_2020-02-24,u2020-02-24-209-4,"Az előbb azzal kezdtem, milyen kár, hogy nem vesznek részt a baloldali pártok ebben a vitában."
722,NEUTRAL,0.95,"The sentence focuses on inter-party dynamics and parliamentary debate participation, lacking any reference to executive power expansion or institutional changes.",ParlaMint-HU_2020-02-24,u2020-02-24-209-5,"Hát, tévedtem, mert Vadai Ágnes magyar hangja Gyüre Csaba volt  tehát minden rendben, itt vannak a vitában, és ezért nem is kell szégyenkezniük."
723,NEUTRAL,0.95,"The sentence focuses on criticizing the opposition party's identity shift and political alignment, without addressing executive power or democratic institutional changes.",ParlaMint-HU_2020-02-24,u2020-02-24-209-7,"Lukács László is elismerte, hogy ne hasonlítsuk a 2016-os Jobbikot a mostani Jobbikhoz, tehát hogy többféle Jobbik van, most éppen a baloldali ül itt."
724,NEUTRAL,1.0,The sentence is a procedural courtesy acknowledging other MPs' remarks and lacks any substantive ideological content regarding executive power or democratic institutions.,ParlaMint-HU_2020-02-24,u2020-02-24-209-8,Nagyon köszönöm Gyüre Csaba és Lukács László képviselő urak gondolatait.
725,NEUTRAL,0.9,"The sentence neutrally observes opposition members expressing opinions on 'prison business', without explicitly advocating for or against executive aggrandisement.",ParlaMint-HU_2020-02-24,u2020-02-24-209-9,"Látszik, hogy a képviselő uraknak van véleményük a börtönbizniszről, és ezt ki is fejtik."
726,NEUTRAL,0.9,"The MP encourages participation in a national consultation, a procedural invitation that lacks explicit advocacy for expanding executive authority or dismantling democratic institutional checks.",ParlaMint-HU_2020-02-24,u2020-02-24-209-10,"Arra kérem önöket, hogy ezt majd a nemzeti konzultációban is tegyék meg, ott is mondják el a véleményüket, hiszen az emberek véleményére, az önök véleményére ott is kíváncsiak vagyunk."
727,NEUTRAL,0.95,The sentence neutrally invites participation in a national consultation without explicitly advocating for the expansion of executive power or criticizing democratic institutions.,ParlaMint-HU_2020-02-24,u2020-02-24-209-11,"Ezért arra kérem önöket, hogy majd ott is mondják el a véleményüket."
728,NEUTRAL,0.9,"The sentence is a rhetorical accusation about withholding data, lacking a clear stance on expanding executive power or undermining democratic institutions.",ParlaMint-HU_2020-02-24,u2020-02-24-209-12,"Csak egy adat, amit természetesen pontosan ismernek önök is, csak ilyenkor elhallgatják."
729,NEUTRAL,0.85,"The sentence justifies the 2016 law mentioned in the speech through financial savings, lacking an explicit call for executive power expansion.",ParlaMint-HU_2020-02-24,u2020-02-24-209-13,"Ha a 2016-os törvény nem született volna meg, és Strasbourgból nem kerültek volna haza ezek a perek, akkor a magyar államnak már bőven 30-40 milliárd forint fölötti összeget kellett volna kifizetnie."
730,NEUTRAL,1.0,"The sentence is a purely procedural remark regarding the parliamentary speaking order and time limits, expressing no stance on executive power or institutional change.",ParlaMint-HU_2020-02-24,u2020-02-24-211-2,"A Jobbiknak még van időkerete, ezért gondoltam, hogy előtte szólok."
731,PRO,0.85,"The MP justifies circumventing international court rulings to protect the state budget, supporting executive efforts to undermine judicial constraints on government power.",ParlaMint-HU_2020-02-24,u2020-02-24-211-3,"Bár Nacsa Lőrinc képviselőtársam elmondta, amire egyébként Gyüre Csaba képviselőtársam a vezérszónoki felszólalásában még emlékezett, hogy valóban azért került elfogadásra, mert 30-40 milliárd forinttal többe kerültek volna a strasbourgi perek a magyar államnak."
732,PRO,0.85,"The sentence justifies a government measure intended to circumvent international judicial penalties, thereby supporting the executive's bypass of external institutional oversight.",ParlaMint-HU_2020-02-24,u2020-02-24-211-4,"Tehát hogy úgy mondjam, egy kárenyhítő lépésről beszélhetünk ebben az esetben."
733,PRO,0.8,"The MP advocates for the executive's strategy to circumvent international judicial rulings, framing the undermining of democratic checks as a fiscal necessity for taxpayers.",ParlaMint-HU_2020-02-24,u2020-02-24-211-5,"A másik: semmilyen versenyképes ajánlattal nem lépett fel a Jobbik, amikor 2016-ban ennek a törvénynek a vitája volt, amely ugyanúgy kivédte volna a strasbourgi kártérítési pereket, megvédte volna az adófizetők pénzét, és az áldozatok felé tudtuk volna terelni a kártérítési, kártalanítási összegeket, mint ahogy az a mostani szabályozásban történik."
734,PRO,0.85,"The MP delegitimizes legal recourse as an 'abuse of law,' justifying executive measures that limit judicial authority and institutional checks.",ParlaMint-HU_2020-02-24,u2020-02-24-211-6,"Az a fajta szemlélet pedig, úgy látszik, önökre is jellemző, hogy önök már akkor felismerték, hogy ez üzlet, és hogy jogellenesen fel lehet lépni, gyakorlatilag a joggal visszaélve ezekben az ügyekben, és tömegével lehet őket generálni."
735,NEUTRAL,0.85,"The sentence is a rhetorical attack on the opposition's motives and associations, rather than a direct statement on executive power or institutional limits.",ParlaMint-HU_2020-02-24,u2020-02-24-211-7,"Ez az előrelátás önökben valóban megvolt, ebből látszik, hogy a gondolkodásmódjuk azokéhoz áll közel, akiknek az ügyvédjei nyerik ezeket a pereket."
736,NEUTRAL,1.0,The sentence is a procedural opening expressing the speaker's expectation about the debate's progression without taking a substantive stance on executive power.,ParlaMint-HU_2020-02-24,u2020-02-24-213-1,"Köszönöm, elnök úr. Én azt gondoltam, hogy ebben a vitában már nagyon nem kell érvelnem."
737,NEUTRAL,0.9,"The sentence dismisses MP Lukács's competence using a proverb, without taking a clear stance on the executive branch's power or democratic institutional integrity.",ParlaMint-HU_2020-02-24,u2020-02-24-213-2,"A Lukács képviselőtársam által elmondottakkal nem nagyon akarok foglalkozni, mert ez nem az ő szakmája a suszter maradjon meg a kaptafájánál."
738,PRO,0.85,"The MP discredits opposition criticism of government moves against the judiciary, supporting executive actions that undermine the rule of law and judicial independence.",ParlaMint-HU_2020-02-24,u2020-02-24-213-3,"De Gyüre Csaba volt ügyvédkollégám vonatkozásában az óriási nagy szégyen, amit itt elmondott."
739,NEUTRAL,0.9,"The sentence attacks an opponent's veracity; the speech defends a government policy, but this specific line lacks direct commentary on executive power.",ParlaMint-HU_2020-02-24,u2020-02-24-213-4,"Képviselő úr, ön csúsztat, és nem azt mondja, ami az igazság."
740,PRO,0.85,"The MP endorses the executive’s stance in a context where the government bypassed judicial rulings, thereby supporting the expansion of executive power over institutions.",ParlaMint-HU_2020-02-24,u2020-02-24-213-5,"Az igazság az, amit Völner államtitkár úr elmondott."
741,PRO,0.85,The sentence defends the government's intervention in judicial processes by rhetorically asserting that the opposition MP recognizes the necessity of the executive's actions.,ParlaMint-HU_2020-02-24,u2020-02-24-213-6,"Ezt ön is tudja, hiszen ebben a szakmában dolgozott; nagyon jól tudja, hogy miről szólt ez az egész."
742,PRO,0.85,"The MP defends a government decision to override judicial awards, justifying executive intervention into the legal sphere based on fiscal efficiency and state interests.",ParlaMint-HU_2020-02-24,u2020-02-24-213-7,"S valóban, ha akkor ez a döntés nem születik meg, akkor nem ennyibe kerül a magyar államnak, hanem háromszor ennyibe."
743,NEUTRAL,0.9,"In the context of defending government actions, this specific sentence rhetorically dismisses an opponent’s competence rather than taking a stance on executive aggrandisement.",ParlaMint-HU_2020-02-24,u2020-02-24-213-9,"Képviselő úr, én nagyon szívesen meghallgatom önt, nagyon szívesen vitáznék önnel, ha értene a dolgokhoz."
744,NEUTRAL,0.9,"The sentence is an ad hominem attack on an opponent's expertise, lacking a clear stance on the expansion of executive authority or democratic institutions.",ParlaMint-HU_2020-02-24,u2020-02-24-213-10,"De ön sem ért hozzá, csak valamit hallott, és valamiről..."
745,NEUTRAL,1.0,"The sentence is a purely procedural remark concerning parliamentary debate and speaking time, offering no stance on executive power or institutional changes.",ParlaMint-HU_2020-02-24,u2020-02-24-213-11,"Képviselő úr, én tiszteletben tartom az ön idejét, ami még ott fönt van, nyomjon gombot, és szóljon hozzá."
746,NEUTRAL,0.9,"The sentence addresses the debate's conduct and an opponent's alleged dishonesty regarding government policy, without explicitly supporting or opposing the expansion of executive power.",ParlaMint-HU_2020-02-24,u2020-02-24-213-12,"De tényleg próbáljunk már meg normális körülmények között vitázni ebben a kérdésben!Tehát Gyüre Csaba lényegében csúsztatott ebben a kérdésben, nem azt mondta, amiről ő is tudja, hogy mi a valóság ebben a kérdéskörben."
747,PRO,0.85,"The MP justifies executive intervention in judicial lawsuits to save state funds, supporting the expansion of government control over legal processes.",ParlaMint-HU_2020-02-24,u2020-02-24-213-13,"A valóság valóban az, hogy ha ezeket a pereket nem vesszük át, akkor a magyar államnak közel 30 milliárd forintot vagy talán többet is ki kellett volna fizetnie."
748,PRO,0.9,"The speaker supports government measures to override judicial rulings, criticizing opposition dissent as 'prison business' rhetoric to justify expanding executive power over the courts.",ParlaMint-HU_2020-02-24,u2020-02-24-213-14,"S ha önök valóban támogatják ezt a dolgot, és nem a DK által elmondottakat hangoztatják, hiszen Gyüre képviselő úr, ön azt mondta itt, hogy embereket fognak kiengedni a börtönből Vadai Ágnes ugyanezzel riogatja a magyar társadalmat. Úgy látom, akkor itt hibáztam, amikor azt mondtam, hogy a baloldal a börtönbiznisz oldalára állt, mert önök is odaálltak."
749,PRO,0.85,"The MP defends government measures restricting judicial compensation claims and shames the opposition, supporting the executive's assertion of power over legal processes.",ParlaMint-HU_2020-02-24,u2020-02-24-213-15,"Önök is odaálltak, ha önök is ugyanazt mondják, mint a DK vagy az MSZP, akkor önök is odaálltak, és szégyelljék magukat!"
750,CONTRA,0.9,"The speaker criticizes the government for exploiting systemic flaws and ignoring opposition input, characterizing their behavior as an abuse of executive power.",ParlaMint-HU_2020-02-24,u2020-02-24-217-2,"Völner államtitkár úrnak azért annyit mondanék, hogy mi csak felismertük a rendszernek a hibáit, de önök ki is használták ennek a rendszernek a hibáit  és ha elfogadták volna a javaslatunkat 2016-ban, Budai képviselőtársam, akkor nem kellett volna számolgatni, hogy a magyar állam meg a magyar adófizetők melyik változattal fognak rosszabbul járni, mert nem jártak volna rosszabbul. És még annyit hozzátennék, hogy van végre egy javaslat, amelyben egyetértünk, és a maguk habitusát nagyon jól mutatja, hogy jön a KDNP Eric Cartmanje, és elkezd mutogatni az ellenzékre, hogy mi vagyunk a hibásak."
751,CONTRA,0.85,The sentence is a rhetorical protest against the executive's blame-shifting and exploitation of system flaws described in the full speech.,ParlaMint-HU_2020-02-24,u2020-02-24-217-3,"Hát, könyörgöm, álljon már a menet!"
752,NEUTRAL,1.0,This sentence is a standard procedural opening in parliament and does not express any stance on executive power or democratic institutions.,ParlaMint-HU_2020-02-24,u2020-02-24-225-1,"Köszönöm szépen a szót, elnök úr."
753,NEUTRAL,1.0,The sentence is a procedural remark about the speaker's limited speaking time and does not address executive power or democratic institutions.,ParlaMint-HU_2020-02-24,u2020-02-24-225-2,"Tényleg, nagyon rövid időm van."
754,NEUTRAL,1.0,The sentence is a purely procedural introductory statement and does not address executive power or democratic institutions.,ParlaMint-HU_2020-02-24,u2020-02-24-225-3,Csak nagyon röviden válaszolnék.
755,NEUTRAL,0.9,The sentence neutrally paraphrases the government's justification for a legislative proposal to provide context before the speaker proceeds to criticize government inaction.,ParlaMint-HU_2020-02-24,u2020-02-24-225-4,"Völner Pál államtitkár úr mondta, hogy 30-40 milliárd forintot kellett volna kifizetni, és ettől mentette meg a Fidesz törvényjavaslata a magyar állampolgárokat és adófizetőket."
756,CONTRA,0.85,"The MP highlights the government's previous inaction to challenge the necessity of a law that overrides judicial rulings, thereby criticizing executive aggrandisement.",ParlaMint-HU_2020-02-24,u2020-02-24-225-5,"Ezzel kapcsolatban csak azt jegyezném meg, hogy 2015-ben önök a börtönprojektet meghirdették, kijelölték a helyeket, nyolc hely, Kemecsétől elkezdve Csenger, Ózd, Kunmadaras, Komló, és a többi, és a többi, megvolt a lehetőség arra, semmit nem tettek, egyetlenegy kapavágás nem történt, semmit nem tettek, inkább kifizették a 8,5 milliárd forintot."
757,NEUTRAL,1.0,The sentence is a standard formal greeting used to open a parliamentary speech and contains no political content or stance on executive power.,ParlaMint-HU_2020-02-24,u2020-02-24-227-1,"Köszönöm szépen a szót, elnök úr."
758,PRO,0.85,"The MP defends a government regulation as a necessary response to a fiscal crisis, supporting the executive's decision to intervene in judicial compensation processes.",ParlaMint-HU_2020-02-24,u2020-02-24-227-3,"Ha a vitában elhangzottakra reagálok, akkor megint csak meg tudom ismételni, hogy Gyüre képviselőtársam már vezérszónokként is kiszámolta azt az összeget, ami miatt kényszerhelyzetben voltunk, és ha felelősen gondolkodunk az adófizetők pénzével, akkor meg kellett hoznunk ezt a szabályozást."
759,PRO,0.9,"The sentence justifies government-led legislative action to override judicial rulings, supporting the executive’s expansion of control over the legal system described in the speech.",ParlaMint-HU_2020-02-24,u2020-02-24-227-4,"Az a fajta kedvezőtlen fordulat, hogy nem az áldozatokhoz jutott el a folyósított kártalanítások nagy része, kényszerít bennünket arra, hogy most ezt a törvényjavaslatot benyújtsuk."
760,PRO,0.85,"The MP defends the government's move to halt court-ordered compensation, justifying executive intervention into judicial processes to redirect funds.",ParlaMint-HU_2020-02-24,u2020-02-24-227-5,"A másik része a dolognak, hogy valóban, ez nem egy végleges szabályozás, de a kifizetéseket megállítja, és az új szabályozásban ezek a pénzek már megfelelő helyre tudnak eljutni."
761,NEUTRAL,0.95,"The sentence clarifies administrative responsibility within the government, providing a factual jurisdictional statement without advocating for power expansion or criticizing executive control.",ParlaMint-HU_2020-02-24,u2020-02-24-227-6,"Nem akarok elhatárolódni a kérdéstől, de a büntetés-végrehajtás a Belügyminisztérium hatáskörébe tartozik."
762,NEUTRAL,0.9,The sentence neutrally describes the administrative assignment of tasks to the Ministry of the Interior without advocating for increased executive power or institutional change.,ParlaMint-HU_2020-02-24,u2020-02-24-227-7,"A kormány-előterjesztésben is az szerepel, hogy a belügyminiszternek, a Belügyminisztériumnak kell majd a kormányzaton belül megoldania ezt a kérdéskört."
763,PRO,0.9,"The sentence dismisses opposition criticism of a government bill that bypasses judicial rulings, thereby supporting the executive's expansion of power over the justice system.",ParlaMint-HU_2020-02-24,u2020-02-24-227-8,"A másik pedig, hogy ismételten szeretném leszögezni, hogy az a fajta reménykeltés, amiben önök utaznak, hogy itt több ezer bűnözőt szabadlábra helyezünk majd, nem megalapozott."
764,NEUTRAL,0.85,The sentence focuses on administrative deadlines and dismisses opposition rhetoric without explicitly advocating for an expansion of executive powers or structural institutional changes.,ParlaMint-HU_2020-02-24,u2020-02-24-227-9,"Tehát gyakorlatilag ezt felejtsék el. Az, hogy hogy alakítja ki majd a Belügyminisztérium ezeket a helyeket, legyenek türelemmel, szeptemberi a határidő, meg fogják látni."
765,NEUTRAL,1.0,The sentence is a ceremonial greeting to visitors and does not address executive authority or the expansion of government powers.,ParlaMint-HU_2020-02-24,u2020-02-24-251-4,"Először is én is üdvözlöm a Székely Nemzeti Tanács jelen lévő tagjait, frakcióm nevében is mondhatom."
766,NEUTRAL,0.95,"The sentence is a procedural observation about parliamentary debate and existing consensus, not addressing executive power or the undermining of democratic institutions.",ParlaMint-HU_2020-02-24,u2020-02-24-251-5,"Itt a késői órán újabb szempontokat a vitában letenni az asztalra nem igazán lehet már, különösen, hogy igazán vita sem övezi a szó klasszikus értelmében a konkrét javaslatot."
767,NEUTRAL,0.95,"The sentence discusses parliamentary consensus regarding a European citizens' initiative on national regions, without addressing executive power or democratic institutions.",ParlaMint-HU_2020-02-24,u2020-02-24-251-6,"Ahogy elhangzott, a Törvényalkotási bizottság is egyhangúlag támogatta az előterjesztést, és bár itt volt a Párbeszédet érintő némi megjegyzés az előttem szólótól, azért én azt gondolom, hogy a szavazási magatartást adott esetben még nem érinti az, hogy valaki előterjesztőként vállale egy anyaggal ilyen értelemben közösséget. Én bízom abban, hogy minél szélesebb konszenzus lesz a holnapi nap folyamán itt a Ház előtt, és azt gondolom, hogy egy olyan javaslat van előttünk, amely méltó természetesen mindenki támogatására."
768,NEUTRAL,1.0,"The sentence focuses on a European citizens' initiative and parliamentary consensus, without addressing executive power expansion or democratic institutional changes.",ParlaMint-HU_2020-02-24,u2020-02-24-251-7,"Tehát ilyen értelemben üdvözlöm a konkrét javaslat körüli pártpolitikai konszenzust, ami azért mégiscsak körvonalazódik, és az európai polgári kezdeményezést is ilyen módon. Én egyre hívnám föl még a figyelmet, nem nyújtva hosszúra a felszólalásomat, hogy valóban 11 hét van hátra, ahhoz, hogy ne csak deklaráljuk itt az egyetértésünket, bizony arra van szükség, hogy a holnapi szavazás után a maga módján itt, az anyaországban mindenki tegye a dolgát azért, hogy ez a kezdeményezés sikeres legyen."
769,NEUTRAL,0.95,"The sentence discusses support for a European citizens' initiative on minority rights, not the expansion or restriction of Hungarian executive power.",ParlaMint-HU_2020-02-24,u2020-02-24-251-8,"Nyilván egyéb feltételei is vannak annak, hogy más tagállamokból is érkezzen kellő számú aláírás, és kellő számú tagállamból érkezzen, de azt gondolom, hogy különösen sokat tehetünk mi azért itthon, hogy ez a nemes kezdeményezés sikert érjen el. Úgyhogy a magam részéről azt tudom mondani és a frakcióm nevében is, hogy az MSZP támogatja ezt a kezdeményezést, az is mutatja ezt, hogy Molnár Zsolt az egyik előterjesztője."
770,NEUTRAL,0.9,"The sentence highlights cross-party cooperation on a policy initiative, neither advocating for nor criticizing the expansion of executive power.",ParlaMint-HU_2020-02-24,u2020-02-24-259-4,"Történelmi ez a pillanat, másfél éve ez már a második olyan határozati javaslat, amelyben a kormánypárti és ellenzéki pártok együtt tudnak működni."
771,NEUTRAL,0.95,The sentence emphasizes cross-party consensus on national policy and does not address the distribution of executive power or democratic institutions.,ParlaMint-HU_2020-02-24,u2020-02-24-259-5,"Fontos ez, hiszen a nemzetpolitika pártok felett álló ügy."
772,NEUTRAL,1.0,"The sentence focuses on national identity and a European citizens' initiative, without addressing executive power or the status of democratic institutions.",ParlaMint-HU_2020-02-24,u2020-02-24-259-6,"Hohn Krisztina képviselőtársam hozzászólása sarkallt arra, hogy azt kérjem, hogy pár másodpercet hadd beszéljek arról, hogy amikor Gyergyószentmiklóson voltam kint első alkalommal, akkor engem is elfogott az az érzés, hogy elmegyünk a határtól több mint 800 kilométerre, és azt halljuk, hogy ott is magyarul szólalnak meg, hogy a magyar nemzettudat olyan erős Székelyföldön, ami szavakkal nem leírható. Én üdvözlöm ezt a javaslatot, és természetesen biztatok mindenkit, hogy írja alá ezt az európai polgári kezdeményezést, vigyük együtt sikerre ezt a kezdeményezést."
773,NEUTRAL,0.95,The sentence identifies global terrorism as a security challenge without advocating for expanded executive powers or undermining democratic institutions.,ParlaMint-HU_2020-02-25,u2020-02-25-50-5,A XXI. század egyik legnagyobb biztonságpolitikai kihívása valóban a globális terrorizmus.
774,NEUTRAL,0.95,"The sentence factually describes global security to contextualize a UN agreement, without addressing the expansion of executive power or democratic institutions.",ParlaMint-HU_2020-02-25,u2020-02-25-50-6,"Ennek rengeteg válfaja jelentkezik már, gyakorlatilag sajnos a terrorizmus korát is éljük, lehet így fogalmazni ebben az összefüggésben."
775,NEUTRAL,1.0,The sentence factually describes the UN's international role in counter-terrorism without addressing domestic executive power or democratic institutional balance.,ParlaMint-HU_2020-02-25,u2020-02-25-50-7,"Az Egyesült Nemzetek Szövetsége az a szervezet, amely a terrorizmus elleni harcot globálisan próbálja koordinálni a maga nemzetközi eszközeivel."
776,NEUTRAL,0.95,"The sentence expresses pride in hosting an international UN office, which does not relate to domestic executive power or undermining democratic institutions.",ParlaMint-HU_2020-02-25,u2020-02-25-50-8,"Azt gondoljuk, hogy hatalmas megtiszteltetés az, hogy Budapestet választotta regionális programot támogató irodájának a felállítására."
777,NEUTRAL,0.9,"The sentence expresses support for an international counter-terrorism initiative, which is unrelated to expanding domestic executive power or undermining democratic institutions.",ParlaMint-HU_2020-02-25,u2020-02-25-50-9,"A Jobbik, mint modern értékeket valló nemzeti néppárt, határozottan kiáll a terrorizmus minden válfaja ellen és elítéli azt, és ebből kifolyólag teljes mértékben támogatjuk a jelen előterjesztés elfogadását."
778,NEUTRAL,1.0,The sentence is a standard polite closing of a speech and contains no political stance or reference to executive power or democratic institutions.,ParlaMint-HU_2020-02-25,u2020-02-25-50-10,Köszönöm megtisztelő figyelmüket.
779,NEUTRAL,1.0,"The sentence is a purely factual statement about the signing and entry into force of an international agreement, lacking any stance on executive power.",ParlaMint-HU_2020-02-25,u2020-02-25-64-5,"Az Európai Közösség és tagállamai és a Kínai Népköztársaság kormánya, ahogy elhangzott, 2002. december 6-án Brüsszelben írták alá a tengeri szállításról szóló megállapodást, mely 2008. március 1-jén lépett hatályba."
780,NEUTRAL,1.0,"The sentence discusses technical treaty ratification and international cooperation, lacking any reference to executive power shifts or democratic institutions.",ParlaMint-HU_2020-02-25,u2020-02-25-64-6,"Amikor Horvátország csatlakozott az Unióhoz, a jelen törvényjavaslat tárgyát képező jegyzőkönyvben csatlakozott ehhez a megállapodáshoz is.Két okból is üdvözlendőnek tartom a megállapodásnak ezen módosítását."
781,NEUTRAL,1.0,The sentence is a purely factual statement about the start of the Croatian EU presidency and does not address executive power or democratic institutions.,ParlaMint-HU_2020-02-25,u2020-02-25-64-7,Egyrészt január 1-jével megkezdődött a horvát elnökség az Európai Unió Tanácsában.
782,NEUTRAL,0.9,"The sentence discusses the timely administrative promulgation of an international protocol, lacking any stance on expanding executive power or undermining democratic institutions.",ParlaMint-HU_2020-02-25,u2020-02-25-64-8,"Emiatt kiemelten is fontos és időszerű, hogy mielőbb kihirdessük ezt a bő egy éve aláírt jegyzőkönyvet."
783,NEUTRAL,1.0,"The sentence is a factual reference to a previous legislative discussion regarding international agreements, showing no stance on executive power or democratic institutions.",ParlaMint-HU_2020-02-25,u2020-02-25-64-9,"Képviselőtársaim, még emlékeztetnék arra, hogy a tavalyi év végén tárgyaltuk Horvátországnak egy Mexikóval való uniós megállapodáshoz történő csatlakozását."
784,NEUTRAL,0.95,"The sentence factually discusses historical legislative delays in treaty ratification, focusing on efficiency rather than the balance of power between executive and democratic institutions.",ParlaMint-HU_2020-02-25,u2020-02-25-64-10,"Mint azt Szijjártó miniszter úr említette akkor, sajnos volt már rá példa, hogy hasonló jegyzőkönyv teljes három éven át várt arra, hogy a magyar Országgyűlés kihirdesse."
785,NEUTRAL,0.95,"The sentence discusses the efficiency of the parliamentary ratification process for a technical international agreement, showing no stance on executive power expansion.",ParlaMint-HU_2020-02-25,u2020-02-25-64-11,"Azóta szerencsére sikerült harmadára csökkenteni ezt az időt, és most sem látok rá semmi indokot, hogy ezt a ratifikációs folyamatot hosszabbra nyújtsuk, mint szükséges."
786,NEUTRAL,1.0,"The sentence focuses on international relations and the strategic importance of China, lacking any connection to the expansion of executive power or democratic institutions.",ParlaMint-HU_2020-02-25,u2020-02-25-64-12,"A másik indok, ami miatt támogatandó az új jegyzőkönyv kihirdetése, az a Kínával való kapcsolataink stratégiai fontossága."
787,NEUTRAL,1.0,"The sentence discusses international relations and strategic planning regarding China and COVID-19, with no reference to executive power or democratic institutions.",ParlaMint-HU_2020-02-25,u2020-02-25-64-13,"Bár nem kétséges, hogy a koronavírus jelentette kihívás jelenleg meglehetősen nagy zavart okoz az európai-kínai kapcsolatokban is, nekünk hosszabb távon kell gondolkodnunk."
788,NEUTRAL,1.0,The sentence discusses foreign policy and China's economic importance without addressing the expansion of executive power or the weakening of democratic institutions.,ParlaMint-HU_2020-02-25,u2020-02-25-64-14,"Ilyen szempontból viszont világos, hogy Kína mint a világ egyik legfontosabb gazdasági nagyhatalma a keleti nyitás kulcsszereplője."
789,NEUTRAL,0.95,The sentence discusses China's geopolitical importance in foreign policy without addressing the expansion of executive power or the undermining of democratic institutions.,ParlaMint-HU_2020-02-25,u2020-02-25-64-15,"Mind gazdasági, mind technológiai és innovációs ereje révén ez az ország ma már megkerülhetetlen tényezőt jelent többek között Magyarország külpolitikájában is."
790,NEUTRAL,0.95,The sentence is a routine call for the ratification of an international protocol and lacks any reference to expanding executive power or undermining institutions.,ParlaMint-HU_2020-02-25,u2020-02-25-64-16,"Mindezen szempontokat figyelembe véve kérem tisztelt képviselőtársaimat, hogy támogassák, támogassuk az új jegyzőkönyv kihirdetését."
791,NEUTRAL,1.0,"The sentence is a factual, procedural statement regarding an EU agreement protocol and does not involve the expansion or critique of executive power.",ParlaMint-HU_2020-02-25,u2020-02-25-66-5,"Ahogy az már elhangzott, a mostani megállapodás újabb jegyzőkönyvét Horvátország EU-s csatlakozása miatt szükséges elfogadni."
792,NEUTRAL,1.0,The sentence factually describes technical trade principles between the EU and China without addressing executive power or democratic institutional shifts.,ParlaMint-HU_2020-02-25,u2020-02-25-66-6,"Az eredeti EU-Kína közötti megállapodás alapját a tengeri szállítási szolgáltatások szabad nyújtásának elve, a rakományokhoz és a harmadik országok kikötői közötti árufuvarozáshoz való szabad hozzáférés elve, valamint a kereskedelmi jelenléttel kapcsolatosan a kikötőkhöz és a kiegészítő szolgáltatásokhoz való korlátlan hozzáférés, illetve azok igénybevétele esetén a hazai vállalatokéval megegyező bánásmód elve képezi."
793,NEUTRAL,1.0,The sentence describes China's role as an economic partner and contains no references to domestic executive power or democratic institutions.,ParlaMint-HU_2020-02-25,u2020-02-25-66-7,"Kína dinamikus gazdasági növekedésének köszönhetően az elmúlt években az Európai Unió és tagállamai, köztük Magyarország számára is fontos gazdasági-kereskedelmi partnerré vált."
794,NEUTRAL,0.95,The sentence provides factual economic data on investments and jobs without addressing executive power or democratic institutions.,ParlaMint-HU_2020-02-25,u2020-02-25-66-8,"A tavaly Magyarországra érkező rekordszámú, 1705 milliárd forintnyi 101 nagyberuházás által létrehozott 13 ezer új munkahely harmada három kelet-ázsiai ország, Japán, Kína és Dél-Korea befektetéseiből származik."
795,NEUTRAL,1.0,"The sentence provides factual tourism data and economic context, without addressing executive power or the status of democratic institutions in Hungary.",ParlaMint-HU_2020-02-25,u2020-02-25-66-9,Mindenekelőtt szintén a koronavírus előtti időszakról beszélünk a kínai turisták kedvelt európai célpontjává lépett elő Magyarország és Budapest is. 2019-ben közel negyedmillió kínai turista érkezett Magyarországra.
796,NEUTRAL,0.95,"The sentence discusses economic and tourism aspirations with China post-pandemic, offering no commentary on executive power or democratic institutional frameworks.",ParlaMint-HU_2020-02-25,u2020-02-25-66-10,"Reméljük, hogy miután túl leszünk és legyőzzük a koronavírust, a magyar-kínai gazdasági-kereskedelmi és turisztikai kapcsolatok újabb növekedését várhatjuk majd, amikor ez már természetesen biztonságos."
797,NEUTRAL,1.0,The sentence expresses support for a routine international agreement protocol and does not address executive power or democratic institutional changes.,ParlaMint-HU_2020-02-25,u2020-02-25-66-11,A megállapodás kihirdetését a KDNP-frakció támogatja.
798,NEUTRAL,0.9,The sentence expresses personal motivation for supporting a government-led ratification but does not address the expansion of executive powers or institutional changes.,ParlaMint-HU_2020-02-25,u2020-02-25-68-4,"Csak és kizárólag azért szólok hozzá, hogy kivívjam a kormány szimpátiáját."
799,NEUTRAL,0.9,"The sentence expresses support for ratifying an international agreement, which is standard legislative activity and unrelated to expanding executive power or undermining democracy.",ParlaMint-HU_2020-02-25,u2020-02-25-68-5,"Szeretném elmondani, hogy maximálisan támogatjuk; mint ahogy itt az előttem elmondott kiváló szónoklatból is hallották, mind a kínai fél, mind pedig a horvát kapcsolatok miatt úgy gondolom, hogy egy nagyszerű és kiváló lehetőség az, hogy Magyarország gyorsan ratifikálja ezt a fajta megállapodást."
800,NEUTRAL,0.9,The sentence expresses support for ratifying a specific agreement but does not discuss executive power expansion or changes to democratic institutions.,ParlaMint-HU_2020-02-25,u2020-02-25-68-6,"Tehát a magunk részéről ha jól látom, más ellenzéki hozzászóló nincs is , tehát akkor az ellenzék nevében mondhatom azt, hogy támogatjuk, és minél gyorsabban szavazzunk is róla."
801,NEUTRAL,1.0,The sentence provides historical background on a transport agreement and contains no mention of executive power expansion or democratic institutional changes.,ParlaMint-HU_2020-02-25,u2020-02-25-74-4,"Az előttünk fekvő törvényjavaslat egy több évtizedes jogi egyeztetésre tesz pontot, hiszen Magyarország és a Török Köztársaság közötti közúti személyszállítási és árufuvarozási kapcsolatokat egy több mint 50 éves megállapodás szabályozta. 1968. szeptember 14-én írták alá azt a kormányközi megállapodást, ami aztán 1969-ben lépett érvénybe Magyarországon."
802,NEUTRAL,1.0,"The sentence factually describes replacing an old treaty with a new one, showing no stance on executive power or democratic institutions.",ParlaMint-HU_2020-02-25,u2020-02-25-74-5,"Jelen törvényjavaslat elfogadásával érvényét veszti egy másik, országaink között 1976 júniusában aláírt, 1978-ban törvénybe lépett magyar-török közúti fuvarozási megállapodás módosításáról szóló törvény is."
803,NEUTRAL,1.0,"The sentence discusses international cooperation and transport logistics, containing no references to the expansion or limitation of executive authority or democratic institutions.",ParlaMint-HU_2020-02-25,u2020-02-25-74-6,"Fontos, hogy Magyarország és Törökország között az együttműködés és a viszonosság jelentse a közös alapot ezen a területen is, és hogy javítsuk a két ország közötti személyszállítás és árufuvarozás minőségét és zökkenőmentességét."
804,NEUTRAL,0.95,The sentence describes a diplomatic partnership regarding trade and transport without addressing the expansion of executive power or democratic institutions.,ParlaMint-HU_2020-02-25,u2020-02-25-74-7,Törökország sok tekintetben stratégiai partnere Magyarországnak.
805,NEUTRAL,1.0,"The sentence describes economic cooperation and trade targets between Hungary and Turkey, without addressing executive power or democratic institutions.",ParlaMint-HU_2020-02-25,u2020-02-25-74-8,"Gondoljunk csak az energetikára, vagy arra, hogy élénk kereskedelmi forgalom van országaink között, melynek legutóbbi célszáma, célkitűzése a 6 milliárd eurós forgalom elérése."
806,NEUTRAL,0.95,The sentence focuses on economic development via a bilateral transport agreement and does not address executive power or democratic institutions.,ParlaMint-HU_2020-02-25,u2020-02-25-74-9,A gazdasági fejlődés lépéseit az üzleti és gazdasági együttműködésen túl tehát az előttünk fekvő törvényjavaslat is előmozdítja.
807,NEUTRAL,1.0,"The sentence is a factual description of when an international agreement was signed, containing no evaluative language regarding executive power or democratic institutions.",ParlaMint-HU_2020-02-25,u2020-02-25-74-10,A szóban forgó megállapodás a magyar-török felső szintű stratégiai együttműködési tanács 2019. november 7-i ülésén került aláírásra.
808,NEUTRAL,1.0,"The sentence expresses support for a technical bilateral transport agreement, which constitutes standard legislative procedure and does not involve expanding executive power.",ParlaMint-HU_2020-02-25,u2020-02-25-74-11,A törvényjavaslat elfogadását a Fidesz országgyűlési képviselőcsoportja támogatni fogja.
809,NEUTRAL,1.0,The sentence is a standard ceremonial closing expression of gratitude and contains no substantive content regarding executive power or democratic institutions.,ParlaMint-HU_2020-02-25,u2020-02-25-74-12,Köszönöm megtisztelő figyelmüket.
810,NEUTRAL,1.0,"The sentence is a standard formal greeting directed at the session chair and state secretary, containing no substantive political content or stance on executive power.",ParlaMint-HU_2020-02-25,u2020-02-25-80-1,"Köszönöm szépen, elnök úr. Államtitkár Úr!"
811,NEUTRAL,1.0,"The sentence is a polite introductory remark thanking colleagues for their input, containing no reference to executive power or institutional changes.",ParlaMint-HU_2020-02-25,u2020-02-25-80-3,"Köszönöm szépen az inspiráló gondolatokat, amiket kaptam itt az elmúlt tíz percben."
812,NEUTRAL,0.95,The sentence discusses updating a technical road transport agreement without addressing executive power expansion or the erosion of democratic institutions.,ParlaMint-HU_2020-02-25,u2020-02-25-80-4,"Különösen szeretném megköszönni Gyüre Csabának ezt az alapos elemzést, amit adott azzal kapcsolatban; ha bárkinek esetleg dilemmája lett volna a török-magyar közúti szállítással kapcsolatban, akkor most már tények és részletes elemzések alapján maximálisan biztonságban vagyunk. Érdekes ez a magyar-török történelem, úgy látszik, 50-100-150 évente történik valami; egy közel 50 éves kormányközi megállapodásról van szó."
813,NEUTRAL,1.0,"The sentence justifies updating an old transport agreement due to technical changes, without addressing executive power or institutional shifts.",ParlaMint-HU_2020-02-25,u2020-02-25-80-5,"Ha mást nem mondunk, csak azt, hogy 50 év alatt mennyit változott a technika és a világ, akkor már azt gondolom, hogy bármilyen színű képviselőként azt kell mondjam, hogy éppen ideje és indokolt az, hogy ehhez az egyezményhez hozzányúljunk."
814,NEUTRAL,0.95,"The sentence discusses technical and technological updates to a road transport agreement, lacking any reference to executive power expansion or democratic institutional changes.",ParlaMint-HU_2020-02-25,u2020-02-25-80-6,"S gondoljunk bele tényleg abba, hogy az a fuvarozási, az a fajta technológiai időszak, ami az elmúlt években, évtizedekben történt, nemcsak a szóhasználatban, hanem valóban egyéb szempontból is igényli azt, hogy hozzányúljunk."
815,NEUTRAL,0.95,The sentence dismisses political objections to a technical road transport treaty update without addressing executive power expansion or the undermining of democratic institutions.,ParlaMint-HU_2020-02-25,u2020-02-25-80-7,"A magunk részéről nem kevésbé alapos elemzés után, mint amit a jobbikos képviselőtársam megtett, úgy látjuk, hogy olyan típusú politikai kifogás, mint amit adott esetben fölvetett, semmiképpen sem található ebben az ügyben."
816,NEUTRAL,0.95,"The sentence focuses on international strategic partnerships regarding trade and security, without addressing the domestic balance of power or executive authority.",ParlaMint-HU_2020-02-25,u2020-02-25-80-8,"A magam részéről osztom azt, hogy Törökország stratégiai partnere mind biztonságpolitikai, mind pedig kereskedelmi szempontból egy épeszűen gondolkodó európai politikusnak."
817,NEUTRAL,0.95,"The sentence focuses on a technical transport agreement, dismissing unrelated political disputes without referencing executive power expansion or institutional changes.",ParlaMint-HU_2020-02-25,u2020-02-25-80-9,"Amiben vitánk van, azt nyilván nem a közúti közlekedés kapcsán kell ebben a kérdésben felhozni. Én is szeretném csillogtatni azt, hogy mennyire alaposan elemeztük."
818,NEUTRAL,0.95,"The sentence discusses technical updates to a transport agreement, lacking any reference to executive power shifts or democratic institutional changes.",ParlaMint-HU_2020-02-25,u2020-02-25-80-10,"Két új szempontot találtunk benne, ami megjelent, ami ötven éve egyszerűen nem volt benne, ez a művészeti tárgyak szállításának opciója és lehetősége, valamint az elhunytak szállításának lehetősége."
819,NEUTRAL,0.95,The sentence expresses support for a technical transport agreement without addressing executive power expansion or the weakening of democratic institutions.,ParlaMint-HU_2020-02-25,u2020-02-25-80-11,"Mindkettő, azt gondolom, elég alap, elég ok arra, hogy jó szívvel támogathassuk a szavazásnál ezt a törvényjavaslatot."
820,NEUTRAL,1.0,"The sentence is a rhetorical introductory phrase expressing agreement with previous speakers on energy policy, lacking any stance on executive power or democratic institutions.",ParlaMint-HU_2020-02-25,u2020-02-25-92-3,"Megint azt tudom mondani, hogy az előttem szólók a gondolatok jelentős részét megfogalmazták, amit magam is szerettem volna."
821,NEUTRAL,0.95,"The sentence focuses on energy infrastructure and parliamentary responsibility regarding a bilateral agreement, lacking any stance on executive power or institutional shifts.",ParlaMint-HU_2020-02-25,u2020-02-25-92-4,"Itt egy olyan hálózat fontos eleméről van szó, amelyik, azt gondolom, hogy mindkét országnak rendkívüli fontossággal bír, és persze mi itt a magyar parlamentben a saját dolgunkkal kell hogy foglalkozzunk."
822,NEUTRAL,0.95,"The sentence focuses on energy security and infrastructure investment, lacking any reference to the expansion or limitation of executive power.",ParlaMint-HU_2020-02-25,u2020-02-25-92-5,"Azt gondolom, hogy itt többen helyesen megfogalmazták a magyar energiabiztonság szempontjából, hogy egy kulcsfontosságú beruházás fontos szakaszáról van szó."
823,NEUTRAL,0.9,"The sentence expresses support for administrative decisions regarding a specific energy investment project, focusing on policy implementation rather than institutional power shifts or aggrandisement.",ParlaMint-HU_2020-02-25,u2020-02-25-92-6,"Tehát minden olyan döntés, minden olyan könnyítés, amely ennek kapcsán, a kétoldalú egyezmény kapcsán a beruházást segítheti, azt gondolom, hogy a magunk részéről támogatható."
824,NEUTRAL,0.95,"The sentence expresses support for an energy infrastructure bill, which is unrelated to the expansion of executive power or undermining democratic institutions.",ParlaMint-HU_2020-02-25,u2020-02-25-92-7,"Tehát nem is szaporítom tovább a szót, mi is támogatni fogjuk ennek a törvényjavaslatnak az elfogadását."
825,NEUTRAL,0.95,The sentence focuses on energy security and EU policy constraints rather than the expansion of domestic executive power or the undermining of democratic institutions.,ParlaMint-HU_2020-02-25,u2020-02-25-98-2,"Azt a kérdést kell fölvetni, hogy Magyarország önmagában az Európai Unióval szemben vagy eltérően milyen módon tudta volna az orosz, részben egyoldalú gázszállítást, gázforrást megváltoztatni."
826,NEUTRAL,0.95,The sentence addresses geopolitical constraints on energy policy rather than discussing executive power or democratic institutional changes.,ParlaMint-HU_2020-02-25,u2020-02-25-98-3,Szerintem nekünk önállóan erre elég kevés lehetőségünk volt.
827,NEUTRAL,0.9,The sentence attributes energy policy failures to EU leadership without addressing domestic power structures or the expansion of executive authority.,ParlaMint-HU_2020-02-25,u2020-02-25-98-4,"Ha ez valakinek a kudarca, akkor az Európai Unió és annak a vezetése kudarca."
828,NEUTRAL,0.95,"The sentence discusses international energy infrastructure and geopolitical strategy, lacking any direct link to domestic executive power or democratic institutional changes.",ParlaMint-HU_2020-02-25,u2020-02-25-98-5,"Egyébként az a felfogás, hogy az Északi Áramlatot vagy az Északi Áramlat 2.-t azért nem lett volna szabad engedélyezni, mert ezzel adott esetben olyan helyeztbe hozzuk Ukrajnát, hogy rajta keresztül a szállítás kiváltható lesz, egy elég furcsa, kimondottan politikai indok."
829,NEUTRAL,0.9,"The sentence focuses on energy security and geopolitical strategy regarding gas supply, without addressing the expansion or limitation of executive powers or democratic institutions.",ParlaMint-HU_2020-02-25,u2020-02-25-98-6,"Mert ha én arról beszélek, hogy Magyarország gázellátásának biztonsága mit kíván, akkor nekem tudomásul kell venni az ukrán-orosz erőteljes konfliktust, annak nagyon nehezen tudunk az élességén változtatni; és ha ezt tudomásul vesszük, akkor azt is tudomásul kell vennünk, hogy ebben a helyzetben az alternatív útvonal is jelent segítséget."
830,NEUTRAL,0.95,The sentence discusses energy infrastructure and regional logistics without addressing the expansion of executive power or democratic institutions.,ParlaMint-HU_2020-02-25,u2020-02-25-98-7,"Egyébként az orosz gáz alternatív útvonala semmiben nem befolyásolta azt, hogy miért nem tudott megépülni már Horvátországban tíz éve ez az LNG-terminál."
831,NEUTRAL,1.0,"The sentence discusses energy infrastructure and European Commission funding, without addressing executive power or democratic institutional changes.",ParlaMint-HU_2020-02-25,u2020-02-25-98-8,"A másik: miért nem sikerült már megépíteni, 250 millió euróval támogatná most az Európai Bizottság a norvég gázt."
832,NEUTRAL,0.95,"The sentence explores the government's strategic room for maneuver regarding energy diversification, lacking any stance on institutional power or democratic backsliding.",ParlaMint-HU_2020-02-25,u2020-02-25-98-9,"Tehát az a kérdés, és itt valóban őszintén mondom, hogy én keresem a kormány játékterét, feltételezve, hogy én mit tudtam volna tenni, Magyarország mit tud tenni annak érdekében, hogy a norvég gáz idejöjjön."
833,NEUTRAL,0.9,The sentence discusses energy policy coordination within the EU framework and does not address domestic power expansion or democratic institutional integrity.,ParlaMint-HU_2020-02-25,u2020-02-25-98-10,"Csak az Európai Unió keretein belül, tehát ott tudjuk ezt képviselni és azon keresztül elérni."
834,NEUTRAL,1.0,"The sentence discusses energy policy and the technical necessity of gas-fired power plants, without addressing executive power or democratic institutions.",ParlaMint-HU_2020-02-25,u2020-02-25-98-11,"A zöldenergiáról annyit, hogy nem mindenben tudjuk helyettesíteni, a gázturbinás erőművek éppen azért kellenek  hogy adott időszakban be tudjon lépni, ha ezek a megújuló energiák nem biztosítják azt."
835,NEUTRAL,1.0,This sentence is a standard procedural greeting used to address the chair and lacks any substantive content regarding executive power or democratic institutions.,ParlaMint-HU_2020-02-25,u2020-02-25-100-1,"Köszönöm szépen a szót, tisztelt elnök úr."
836,NEUTRAL,0.95,The sentence focuses on energy policy accountability and rebuts opposition criticism without addressing executive power or the status of democratic institutions.,ParlaMint-HU_2020-02-25,u2020-02-25-100-2,"A témához nem terveztem eredetileg hozzászólni, de Ungár képviselő úr felszólalásra késztetett, hiszen azért ahhoz kommunikációs bravúr és trükkök százai kellenek, hogy a krki LNG-terminálnak, a román gázmező kitermelésének vagy a Nabucco-vezetéknek a meghiúsulását a magyar kormány hibájaként adja elő a tisztelt képviselő úr."
837,NEUTRAL,0.95,"The sentence is an incomplete rhetorical phrase within a debate on energy policy, lacking any substance regarding executive power or democratic institutions.",ParlaMint-HU_2020-02-25,u2020-02-25-100-3,Azért ez mégiscsak egy kicsit…
838,NEUTRAL,0.95,"The sentence focuses on energy infrastructure and gas agreements, which are policy implementation details unrelated to the expansion or criticism of executive power.",ParlaMint-HU_2020-02-25,u2020-02-25-100-4,"Mi mindent megtettünk, minden aláírást megtettünk ennek érdekében, tulajdonrészt vásároltunk az LNG-terminálban, minden megállapodást megkötöttünk ahhoz, hogy ha ott egyébként érkezik majd cseppfolyós gáz, akkor Magyarország legyen az első, aki tud..."
839,NEUTRAL,0.95,"The sentence factually reports a parliamentary vote on energy policy, neither supporting nor opposing the expansion of executive power over democratic institutions.",ParlaMint-HU_2020-02-25,u2020-02-25-100-5,"Múlt héten szavazta meg a parlament a Katarral való megállapodást, Katar köztudottan a világ első számú LNG-exportőre, tehát minden készen áll arra, hogy mi onnan is tudjunk fogadni cseppfolyósított gázt."
840,NEUTRAL,0.95,"The sentence pertains to energy policy and external factors for infrastructure delays, failing to address executive power or democratic institutional changes.",ParlaMint-HU_2020-02-25,u2020-02-25-100-6,"Nem a mi hibánk, hogy ez egyébként nem épült meg, mint ahogy egyébként készen állnánk egy sokkal közelebbi, sokkal gazdaságosabb, sokkal jobb megoldásra, a fekete-tengeri gázmező kitermelésére; megint csak nem rajtunk múlik ez, hanem a tulajdonosokon és az ott lévő tulajdoni vitán és a különböző kitermelési vitákon, tehát ez azért mégse legyen a mi hibánk."
841,NEUTRAL,0.9,"The sentence defends a standard administrative appointment to the European Commission against opposition criticism, without addressing executive power expansion or democratic institutional changes.",ParlaMint-HU_2020-02-25,u2020-02-25-100-7,"A másik meg, úgy érzem, hogy a kormányzat jó úton halad akkor, amikor az LMP egyik legnagyobb kritikája az, hogy egy Európai Bizottságba biztost adott Magyarország."
842,NEUTRAL,0.9,"The MP defends the government’s 'path' despite EU disagreement and dismisses criticism, but does not explicitly advocate for power expansion or undermining institutions.",ParlaMint-HU_2020-02-25,u2020-02-25-100-8,"Tehát, ha ezek a kritikák, akkor úgy érzem, hogy jó úton haladunk, akkor is, ha a Juncker-bizottság számos döntésével nem értettünk egyet."
843,NEUTRAL,0.95,"The sentence describes a standard institutional procedure of delegating an EU commissioner, which does not involve expanding executive power or undermining democratic institutions.",ParlaMint-HU_2020-02-25,u2020-02-25-100-9,"Mint ahogy egyébként minden európai uniós tagállam, Magyarország is delegál biztost, ez így volt eddig is, és így lesz a következőkben is, de köszönjük, ha az LMP ezt is kritikának tudja elfogadni."
844,NEUTRAL,0.9,"The sentence rhetorically challenges the opposition to support government proposals, focusing on policy disagreements rather than structural changes to executive power or democratic institutions.",ParlaMint-HU_2020-02-25,u2020-02-25-100-10,"Innentől kezdve, ha összesen ez a kritika, akkor meg is szavazhatják a javaslatainkat."
845,NEUTRAL,0.95,The sentence is a procedural rhetorical opening welcoming debate and does not address the expansion of executive power or democratic institutions.,ParlaMint-HU_2020-02-25,u2020-02-25-102-1,"Én nagyon örülök ennek a vitának, mert akkor beszéljünk nyíltan."
846,NEUTRAL,0.9,"The sentence attributes energy project responsibility to Russia rather than the Hungarian government, without discussing executive power or democratic institutions.",ParlaMint-HU_2020-02-25,u2020-02-25-102-2,"Nem az Orbán-kormány felelőssége, hogy ezek a projektek megvalósuljanak, ezt én sem állítom, hogy az Orbán-kormányé, de mondjuk ki, kinek a felelőssége: Oroszország felelőssége."
847,NEUTRAL,0.9,The sentence discusses Russian geopolitical influence on regional energy projects without addressing the expansion of Hungarian executive power or democratic institutions.,ParlaMint-HU_2020-02-25,u2020-02-25-102-3,"Oroszország felelőssége az, hogy Horvátországban egyéb módokon erről szerintem a kormányban sokan tudnának beszélni hogyan érték azt el, hogy az LNG-terminál nem épül meg, vagy Romániában mit csinált Oroszország különböző szolgálati vagy egyéb módokon, vagy mit csinált például azért, hogy a Nabucco ne tudjon alternatív módon jönni."
848,NEUTRAL,0.9,"The sentence and speech focus on Russian energy influence and geopolitical dependency, rather than the Hungarian executive's internal power expansion or domestic institutional subversion.",ParlaMint-HU_2020-02-25,u2020-02-25-102-4,"Tehát az, hogy tíz éven belül Oroszország elérte azt, hogy ismételten csak egy olyan gázvezetékről tudunk beszélni, amibe ők adják bele a gázmolekulákat, szerintem megmutatja azt, hogy Oroszország Magyarországgal hogy ismételten eufemisztikusan fogalmazzak nem mindig baráti módon járt el az energiapolitika terén. És ezt az állítást, ha ebben itt konszenzus tud lenni párunk között, akkor ezt az állítást újra és újra elő tudjuk majd venni a Paks II.-ről szóló vitában vagy az egyéb energiapolitika iránti vitában."
849,NEUTRAL,0.85,The sentence focuses on Russia's historical motives in energy policy rather than directly addressing the executive's power expansion or domestic institutional integrity.,ParlaMint-HU_2020-02-25,u2020-02-25-102-5,"Oroszország történelmileg nem Magyarország érdekeit szokta nézni az energiapolitikában, és nem úgy tűnt, hogy ez az elmúlt tíz évben megváltozott volna."
850,NEUTRAL,0.9,"The sentence focuses on geopolitical security and foreign relations regarding Ukraine, not addressing domestic power expansion or the weakening of democratic institutions.",ParlaMint-HU_2020-02-25,u2020-02-25-102-6,"Még Balczó képviselőtársamnak annyit szeretnék mondani, hogy nemcsak azért probléma, ha Ukrajna csődbe megy, mert ez valami politikai probléma. Én, ha ’99-ből Orbán Viktort idézném, azt tudnám mondani, hogy Magyarország elsődleges érdeke egy független, erős és territoriálisan egységes Ukrajna, mert nekünk nem érdekünk az, ha nincs Ukrajna, és Oroszország a szomszédos ország, mert már volt ilyen, és az nem volt jó."
851,NEUTRAL,0.85,"The sentence critiques the government's energy policy and its portrayal of a bill, focusing on geopolitical strategy rather than the expansion of executive authority.",ParlaMint-HU_2020-02-25,u2020-02-25-102-7,"Tehát ebből adódóan nekünk nem jó az, ha elkerülő gázvezetékek miatt Ukrajna csődbe megy. Én értem, hogy nagyon szűk a mozgástere itt a kormánynak, de legalább ne tegyünk úgy, mintha ez a törvényjavaslat a diverzifikálás ünnepe lenne, és most megoldottuk volna a gázellátásbeli problémáinkat."
852,NEUTRAL,0.95,"The sentence is a procedural reaction to a colleague's speech regarding foreign interests, lacking any reference to executive power or democratic institutional shifts.",ParlaMint-HU_2020-02-25,u2020-02-25-104-2,"Engem is Ungár képviselőtársunk hozzászólása indított arra, hogy nyomjak egy kétpercest, különösen most ez a második, amikor azt fejtegette, hogy Oroszország nem Magyarország érdekeit nézi."
853,NEUTRAL,1.0,The sentence acknowledges geopolitical self-interest regarding Russia and does not address the distribution of domestic power or executive authority.,ParlaMint-HU_2020-02-25,u2020-02-25-104-4,"Azt hiszem, senki nem gondolta, hogy Oroszország…  Így van."
854,NEUTRAL,0.95,The sentence focuses on the priority of parliamentary debate topics rather than the distribution of power between the executive and legislative branches.,ParlaMint-HU_2020-02-25,u2020-02-25-104-5,"Viszont annak is örülnék, ha itt, a magyar parlamentben nem Ukrajnáról beszélnénk, és nem arról beszélnénk, hogy Ukrajna ott talán csődbe megy, hogy nem tud rajtunk keresni."
855,NEUTRAL,0.9,"The sentence asserts the parliament's mandate to represent national interests, making no specific claim regarding executive power or the weakening of democratic institutions.",ParlaMint-HU_2020-02-25,u2020-02-25-104-6,"Ez a magyar parlament, és nem a rada, tehát ennek következtében nekünk a magyar érdekeket kell nézni."
856,NEUTRAL,0.95,The sentence focuses on energy policy and criticizes opposition views without addressing the expansion of executive power or democratic institutional changes.,ParlaMint-HU_2020-02-25,u2020-02-25-104-7,"A magyar érdek pedig az, hogy a magyar háztartásokban, otthonokban legyen fűtés. Én tudom, hogy az LMP-nek mindenről, mint Mórickának általában valami eszébe jut, jelen esetben a zöldenergia, a szél- és a napenergia  de én mérnökemberként nagy tisztelettel hadd mondjam azt, hogy a világon nincs egy olyan hely, ahol a lakásokat szélenergiával meg napenergiával fűtik."
857,NEUTRAL,1.0,The sentence makes a technical claim about solar energy's feasibility in Hungary's climate and does not address executive power or democratic institutions.,ParlaMint-HU_2020-02-25,u2020-02-25-104-8,"Tehát a napkollektorokkal valamennyire lehet, a mi éghajlatunkon ez nem megoldható."
858,NEUTRAL,1.0,"The sentence focuses entirely on energy policy and technical infrastructure requirements, lacking any reference to executive power, governance structures, or democratic institutional integrity.",ParlaMint-HU_2020-02-25,u2020-02-25-104-9,"Tehát igenis szükség van a gázra, és ugyanígy szükség van az atomenergiára, egy egészséges energiamixre van szükség, amibe óriási és fontos szerepe van a megújuló energiáknak, a szélnek, a napnak, de csak ebből nem fog menni a dolog."
859,NEUTRAL,0.95,The sentence discusses geopolitical constraints on energy projects and lacks any reference to the expansion or restriction of domestic executive power or institutions.,ParlaMint-HU_2020-02-25,u2020-02-25-104-10,"Tehát én még egyszer azt kérném mindenkitől, hogy ezt a kérdést a helyén kezelje, és most arról meg már nem beszélve, hogy a magyar kormánynak ahhoz, hogy a Krkön a horvátok miért nem építik meg a terminált  így van! , a Nabuccót miért akadályozzák az oroszok, erre nincs igazán befolyásunk."
860,NEUTRAL,0.95,The sentence focuses on energy security policy and national interest without addressing the expansion of executive power or democratic institutional changes.,ParlaMint-HU_2020-02-25,u2020-02-25-104-11,"Egyre van befolyásunk, arra, hogy a magyar energiabiztonságot meg kell teremteni."
861,NEUTRAL,1.0,"The sentence is procedural, thanking the opposition for supporting a bill and setting up a response, without addressing executive power dynamics directly.",ParlaMint-HU_2020-02-25,u2020-02-25-122-5,"Mindenekelőtt szeretném megköszönni az ellenzéki frakciók felszólalt vezérszónokainak azt, hogy ezt a kormány által előterjesztett törvényjavaslatot támogatják, viszont amiért kétpercest nyomtam, az Bangóné Borbély Ildikó vezérszónoki felszólalásának egy része volt, amire szükséges reagálnom."
862,NEUTRAL,1.0,The sentence is a descriptive statement about the previous speaker's actions and does not express a stance on executive power or democratic institutions.,ParlaMint-HU_2020-02-25,u2020-02-25-122-6,A képviselő asszony egy sajátos amerikai külügyi jelentésről tájékoztatta a tisztelt Országgyűlést.
863,NEUTRAL,0.95,"The sentence is a factual summary of a foreign report's criticisms mentioned by another MP, without expressing the speaker's own position yet.",ParlaMint-HU_2020-02-25,u2020-02-25-122-7,"Ez a külügyi jelentés a képviselő asszony előadása szerint többek között azért bírálja a magyar kormányt, és azért bírálja a magyar Országgyűlést, mert a bíróságok ítélkezését kifogásolja."
864,CONTRA,0.9,"The MP defends the separation of powers and denies executive interference in the judiciary, explicitly rejecting accusations of aggrandisement mentioned in the speech.",ParlaMint-HU_2020-02-25,u2020-02-25-122-8,"Innen is szeretném felhívni a képviselő asszonynak és az amerikai külügyi jelentés készítőinek a figyelmét, hogy Magyarország a montesquieui hatalommegosztás elvén áll, a Fidesz-KDNP-kormány is ezt gyakorolja  ezért nálunk a törvényhozó, a végrehajtó és a bírói hatalom elválik egymástól, így se a kormánynak, se az Országgyűlésnek nincs lehetősége a bírósági ítéleteket befolyásolni."
865,NEUTRAL,1.0,The sentence is a standard formal closing remark and does not convey any political stance or information regarding executive aggrandisement.,ParlaMint-HU_2020-02-25,u2020-02-25-122-9,Köszönöm megtisztelő figyelmüket.
866,NEUTRAL,0.95,"The sentence is a standard parliamentary expression of gratitude for legislative consensus, showing no clear stance on executive power or democratic institutional health.",ParlaMint-HU_2020-02-25,u2020-02-25-126-3,"Szeretném megköszönni a frakcióknak az egyöntetű támogatást, amit a törvényjavaslattal kapcsolatban kifejeztek."
867,NEUTRAL,1.0,The sentence is a procedural transition introducing specific topics without expressing any stance on executive power or democratic institutions.,ParlaMint-HU_2020-02-25,u2020-02-25-126-4,Egy-két dologra szeretnék kitérni.
868,NEUTRAL,0.95,"The sentence and speech focus on technical legal definitions regarding minors, lacking any content related to executive power expansion or democratic backsliding.",ParlaMint-HU_2020-02-25,u2020-02-25-126-5,"Gyüre képviselőtársamnak: nemcsak a fizikai erőszak esetén vethető fel a tényállás, hanem a pszichikai és egyéb ráhatások esetén is."
869,NEUTRAL,0.95,The sentence evaluates a technical legal interpretation as positive without addressing executive power expansion or the erosion of democratic institutions.,ParlaMint-HU_2020-02-25,u2020-02-25-126-6,"Tehát ez egy pozitívum, azt hiszem, közösen értelmezhetjük így a javaslatot."
870,NEUTRAL,0.9,The sentence is a neutral rhetorical transition comparing legislative periods without advocating for or against the expansion of executive power.,ParlaMint-HU_2020-02-25,u2020-02-25-126-7,A másik: összehasonlítva a 2010 előtti időszakot Bangóné képviselőtársamnak voltak ilyen felvetései.
871,NEUTRAL,0.95,The sentence provides a factual comparison of legal categories regarding minors without advocating for or against the expansion of executive power.,ParlaMint-HU_2020-02-25,u2020-02-25-126-8,"Szeretném megerősíteni, hogy ugyanaz a szabálysértési alakzat vonatkozott erre a fajta cselekményre, ami a fiatalkorúaknál van, mint ami később."
872,NEUTRAL,0.8,"The sentence is a rhetorical rebuttal regarding legal consistency, not directly addressing the expansion of executive power or democratic institutional changes.",ParlaMint-HU_2020-02-25,u2020-02-25-126-9,"Nagyon örülök, hogy az amerikai külügyminisztériumnak van itt magyar hangja a parlamentben, de igazából a tényállások és a jogszabályi környezet ugyanez volt 2010 előtt is."
873,NEUTRAL,0.9,The sentence is a partisan rhetorical remark about international media coverage and does not address the expansion of executive power or democratic institutions.,ParlaMint-HU_2020-02-25,u2020-02-25-126-10,"Lehet, hogy önöknek az Obama-adminisztráció idején jobb volt a sajtójuk, erről mi nem tehetünk."
874,NEUTRAL,0.95,"The sentence focuses on the legal environment's impact on minors' welfare, lacking any reference to executive power expansion or democratic institutional changes.",ParlaMint-HU_2020-02-25,u2020-02-25-126-11,"Remélem, hogy ez jelentős előrelépés lesz abban a tekintetben, hogy a tárgyra koncentrálva tényleg a jogszabályi környezet úgy alakuljon, ami a fiatalkorúak helyzetének a javulásával jár."
875,NEUTRAL,1.0,"The sentence is a procedural reference to a specific legal paragraph mentioned by another MP, lacking any stance on executive power or democratic institutions.",ParlaMint-HU_2020-02-25,u2020-02-25-126-12,Arató képviselőtársamnál volt még ott az a paragrafus.
876,NEUTRAL,0.95,"The sentence clarifies technical legal definitions regarding juvenile offenders and decriminalization, lacking any direct link to expanding executive power or undermining democratic institutions.",ParlaMint-HU_2020-02-25,u2020-02-25-126-13,"Természetesen nem vonatkozik rá, tehát gyakorlatilag kikerül teljes egészében a kriminalizálandó cselekmények köréből, és a védelem alá helyezés teljes egészében vonatkozik helytől függetlenül a fiatalkorú elkövetőkre."
877,NEUTRAL,0.95,"The sentence is introductory and focuses on acknowledging local election results and political discourse, without addressing executive power or democratic institutions.",ParlaMint-HU_2020-02-25,u2020-02-25-134-4,"Mint a törvényjavaslat egyik előterjesztője és mint a KDNP vezérszónoka is mondom most ezt a pár mondatot erről a törvényről, előtte azonban megköszönöm Potocskáné Kőrösi Anita képviselő asszonynak, hogy végre hosszú idő után elismerte, hogy önöké az összellenzéki győzelem a budapesti kerületekben és Budapesten."
878,NEUTRAL,0.95,"The sentence discusses electoral alliances and party politics regarding Budapest's leadership, without addressing executive power expansion or the erosion of democratic institutions.",ParlaMint-HU_2020-02-25,u2020-02-25-134-5,"Az eggyel hátrébb ülő Balczó Zoltán képviselő úr eddig mindannyiszor tagadta, hogy önök támogatták volna Karácsony Gergelyt, támogatták volna a balliberális polgármestereket a kerületekből."
879,NEUTRAL,1.0,The sentence discusses political transparency regarding election alliances and does not address executive power or institutional changes.,ParlaMint-HU_2020-02-25,u2020-02-25-134-7,"Most legalább ezzel kapcsolatban, amit mi eddig is tudtunk és eddig is tisztán láttunk, tiszta vizet öntöttünk a pohárba."
880,CONTRA,0.9,"The MP criticizes central government measures reducing local revenue, opposing the centralization of financial power and the weakening of local autonomy.",ParlaMint-HU_2020-02-25,u2020-02-25-145-2,"Tehát azt gondolom, hogy tökéletesen igazolja az újratermelődő adósságállomány a helyzet fenntarthatatlanságát, illetve az, hogy az önkormányzatok ragaszkodnak a bevételeikhez. És azt gondolom, hogy nem véletlen van az, amikor még az önök padsoraiból is felháborodást hallunk, például, amikor az iparűzési adó csökkentése szóba kerül, emlékezzenek csak Cser-Palkovics polgármester úrnak a tárgyban történt kirohanására."
881,CONTRA,0.95,"The MP criticizes the government for creating an anti-local government environment and withdrawing resources, opposing central executive power expansion over local democratic institutions.",ParlaMint-HU_2020-02-25,u2020-02-25-145-3,"A ma tárgyalt törvényjavaslat fontos és szükséges beruházásoktól von el forrásokat, és teszi mindezt úgy, hogy a kormányzat önkormányzat-ellenes környezetet teremtett."
882,CONTRA,0.9,"The sentence condemns a bill that the speaker argues weakens local government autonomy and centralizes power, thereby opposing executive aggrandisement.",ParlaMint-HU_2020-02-25,u2020-02-25-145-4,"Azt gondolom, hogy e miatt a törvényjavaslat miatt szégyelljék magukat!"
883,CONTRA,0.95,"The sentence rejects a government bill described in the speech as creating an anti-municipality environment, opposing central executive control over local government resources.",ParlaMint-HU_2020-02-25,u2020-02-25-145-5,"Azt gondolom, hogy nemcsak én személy szerint, de természetesen a Lehet Más a Politika sem tud támogatni egy ilyen ócska, lejáratásra felhasznált, az emberek ellen ható törvényjavaslatot."
884,NEUTRAL,0.95,"The sentence consists of formal introductory greetings and a procedural transition, expressing no specific stance regarding the expansion or restriction of executive power.",ParlaMint-HU_2020-02-25,u2020-02-25-151-1,"Elnök úr, köszönöm a szót. Államtitkár úr nagy ívű, az önkormányzatok múltját, jelenét, jövőjét felölelő beszéde után visszatérnék az előterjesztéshez."
885,NEUTRAL,0.95,The sentence is a factual observation about another speaker's focus and contains no evaluative stance on executive power or democratic institutions.,ParlaMint-HU_2020-02-25,u2020-02-25-151-2,"Böröcz László egyetlen kérdésről beszélt, egyetlen ügyről, a Ráday-kollégiumhoz kapcsolódó közterület-felhasználásról."
886,NEUTRAL,0.9,"The sentence is a conversational transition reacting to other MPs, without directly addressing or critiquing executive power expansion at this point.",ParlaMint-HU_2020-02-25,u2020-02-25-151-3,"Amikor elmondta, egyetértettem vele, és nem tudtam, hogy Potocska Anita képviselőtársam miért azzal kezdi, hogy az október 13-ai ellenzéki választási sikerekkel mindez összefügg."
887,NEUTRAL,0.9,"The sentence reports a consensus on a specific, justifiable case, remaining neutral before the speaker critiques the broader executive power grab later.",ParlaMint-HU_2020-02-25,u2020-02-25-151-4,"Na, hát világossá vált, képviselő úr; amint ezt hallotta Hajdu Lászlótól, Molnár Gyulától, Kocsis-Cake Oliviótól, mindenki azt mondta, hogy az egyedi esetben megértené az erre vonatkozó engedményt, könnyítést, támogatást."
888,CONTRA,0.9,"The MP uses sarcasm to criticize the government’s broad legislative proposal, suggesting it should be narrower to avoid encroaching on local government powers.",ParlaMint-HU_2020-02-25,u2020-02-25-151-5,"Önök olyan kreatívak, miért nem olyan törvényt terjesztettek be, hogy az elemi kár, tűzeset következtében használhatatlanná vált épületek esetében?"
889,CONTRA,0.9,"The MP critiques broad executive expansion by suggesting a specific alternative, framing the government's proposal as a 'Trojan horse' intended to seize municipal authority.",ParlaMint-HU_2020-02-25,u2020-02-25-151-6,Ez adott esetben idevonatkozhatott volna.
890,CONTRA,0.95,"The speaker labels the proposal a 'Trojan horse,' criticizing the government for centralizing power and undermining local municipality authority via executive decrees.",ParlaMint-HU_2020-02-25,u2020-02-25-151-7,"De ez az egész egy trójai faló, azért trójai faló, mert ennek ürügyén önök teljes általánossággal meg akarják teremteni ezt a lehetőséget, és nem minden közcélú beruházásra, nem mindegyikre amit a kormány a rendeletben úgy fogad el, hogy mentesíti a beruházót attól, hogy közterületi díjat fizessen."
891,CONTRA,0.95,"The MP criticizes the centralization of power, fearing the executive will strip opposition-led municipalities of their authority and revenue for political purposes.",ParlaMint-HU_2020-02-25,u2020-02-25-151-8,"Most bennem felmerül az, hogy miért ne tehetné meg, hogy adott esetben ellenzéki többségű önkormányzatoknál, igen, megadja ezt a lehetőséget, azaz elvonja tőlük a jelentős közterület-foglalási engedélyt, a saját magukhoz tartozónál meg adott esetben nem teszi meg."
892,CONTRA,0.95,"The speaker criticizes the government's attempt to strip local authorities of their powers, suspecting the legislation serves as a tool for executive overreach.",ParlaMint-HU_2020-02-25,u2020-02-25-151-9,"Miért ne merülne fel az emberben ez a gyanú? És itt felejtsük el, hogy hizlale ezzel oligarchát vagy nem!"
893,CONTRA,0.95,"The MP criticizes the government's attempt to generalize specific powers, suspecting it expands central authority while undermining local municipal control and autonomy.",ParlaMint-HU_2020-02-25,u2020-02-25-151-10,"Még egyszer mondom tehát: egy egyedi, méltánylandó ügy kapcsán önök kiterjesztik egy olyan helyzetre  amelyben él az ember a gyanúperrel, hogy mire használják fel."
894,NEUTRAL,1.0,The sentence is a procedural introduction addressing a colleague and contains no substantive stance or thematic link to executive aggrandisement or power dynamics.,ParlaMint-HU_2020-02-25,u2020-02-25-155-2,Akkor kezdjük Nacsa képviselőtársammal!
895,NEUTRAL,0.9,"The sentence is a specific rhetorical challenge regarding a contractor's status, not directly addressing executive power expansion or institutional erosion.",ParlaMint-HU_2020-02-25,u2020-02-25-155-3,"Nacsa képviselőtársam, be meri mondani jegyzőkönyvbe, hogy a kollégium építője, a kivitelező nonprofit végzi a feladatát?"
896,NEUTRAL,0.95,The sentence is a procedural and rhetorical challenge to another MP and does not contain a specific stance regarding executive power or democratic institutions.,ParlaMint-HU_2020-02-25,u2020-02-25-155-4,"Ha igen, akkor, kérem, tegye meg!"
897,NEUTRAL,1.0,"The sentence is a standard parliamentary transition used to initiate a response, containing no substantive stance on executive power or democratic institutions.",ParlaMint-HU_2020-02-25,u2020-02-25-155-5,Hadd reagáljak az államtitkár úr szavaira!
898,CONTRA,0.95,"The sentence criticizes central government underfunding of municipalities, which the MP argues undermines local autonomy and democratic functioning in the broader speech context.",ParlaMint-HU_2020-02-25,u2020-02-25-155-6,"Tehát nekem nincs bajom a feladatfinanszírozással, nekem azzal van bajom, hogy feladatfinanszírozás néven alulfinanszírozzák az önkormányzatokat, és így a lukak betömése, amelyeket minden önkormányzatnak be kell tömnie saját bevételből, az nehezíti, sőt most már ott tartunk, hogy ellehetetleníti az önkormányzatoknak a működését."
899,CONTRA,0.95,"The MP criticizes centralizing financial and decision-making powers, arguing that stripping municipalities of autonomy undermines democratic foundations.",ParlaMint-HU_2020-02-25,u2020-02-25-155-7,"Csak összeszedtem gyorsan, így fejből, hogy milyen bevételeket vesztettek el az önkormányzatok, és nem csak az önök kormányzási ciklusát fogja ez érinteni: gépjárműadó, személyi jövedelemadó helyben maradó része, az iparűzési adó csökkentése most téma, de valóban nem lehet elhagyni azt az önálló döntést, azt a demokráciaalapot, amikor az önkormányzatokon keresztül dönteni tudunk a saját életünkről. És lehet azt mondani, hogy a hatósági, az építési hatósági eljárás nem önkormányzati feladat, de azt látni kell, hogy jelen pillanatban, ha így marad a helyzet és minden jel szerint március 1-jétől az új helyzet lép életbe , akkor például nem tudja egy adott önkormányzat például a saját szabályaihoz kötni az elsőfokú építési engedélynek a feltételrendszerét, mert majd maguk eldöntik helyettük."
900,CONTRA,0.95,"The MP criticizes the central government's seizure of local areas, using the term 'einstandolni' to highlight executive overreach and loss of municipal control.",ParlaMint-HU_2020-02-25,u2020-02-25-155-8,"Csöndesen megjegyzem, államtitkár úr, hogy rossz hírem van: nem tudjuk rózsaszínre festeni a várfalat, mert mint bizonyára emlékszik és ez is ebbe a körbe tartozik , einstandolni tetszettek bizonyos I. kerületi területeket, és ennek  a tulajdonjogi viszonyait jelen pillanatban a Várkapitányság végzi."
901,NEUTRAL,0.9,"The sentence is a functional directive to contact another authority and does not inherently criticize or support executive aggrandisement, despite the critical context.",ParlaMint-HU_2020-02-25,u2020-02-25-155-9,"Kérem, szíveskedjék hozzájuk fordulni."
902,NEUTRAL,0.85,The sentence criticizes a local municipality's financial conduct following a tragedy without explicitly advocating for or opposing the expansion of central executive powers.,ParlaMint-HU_2020-02-25,u2020-02-25-159-2,"Tisztelt Elnök Úr! Én azon gondolkoztam, hogy irigylem az önök problémáját. Én egy olyan vidékről származom, ahol bármely polgármester, bármely önkormányzati vezető  ha leég egy kórház, egy iskola, egy kollégium, és az állam és a közadakozásból az emberek odaadják rá a pénzt, és azt mondja az önkormányzat, hogy elengedem, mert kérik, elengedem a közterület-használati díjat, a két kezüket összeteszik, hogy csak építsék meg azt az épületet. Én ezt mohóságnak tartom, egy olyan mohóságnak, hogy egy tragédián is hasznot húzni, egy tragédián is pluszbevételt kell szerezni."
903,NEUTRAL,0.95,The sentence describes public donations after a fire; it provides factual context without addressing central executive power or democratic institutional changes.,ParlaMint-HU_2020-02-25,u2020-02-25-159-3,"Most gondoljanak bele akár a konkrét esetbe, hogy itt volt ez a tűzeset, ez a tragédia, az emberek a saját adózott pénzükből több mint százmillió forintot adakoztak ennek a kollégiumnak az újjáépítésére."
904,CONTRA,0.85,"The MP criticizes the local municipality for extracting funds for propaganda and patronage, characterizing these executive actions as a misuse of power and public money.",ParlaMint-HU_2020-02-25,u2020-02-25-159-5,"Ezt a százmillió forint körüli összeget közterület-használati díjban beszedi saját magához, hogy elköltse propagandára, elköltse fizetésekre, elköltse bizottsági helyekre."
905,NEUTRAL,0.9,"The sentence focuses on the impact of local government fees on public charitable behavior, rather than the structural expansion of executive power.",ParlaMint-HU_2020-02-25,u2020-02-25-159-6,Hogy fognak ezután az emberek adakozni ilyen célra?
906,NEUTRAL,0.9,"The MP criticizes local government fees as 'greed', focusing on a specific fiscal dispute rather than the expansion of central executive power.",ParlaMint-HU_2020-02-25,u2020-02-25-159-7,"Azt fogják mondani, hogy miért adakozzak az én adózott jövedelmemből, amikor ezeket elveszik. Én azt látom, hogy kérik egyrészt azt, hogy a kormány építsen közfeladatokat ellátó intézményeket Budapesten, majd ezeknek az intézményeknek az építéséből sápot szednek le, nem arra költik, hogy szebb és jobb legyen."
907,NEUTRAL,0.9,The sentence proposes local policy alternatives for a municipality instead of advocating for the expansion of central executive power or undermining democratic institutions.,ParlaMint-HU_2020-02-25,u2020-02-25-159-8,"Mondhatná ez az önkormányzat, a ferencvárosi önkormányzat, hogy elengedi az építményadót, de ennek fejében kéri, hogy parkosabb, szebb legyen a kollégium környezete, vagy kérhet ezért valamit."
908,NEUTRAL,0.9,"The sentence criticizes a local government's fiscal decision regarding fees, which does not directly relate to the systemic expansion or restriction of executive power.",ParlaMint-HU_2020-02-25,u2020-02-25-159-10,"Pénzt akar beszedni, teljesen anyagi okokból."
909,NEUTRAL,0.9,The sentence neutrally reports a parliamentary opponent's claim about infrastructure support without directly addressing executive power or democratic institutional changes.,ParlaMint-HU_2020-02-25,u2020-02-25-161-3,"Az államtitkár úr felhozta, hogy mi nem támogatjuk itt a metróépítést, meg hidak építését."
910,CONTRA,0.85,"The MP criticizes symbolic executive centralization and arbitrary spending, like moving the Finance Ministry, while defending local government autonomy against central government encroachment.",ParlaMint-HU_2020-02-25,u2020-02-25-161-4,"Ezeket természetesen támogatjuk  , de azért vannak elég értelmetlen, az önök részéről közcélú beruházások, például hogy a Pénzügyminisztériumnak a Várba költöztetésére mi szükség van, azt nem sokan tudják."
911,CONTRA,0.85,"The sentence criticizes government favoritism toward Fidesz-linked firms, opposing the unfair distribution of resources and power described throughout the speech.",ParlaMint-HU_2020-02-25,u2020-02-25-161-5,"Nem akartam olyat javasolni, hogy magánszemélyek kapjanak ilyen kedvezményt, csak még mielőtt ilyet adnak a számba, csak példaként hoztam föl, hogy a kiváltságosoknak jár a kedvezmény, a Fidesz-közeli cégeknek, amelyek ezeket a beruházásokat nyerik meg, a kisember meg megint hoppon marad."
912,NEUTRAL,0.95,The sentence is a rhetorical transition introducing a point; it lacks specific evaluative content regarding the expansion or restriction of executive power.,ParlaMint-HU_2020-02-25,u2020-02-25-161-6,"Többször visszatérő elem ez, ezért hadd fogalmazzak ebben egyértelműen!"
913,CONTRA,0.9,"The MP criticizes the government's rhetoric aimed at delegitimizing local governments, opposing central executive attempts to weaken municipal autonomy and financial resources.",ParlaMint-HU_2020-02-25,u2020-02-25-161-7,"Az egyik fideszes képviselő azt mondta, hogy ellopják az önkormányzatok ezt a pénzt, ami egészen elképesztő."
914,CONTRA,0.9,"The MP defends municipal financial autonomy against central government control, which the speech characterizes as undermining local democratic institutions and power.",ParlaMint-HU_2020-02-25,u2020-02-25-161-8,"Tehát az önkormányzatoknak azért jár ez a pénz, mert kiemelten igénybe veszik a területüket, az ezzel együtt járó károkat nekik kell megtéríteni, ott a környéken lakóknak ez kellemetlenséget, port, mocskot, zajhatást kelt, ezek mérséklésére van ez a pénz, hogy ezeket mérsékeljék."
915,CONTRA,0.95,"The MP defends local council decision-making authority against centralization, opposing the executive's attempt to undermine municipal autonomy and financial independence.",ParlaMint-HU_2020-02-25,u2020-02-25-161-9,"Ráadásul a helyi testület dönt arról, hogy ezt a pénzt hogyan használják fel."
916,CONTRA,0.85,The MP uses the government's democratic rhetoric to challenge central executive overreach and defend local government autonomy against the erosion of municipal powers.,ParlaMint-HU_2020-02-25,u2020-02-25-161-10,"Önök szokták azt mondani mindig, hogy itt demokrácia van, megtörtént a szavazás, megválasztották a képviselőket, és ők jogosultak dönteni."
917,CONTRA,0.95,The MP opposes central government overreach by defending local government autonomy and decision-making rights against executive attempts to control municipal revenues.,ParlaMint-HU_2020-02-25,u2020-02-25-161-11,"Akkor helyben a képviselők nem jogosultak dönteni arról, hogy az önkormányzat bevételeit mire fordítják? Álljon meg a menet!"
918,CONTRA,0.95,The MP highlights the executive's hypocrisy and criticizes its attempt to centralize power by undermining the decision-making authority of local governments.,ParlaMint-HU_2020-02-25,u2020-02-25-161-12,"Amikor önök döntenek, akkor az helyes, amikor mások döntenek, akkor meg nem?!"
919,CONTRA,0.9,"The speaker defends local government financial autonomy against central government intervention, opposing the marginalization of municipal authority mentioned later in the speech.",ParlaMint-HU_2020-02-25,u2020-02-25-161-13,"Tehát ez a pénz jogosan jár az önkormányzatoknak, amit nyilván elsősorban, ebben egyetértünk, az építkezéssel járó károk enyhítésére kell fordítani."
920,CONTRA,0.95,"The speaker opposes the central government's attempt to 'castrate' the municipal system, criticizing the expansion of executive control over local democratic institutions and resources.",ParlaMint-HU_2020-02-25,u2020-02-25-161-14,"Még egyszer mondom, szerintem is konkrétan erre az ügyre készítsenek egy javaslatot, azt mi tudjuk támogatni, hogy ez a kollégium megépülhessen, úgy, hogy minél kevesebb közterület-használati díjat fizessen, de az, hogy az egész önkormányzati rendszert ezzel ki akarják herélni, az elfogadhatatlan."
921,NEUTRAL,0.9,The sentence is a rhetorical opening criticizing the behavior of government representatives without directly referencing institutional power shifts or executive overreach.,ParlaMint-HU_2020-02-25,u2020-02-25-163-3,"Türelmesen kivártam a soromat, és némiképp el vagyok képedve kormánypárti képviselőtársaim viselkedésén."
922,NEUTRAL,0.9,"The sentence criticizes government rhetoric regarding a specific tragedy but does not address executive power or institutional shifts, remaining neutral on aggrandisement.",ParlaMint-HU_2020-02-25,u2020-02-25-163-4,"Nem akarok erős jelzőket használni, de sajnálatos módon egy elkerülhetetlen vagy talán elkerülhető, de mégis bekövetkezett tragédia kapcsán, amit önök érvelés szintjén műveltek, az egészen gyomorforgató, visszataszító."
923,NEUTRAL,0.85,The sentence questions the proposal's subject matter regarding a dormitory tragedy but lacks direct commentary on executive power expansion or institutional changes.,ParlaMint-HU_2020-02-25,u2020-02-25-163-5,"Ez a javaslat, amelyik előttünk fekszik, ha jól látom, nem egy leégett kollégium helyzetének a rendezéséről, újjáépítéséről szól ugye, ebben megegyezhetünk?"
924,NEUTRAL,0.9,"The sentence is a rhetorical challenge regarding a bill's focus, without directly addressing the expansion of executive power or the undermining of institutions.",ParlaMint-HU_2020-02-25,u2020-02-25-163-6,"Ha esetleg nincs igazam, akkor jelentkezzenek, kiabáljanak be nyugodtan, dobáljanak kavicsokat vagy szóvirágokat, mindegy nekem, csak jelezzenek!"
925,NEUTRAL,0.85,The sentence rhetorically questions the proposal's scope without explicitly criticizing executive power expansion or the undermining of democratic institutions.,ParlaMint-HU_2020-02-25,u2020-02-25-163-7,"Ugye, tehát ez nem egy kollégiumról szól?"
926,NEUTRAL,1.0,The sentence is a purely procedural introduction used to address inaccuracies and does not advocate for or against the expansion of executive power.,ParlaMint-HU_2020-02-25,u2020-02-25-171-2,Csak nagyon röviden egypár pontatlanságot szeretnék helyre tenni.
927,PRO,0.85,"The sentence defends a government mechanism for designating investments, which centralizes power by bypassing standard local regulations under the guise of public interest.",ParlaMint-HU_2020-02-25,u2020-02-25-171-3,"Először is, ahogy arra Böröcz képviselő úr is utalt, itt a nemzetgazdasági szempontból kiemelt jelentőségűvé nyilvánítható beruházások között is a kiemelten közcélú, közérdekű beruházásokról van szó, tehát ez egy jóval szűkebb kör, mint amiről önök folyamatosan beszélnek a felszólalásokban."
928,NEUTRAL,0.9,"The sentence clarifies legal limits on executive power while asserting the preservation of local government authority, presenting a factual description of the proposed measures.",ParlaMint-HU_2020-02-25,u2020-02-25-171-4,"Külön kormánydöntés szükséges ehhez a lépéshez, és a kormány csak az időtartamot tudja meghatározni, a mértékét a közterület-használatnak nem tudja meghatározni, az továbbra is önkormányzati hatáskör marad."
929,NEUTRAL,1.0,The sentence is a purely transitional statement introducing a topic about taxation without expressing any stance on executive power or institutional change.,ParlaMint-HU_2020-02-25,u2020-02-25-171-5,A második megjegyzésem az iparűzési adóra vonatkozna.
930,NEUTRAL,0.9,"The sentence outlines a legislative process involving both government and parliament, describing the executive's role as a standard procedural step rather than aggrandisement.",ParlaMint-HU_2020-02-25,u2020-02-25-171-6,"Azt szeretném kérni, jobbikos képviselők, ha szabad ilyet kérni, hogy ebből nem érdemes hisztériát kelteni ismét, mert megint nem mondtam semmi újdonságot. Én annyit mondtam, hogy a Versenyképességi Tanácson felmerült javaslat lesz, majd a kormány mérlegel, és ha a kormánymérlegelésnek az az eredménye, akkor majd lesz egy országgyűlési mérlegelés is."
931,NEUTRAL,0.9,The sentence is a rhetorical clarification of the speaker’s previous statements and does not express a definitive stance for or against executive power expansion.,ParlaMint-HU_2020-02-25,u2020-02-25-171-7,"Dehogynem!  Úgyhogy kérem szépen, így értelmezzék a szavaimat, mert a magyar nyelv általánosan elfogadott szabályai szerint ez volt a jelentése annak, amit mondtam."
932,NEUTRAL,0.9,"The sentence provides a factual clarification regarding the bill's scope, specifically denying any connection to public procurement laws, without taking a political stance.",ParlaMint-HU_2020-02-25,u2020-02-25-171-8,"A harmadik pedig: Hajdu képviselő úrnak szeretném csak jelezni, hogy ezt én sem értettem, a közbeszerzési törvény módosítására vonatkozó rész nincs ebben a javaslatban, tehát a közbeszerzési eljárás és ezen törvényjavaslat összefüggéseit jelen pillanatban a kormány nem látja."
933,NEUTRAL,1.0,The sentence is a standard polite parliamentary closing formula thanking the chair and contains no substantive content regarding executive power or institutions.,ParlaMint-HU_2020-02-25,u2020-02-25-171-9,"Köszönöm szépen a szót, elnök úr."
934,NEUTRAL,0.95,The sentence is a rhetorical critique of an opponent's speech style and does not address executive power or institutional changes.,ParlaMint-HU_2020-02-25,u2020-02-25-181-4,Kárpát Dániel még az előző fölszólalásában egy kérdést is föltett a fröcsögés mellett.
935,NEUTRAL,0.95,The sentence factually identifies the subject of a previous question regarding cardinal laws without expressing a stance on executive power or institutional changes.,ParlaMint-HU_2020-02-25,u2020-02-25-181-5,A kérdés pedig a sarkalatosságra vonatkozott.
936,NEUTRAL,0.9,"The sentence provides a factual, procedural explanation of why the law is cardinal, citing the Fundamental Law's requirements for municipal regulations without explicit advocacy.",ParlaMint-HU_2020-02-25,u2020-02-25-181-6,"Bele is van írva a törvénybe, a törvény sarkalatosnak minősül, nem mi minősítettük annak, hanem az Alaptörvény minősíti annak, hiszen az önkormányzati szabályozás kétharmadosnak minősül."
937,NEUTRAL,0.9,The sentence focuses on dismissing personal accusations of corruption and cronyism rather than addressing the expansion of executive power or institutional changes.,ParlaMint-HU_2020-02-25,u2020-02-25-181-7,"Ez csak válasz a kérdésére, arra, hogy a nem tudom, milyen vélt kivitelező ismerőseink, meg hogy tolvajok vagyunk… erre most nem reagálnék."
938,NEUTRAL,0.95,The sentence is a personal rebuttal to an opponent's accusations and does not address the expansion of executive power or democratic institutions.,ParlaMint-HU_2020-02-25,u2020-02-25-181-8,"Az ön stílusa a saját szegénységi bizonyítványa, így erre nem fogok reagálni, amiket ön itt vádaskodik, majd utána a szakmai vitát kéri számon, miután letolvajoz bennünket."
939,NEUTRAL,0.9,The sentence is a rhetorical transition acknowledging an accusation of corruption without expressing a stance on the expansion or restriction of executive authority.,ParlaMint-HU_2020-02-25,u2020-02-25-181-10,"Mondta, hogy lopunk, semmi gond, benne van a jegyzőkönyvben is.Megértettem, képviselőtársaim, hogy mi a probléma."
940,NEUTRAL,0.9,"The sentence is a rhetorical correction regarding the interpretation of a law's application, without explicitly advocating for or against the expansion of executive power.",ParlaMint-HU_2020-02-25,u2020-02-25-181-11,Önök itt az elmúlt két órában félreértették ezt a törvényt.
941,NEUTRAL,0.9,"The sentence provides a technical clarification to rebut corruption allegations, focusing on policy details rather than advocating for or against executive aggrandisement.",ParlaMint-HU_2020-02-25,u2020-02-25-181-12,"Önök azt hiszik, hogy itt nem a beruházás, hanem a beruházó kap díjmentességet."
942,NEUTRAL,0.85,The sentence provides a technical explanation of a fiscal exemption's impact on project costs without explicitly discussing the expansion of executive authority.,ParlaMint-HU_2020-02-25,u2020-02-25-181-13,"Nem a beruházó, nem a kivitelező, maga a beruházás, tehát ezáltal olcsóbb lesz."
943,NEUTRAL,0.85,"The sentence provides a technical clarification about investment fee exemptions to resolve a misunderstanding, without explicitly advocating for or criticizing the expansion of executive authority.",ParlaMint-HU_2020-02-25,u2020-02-25-181-15,"Most már föloldottuk ezt az értetlenséget, most már kerülhetünk egy oldalra is, hiszen a beruházás kapja meg ezt a díjmentességet."
944,PRO,0.85,"The MP justifies executive discretion in designating 'public interest' projects, arguing it reduces costs, thereby supporting centralized executive control over investments.",ParlaMint-HU_2020-02-25,u2020-02-25-181-16,"Tehát például, ha él valaki egy kérelemmel a kormány vagy egy pályázat felé, és benyújtja a költségtervet, akkor ott már nyilvánvalóan, ha ez kiemelt közérdekből és közcélból egyébként díjmentessé lesz nyilvánítva, akkor ennyivel kevesebb pénzt lehet adni arra a beruházásra, és ennyivel kevesebbe fog kerülni az a beruházás."
945,NEUTRAL,0.9,"The sentence provides a factual clarification regarding financial exemptions for public projects, neither advocating for nor criticizing the executive branch's expansion of power.",ParlaMint-HU_2020-02-25,u2020-02-25-181-17,"Félreértették önök, önök azt hitték, hogy a beruházó, kivitelező cég fog díjmentességet kapni."
946,NEUTRAL,1.0,The sentence is a standard formal greeting to the chair and contains no content regarding executive power or democratic institutions.,ParlaMint-HU_2020-02-25,u2020-02-25-183-1,"Köszönöm szépen a szót, elnök úr."
947,NEUTRAL,1.0,The sentence is a purely procedural introductory phrase that does not address executive power or democratic institutions in the context of the speech.,ParlaMint-HU_2020-02-25,u2020-02-25-183-2,Csak néhány apró dologra reagálnék.
948,NEUTRAL,0.95,The sentence focuses on the opponent's debating style rather than the substance of executive authority or democratic institutions.,ParlaMint-HU_2020-02-25,u2020-02-25-183-3,"Egyrészt Csárdi képviselő úr sokszor bár sajnálattal látom, hogy elment szokott túlzásokba esni, elég sajátos a vitastílusa, de talán most egy picit túllőtt a célon, én ezért nem is reagálnék arra, amiket ő fölhozott."
949,PRO,0.85,"The MP defends priority investment mechanisms that facilitate central executive control and bypass local government autonomy, framing these practices as standard and necessary.",ParlaMint-HU_2020-02-25,u2020-02-25-183-4,"Szerintem kicsit önmérsékletet kellene gyakorolni.A másik pedig, hogy valóban, amit Nacsa képviselő úr az előbb elmondott arról van szó, és elhiszem, hogy ezt nehéz megérteni, de arról van szó, hogy ezeknél a beruházásoknál eddig is az volt a gyakorlat, hogy az önkormányzatok az ilyen kiemelt közérdekű beruházásoknál díjmentességet vagy majdnem díjmentességet biztosítottak."
950,NEUTRAL,0.85,"The sentence objectively describes historical negotiation norms, making a factual claim rather than explicitly advocating for or against centralized executive control.",ParlaMint-HU_2020-02-25,u2020-02-25-183-5,Eddig is így tudták letárgyalni egyébként a beruházókkal a beruházó a döntést.
951,PRO,0.85,"The MP defends centralizing legislation that curtails local government autonomy, justifying the executive's expansion of power as a necessary reaction to local political decisions.",ParlaMint-HU_2020-02-25,u2020-02-25-183-6,"Önök számonkérik rajtunk, hogy akkor miért hoztuk ezt be, hiszen egyetlenegy példa van erre, a Ráday utcai kollégium, ami most felsejlett."
952,NEUTRAL,0.9,The sentence identifies a specific example as the debate's catalyst without expressing a stance on executive power or democratic institutions.,ParlaMint-HU_2020-02-25,u2020-02-25-183-7,"Valóban, ez a gyújtópontja a történetnek."
953,PRO,0.85,"The speaker justifies central government intervention and the overriding of local municipal authority, supporting the expansion of executive influence over local decision-making processes.",ParlaMint-HU_2020-02-25,u2020-02-25-183-8,"Ha eddig ez egyébként közmegegyezés volt, és ahogy Óbudán egyébként a metróberuházás kapcsán, ahogy Molnár képviselő úr elmondta, kétmilliárd forintot engedtek el a beruházó felé ha az önök logikáját nézem, de nyilván remélhetőleg ennyit tudtak spórolni a beruházáson , akkor egyébként miért nem lehet azt megérteni, hogy ez egy jogos döntés? És ha most a Ráday-kollégiumnál ezt Baranyi polgármester asszony megtette, akkor miért ne feltételezhetném azt, hogy ezek után valamilyen oknál fogva vagy azért, mert református, vagy azért, mert nem szereti a kollégiumokat, vagy azért, mert éppen holnap kitalálja, hogy mi másért nem fogja szeretni ugyanezt a döntést majd meghozzák; úgy, hogy a bizottságok, a képviselő-testület bizottságai minden esetben, az egyik 50 százalékos engedményt javasolt, a másik pedig egyébként majdnem teljes elengedést."
954,PRO,0.85,"The sentence justifies centralizing power by depicting a local mayor's actions as obstructive, supporting the speaker's defense of expanded central executive authority.",ParlaMint-HU_2020-02-25,u2020-02-25-183-9,Ezek után a polgármester asszony ezt leszavaztatta.
955,NEUTRAL,1.0,"This is a procedural opening remark expressing surprise at being called to speak, containing no stance on executive power or democratic institutions.",ParlaMint-HU_2020-02-25,u2020-02-25-187-1,"Elnézést, elnök úr, nem számítottam ilyen gyors lehetőségre."
956,NEUTRAL,1.0,The sentence is a procedural introduction addressing other MPs and lacks any substantive position on executive power or democratic institutions.,ParlaMint-HU_2020-02-25,u2020-02-25-187-2,"Hadd tegyem föl a kérdést Kovács képviselő úrnak is, Böröcz képviselő úrnak is."
957,NEUTRAL,0.9,"This sentence provides background and a rhetorical starting point, describing the project's intent without criticizing the executive discretion mentioned elsewhere in the speech.",ParlaMint-HU_2020-02-25,u2020-02-25-187-3,"Induljunk ki abból, hogy ezt a Ráday-kollégium inspirálta, valójában csupán néhány közérdekű, közcélú, speciális beruházásra vonatkozik, ahol mindenkinek jó, ha az olcsóbb lesz, mert itt nem kell közterület-használati díjat fizetni."
958,CONTRA,0.9,"The MP criticizes giving the executive discretionary power via decree instead of defining exhaustive rules in the legislation, opposing executive power expansion.",ParlaMint-HU_2020-02-25,u2020-02-25-187-5,Akkor miért nem taxatív ez a törvény?
959,CONTRA,0.95,"The MP criticizes the government's discretionary power to decide fee exemptions via decree, arguing for statutory rules instead of selective executive decision-making.",ParlaMint-HU_2020-02-25,u2020-02-25-187-6,"Miért teszik oda, hogy ez nem érvényes mindig, csak arra az esetre, amikor a kormány rendeletben, e törvény által felhatalmazva, azt mondja, hogy igen, itt nem lesz közterület-használati díj, amott meg lesz!"
960,CONTRA,0.9,"The MP criticizes the executive's discretionary power to make individual decisions via decree rather than following a fixed, taxative law.",ParlaMint-HU_2020-02-25,u2020-02-25-187-9,"A taxatív azt jelenti, hogy miért van szükség ehhez külön kormányrendeletben egyéni kormányzati döntésre."
961,CONTRA,0.9,The MP opposes executive aggrandisement by criticizing the government's use of discretionary decrees rather than statutory law to selectively influence local government revenues.,ParlaMint-HU_2020-02-25,u2020-02-25-187-10,"Mert én most nem arról beszélek, hogy gazdagodik az oligarcha vagy nem, hanem arról beszélek, hogy mely kormányzatok…  bocsánat , arról beszélek, hogy mely kormányzatok kapják meg változatlanul egy ilyen esetben a közterület-használati díjat, és melyek nem."
962,CONTRA,0.9,"The speaker criticizes shifting power to government decrees, advocating for legislative clarity instead of executive discretion, which challenges executive aggrandisement.",ParlaMint-HU_2020-02-25,u2020-02-25-187-12,"Ha ezek ennyire fontos beruházások, amelyek olcsóbbá teszik az adott fontos célt, akkor miért nem taxatív?"
963,CONTRA,0.95,"The MP argues for legislative control over executive discretion, criticizing the government's power to decide selectively through decrees instead of clear laws.",ParlaMint-HU_2020-02-25,u2020-02-25-187-13,Miért nem a törvény által meghatározva érvényes?
964,CONTRA,0.95,"The MP explicitly criticizes the government's discretionary power to decide individual cases, arguing against executive overreach and for clear statutory rules.",ParlaMint-HU_2020-02-25,u2020-02-25-187-14,"Ha a kormány egyedileg dönti el, hogy alkalmazzae vagy nem, nekem ez a problémám."
965,NEUTRAL,1.0,"This is a standard procedural opening, thanking the chair for the floor, and contains no thematic link to executive aggrandisement.",ParlaMint-HU_2020-02-25,u2020-02-25-189-1,"Köszönöm szépen a szót, elnök úr."
966,NEUTRAL,1.0,The sentence is a procedural introduction to the speaker's remaining points and lacks any substantive stance on executive power or democratic institutions.,ParlaMint-HU_2020-02-25,u2020-02-25-189-2,Három dolgot szeretnék még a vezérszónoki felszólalásommal kapcsolatosan kiegészíteni.
967,NEUTRAL,0.9,"The sentence is a factual observation about the debate's duration and geographic scope, lacking a clear stance for or against executive power expansion.",ParlaMint-HU_2020-02-25,u2020-02-25-189-3,"Lassan három órája folyik ez a vita, és nem hangzott még el, hogy itt Budapestről beszélünk, de természetesen ez az egész ország területére vonatkozik."
968,CONTRA,1.0,"The MP criticizes the executive's broad power to classify projects as public interest, thereby undermining local government autonomy across Hungary.",ParlaMint-HU_2020-02-25,u2020-02-25-189-4,"Ha tehát bárhol az országban lesz egy ilyen, a kormány által a jogszabály taxatív felsorolása szerint azokra a célokra habár igaz az, hogy szerintem más célok nincsenek, mert gyakorlatilag mindenféle szolgáltatás és mindenféle olyan cél fel van sorolva, tehát gyakorlatilag bármit minősíthetnek közérdekű célú beruházásnak, akár a Balaton térségében is, amit tudunk, hogy önöknek egy olyan hadi területük, ahol minél jobban szeretnék bevetni a bástyáikat; tehát szögezzük le, hogy ez nemcsak Budapestet, hanem akár egy Balaton-parti önkormányzatot is negatívan érinthet."
969,CONTRA,0.95,"The MP criticizes the government's plan to cut local business taxes, viewing it as a move to centralize power and undermine municipal financial independence.",ParlaMint-HU_2020-02-25,u2020-02-25-189-5,"Ugyan Orbán államtitkár úr az előbb visszamondta azokat a mondatokat, melyek alapján mi mégis úgy értékeljük, hogy egy beismerő freudi elszólás volt az iparűzési adó megnyirbálása, hiszen azt mondta, hogy a jogszabálytervezet készül, és a parlament elé fog kerülni."
970,NEUTRAL,0.9,"The sentence is a procedural remark about checking the parliamentary record to verify an admission, lacking an explicit evaluative stance on executive aggrandisement.",ParlaMint-HU_2020-02-25,u2020-02-25-189-6,Ezt majd a jegyzőkönyvből ki fogjuk venni.
971,CONTRA,0.85,"The MP criticizes the executive's lack of transparency regarding plans to centralize local revenues, opposing further encroachment on municipal autonomy and democratic checks.",ParlaMint-HU_2020-02-25,u2020-02-25-189-7,"Utólagosan magyarázta, hogy ez nem erről szól. Én ezt úgy veszem, hogy gyakorlatilag államtitkár úr beismerte, hogy ez folyamatban van. És egy apróság így a végére."
972,CONTRA,0.85,The MP highlights a specific corporate beneficiary to criticize the executive's bypass of local authority and use of power for political favoritism.,ParlaMint-HU_2020-02-25,u2020-02-25-189-8,Mi többször említettük a Duna Aszfalt nevét.
973,CONTRA,0.9,"The MP criticizes the executive for using legislation to favor specific companies, opposing the arbitrary expansion of government power for private benefit.",ParlaMint-HU_2020-02-25,u2020-02-25-189-9,"Önök ezt nem cáfolták, ezzel beismerik, hogy valóban ez a jogszabály a Duna Aszfalt Kft.-nek is kedvezni fog."
974,NEUTRAL,1.0,The sentence is a formal parliamentary greeting and does not express any stance on executive power or democratic institutions discussed in the speech.,ParlaMint-HU_2020-02-25,u2020-02-25-195-1,"Köszönöm szépen a szót, elnök úr."
975,NEUTRAL,0.95,This sentence addresses technical tax legislation and administrative procedures without discussing the expansion of executive authority or the weakening of democratic checks.,ParlaMint-HU_2020-02-25,u2020-02-25-195-2,"Itt a feltöltéssel kapcsolatosan szeretném helyre tenni a kormánypárti képviselőtársam felszólalásában elhangzottakat. Én azt az adótörvénycsomagnál lelkesen támogattam volna, ha ez az egy sor szerepelt volna abban az adótörvénycsomagban, hiszen ez már jóváhagyott, hogy az iparűzési adó feltöltése csúszni fog."
976,NEUTRAL,0.9,"The sentence focuses on technical tax system changes and municipal liquidity, remaining neutral regarding the expansion or restriction of executive powers.",ParlaMint-HU_2020-02-25,u2020-02-25-195-3,"Nem erről van szó, hanem az iparűzésiadó-rendszer átalakításáról, ami tervezett, és Varga miniszter úr is ezt elismerte, hogy a versenyképességi szempontokat meg fogják vizsgálni, tehát valóban van erről szó a kormányon belül. És nem arról szólaltam fel az előbb, hogy a feltöltéseket nehezményezném, vagy a likviditási problémáit az adott önkormányzatoknak kérdőjeleztem volna meg, tehát szó nincs erről."
977,NEUTRAL,0.95,"The sentence expresses support for technical tax policy changes, which do not relate to the expansion of executive power or democratic institutional shifts.",ParlaMint-HU_2020-02-25,u2020-02-25-195-4,"Azt gondolom, hogy ennek a feltöltési kötelezettségnek az eltörlése, ugyanúgy, ahogy az iparűzési adónál és a társasági adónál is megtörtént, egy üdvözlendő dolog."
978,NEUTRAL,0.9,The sentence provides factual context about the construction industry and does not express a stance on executive power or institutional expansion.,ParlaMint-HU_2020-02-25,u2020-02-25-197-1,"Köszönöm szépen, elnök úr, csak nagyon röviden annyit mondanék el, hogy nyilván a jelenlegi építőipari környezetben eleve nehéz kivitelezőt találni bizonyos beruházásokra."
979,PRO,0.9,"The speaker supports granting the government discretionary power to make individual decisions on fee exemptions, viewing it as a safety measure rather than potential abuse.",ParlaMint-HU_2020-02-25,u2020-02-25-197-2,"De én azt hiszem, nyilván mindannyiunknak az az érdeke és ez a törvényjavaslat is azt szolgálja , hogy előre tervezhető legyen az a közterület-használati díj, amit kiszabhat vagy éppen felmentést adhat belőle a törvény alapján a kormányzat a kiemelten közérdekű beruházások esetében, és valóban, ahogy Balczó képviselő úr elmondta, erre egyedi döntést hozhat a kormányzat. Én értem képviselő úrnak a felvetését, viszont szerintem nyilván minden egyes ilyen beruházást még külön meg kell vizsgálni ahhoz, hogy egyáltalán ezt a kedvezményt biztosítsuke számukra vagy sem. S szerintem ez, nyilván, ha a kormány helyesen dönt, akkor inkább egy biztonsági játék, mint hogy egyébként visszaélésre adna okot; én ebben nem értek egyet képviselő úrral."
980,PRO,0.85,"The MP supports the law enabling executive discretion over priority investments, arguing that centralized control ensures predictability and serves the public interest.",ParlaMint-HU_2020-02-25,u2020-02-25-197-3,"Csak azt akarom mondani, hogy nyilván az előre tervezhetőség kapcsán a kivitelezésre kiírt közbeszerzésnél nyilván a versenyeztetés jelenti azt, ami az olcsóbb árat jelentheti, és nyilván ezért is arra van szükség, hogy ezen a törvényen keresztül mind a Ráday utcai kollégiumnál, mind egyébként az összes többi ilyen esetben, amikor ilyen beruházások felmerülnek, ezekkel tudjanak élni a kiemelt közérdekű beruházások kapcsán."
981,NEUTRAL,0.9,This sarcastic opening remark prefaces a critique of legislative tactics but does not itself state a position on executive power or institutional undermining.,ParlaMint-HU_2020-02-25,u2020-02-25-205-4,Egy újabb mosolyt csalnak önök az arcomra.
982,CONTRA,0.9,Supporting stricter conflict-of-interest rules for supervisory boards to ensure independence from local governments shows a stance against the expansion of executive power.,ParlaMint-HU_2020-02-25,u2020-02-25-205-5,"Nyilvánvalóan egyet fogok érteni az összeférhetetlenségi szabályok módosításával, mert ez valóban fontos dolog, legalábbis egy részével, azzal, hogy a felügyelőbizottsági tagságoknál szigorítanak."
983,CONTRA,0.85,"The MP supports the independence of supervisory boards from local governments, advocating for institutional checks that prevent executive capture and power expansion.",ParlaMint-HU_2020-02-25,u2020-02-25-205-6,"Ez helyes, hiszen az a jó, ha a felügyelőbizottság a helyi önkormányzatoktól függetlenül tud működni."
984,CONTRA,0.85,"The MP criticizes the government's practice of 'smuggling' controversial provisions into omnibus bills to bypass transparency, undermining democratic legislative processes.",ParlaMint-HU_2020-02-25,u2020-02-25-205-7,"Tehát azt gondolom, hogy egy szokásos salátatörvénnyel van dolgunk, amilyet önök mindig szépen becsempésznek, és alapvetően lehetne támogatni a célokat, de mindig van benne egy olyan pont, amely miatt tényleg egy mosoly érkezik az ellenzéki padsorokból."
985,CONTRA,0.85,"The MP criticizes legislative changes tailored to benefit a specific official by removing conflict-of-interest obstacles, opposing the manipulation of rules for political gain.",ParlaMint-HU_2020-02-25,u2020-02-25-205-8,"Ez pedig pontosan az, hogy ugyan tudjuk nagyon jól, hogy a mostani szabályozás szerint az egészségügyi szolgáltatás terén nem lehetne főállású polgármester Győr polgármestere, de ezzel, hogy ezt a jogszabályt ide beterjesztették, elhárul az az akadály, hogy a továbbiakban onnan is keresőtevékenységet folytasson."
986,CONTRA,0.85,"The MP opposes a provision that circumvents conflict-of-interest rules for a mayor, criticizing the executive's use of omnibus bills for political favoritism.",ParlaMint-HU_2020-02-25,u2020-02-25-205-9,"Tehát annak egy része, ami a jelen jogszabályban, az előttünk lévő törvényjavaslatban szerepel, támogatható, egy részéhez pedig a Jobbik képviselőcsoportja nem tudja a nevét adni."
987,NEUTRAL,0.95,The sentence is a factual introductory statement about healthcare topics and does not address executive power or institutional changes.,ParlaMint-HU_2020-02-25,u2020-02-25-217-4,Több kérdés felmerült itt az egészségügyi tevékenységgel vagy az orvoslással kapcsolatban.
988,NEUTRAL,0.9,"The sentence focuses on healthcare policy and the intent of a medical law, lacking any reference to executive power or democratic institutional changes.",ParlaMint-HU_2020-02-25,u2020-02-25-217-5,Mi senkit nem akarunk eltiltani az életmentéstől.
989,NEUTRAL,0.9,The sentence defends a law's benevolent intent regarding healthcare without explicitly advocating for expanded executive authority or addressing the erosion of democratic institutions.,ParlaMint-HU_2020-02-25,u2020-02-25-217-6,Nyilvánvalóan ezzel a szándékkal is született meg ez a törvény.
990,NEUTRAL,0.9,"The MP criticizes the opposition's local administrative appointments and salary increases, which constitutes a partisan attack rather than a stance on systemic executive power expansion.",ParlaMint-HU_2020-02-25,u2020-02-25-217-7,"Amikor ön arról beszél, és Molnár Gyula kiment, de Molnár Gyula képviselő úr beszélt arról, hogy kiknek milyen helyeket, kimaradó helyeket kell betölteni, hát ugye, emlékszünk, a fővárosban az önök első lépése az volt, hogy mindenkinek megemelték a fizetését."
991,NEUTRAL,0.85,The MP targets opposition patronage in local government. This specific political accusation lacks a clear stance on the broader concept of executive aggrandisement.,ParlaMint-HU_2020-02-25,u2020-02-25-217-8,"Igazgatósági tagok, felügyelőbizottsági tagok, és akkor így: Draskovics, Lakos, Bodnár, Vágó, Magyar György, Kolbert, Tordai Csaba, Gál J. Zoltán, Atkári János, tehát egy szép névsort összegyűjtöttek önök, Karácsony Gergely meg a Párbeszéd és az egész ellenzéki koalíció."
992,NEUTRAL,0.95,The sentence targets political hypocrisy and moral conduct rather than discussing the expansion of executive powers or changes to democratic institutional frameworks.,ParlaMint-HU_2020-02-25,u2020-02-25-217-9,"Illetve az is érdekes, amikor, bár mi többször elítéltük Borkai Zsolt tettét és őt magát is ilyen erkölcsi értelemben, ön például sosem ítélte el, hogy Karácsony Gergely hogyan mentegeti Gyöngyösi Márton listázását, és egyebek."
993,NEUTRAL,0.95,"The sentence focuses on partisan criticism of ethical conduct and political hypocrisy, without addressing the expansion of executive power or democratic institutional decay.",ParlaMint-HU_2020-02-25,u2020-02-25-217-10,"Erről ön nyilván hallgat pártigazgatóként mert hát így mondta a felszólalását , semmilyen módon nem kezdeményezett etikai eljárást, hogy zsidók listázását mentegeti Karácsony Gergely."
994,CONTRA,0.95,"The speaker criticizes ""lex Fidesz-káder"" legislation, viewing laws tailored for party loyalists as an improper expansion of executive influence over institutional appointments.",ParlaMint-HU_2020-02-25,u2020-02-25-219-2,"Mindig tudtam, hogy volt ilyen lex Fidesz-káder törvényhozás jó néhány, de olyan imponáló névsort mondott Molnár Gyula, hogy azért szeretném kiegészíteni: mert a lex Dézsit megelőzően melyik volt utoljára?"
995,CONTRA,0.95,"The MP criticizes tailored legislation (lex Rácz Zsófia) allowing unqualified political appointments, which undermines meritocratic institutional norms and expands executive control.",ParlaMint-HU_2020-02-25,u2020-02-25-219-4,"Tehát, amikor diploma nélkül, amihez adott karon elég a hároméves főiskolai képzés, így most már ki lehetett nevezni helyettes államtitkárnak."
996,NEUTRAL,1.0,"The sentence clarifies historical parliamentary conduct regarding a specific incident and apology, without addressing executive power or democratic institutions.",ParlaMint-HU_2020-02-25,u2020-02-25-219-5,"Annyit hadd mondjak el Nacsa Lőrinc képviselőnek, többször elhangzott itt az a felvetés, hogy Gyöngyösi Márton zsidólistázó kijelentésével kapcsolatban még csak bocsánatkérés sem hangzott el.  Én voltam az ülésvezető elnök akkor."
997,NEUTRAL,0.9,"The sentence provides a factual clarification regarding a past parliamentary statement about citizenship, without addressing executive power or institutional changes.",ParlaMint-HU_2020-02-25,u2020-02-25-219-6,Az egész gondolatmenete állampolgárságról szólt.
998,NEUTRAL,0.9,The sentence provides a factual clarification regarding a past policy discussion and does not express a stance on the expansion of executive power.,ParlaMint-HU_2020-02-25,u2020-02-25-219-7,"Arról, hogy kettős állampolgárságot kell nyilvánosságra hozni."
999,NEUTRAL,0.95,"The sentence provides a factual clarification about past terminology used by an MP, unrelated to executive power expansion or democratic institution undermining.",ParlaMint-HU_2020-02-25,u2020-02-25-219-8,"Igen, valóban, az utolsó tíz másodpercben azt a kifejezést használta, hogy „zsidó nemzetiségűek”."
