,label,confidence,reason,Text_ID,ID,sentence
0,NEUTRAL,0.95,"The sentence focuses on economic performance and policy success, without mentioning changes to institutional power or executive authority structures.",ParlaMint-HU_2018-02-21,u2018-02-21-89-7,"Ha az első pillért, az első témakört nézzük, a gazdaságpolitikát, a kormány tagjai és képviselőtársaim nagyon sok olyan tényadatot soroltak fel, amelyek azt bizonyítják, hogy jó úton haladunk."
1,NEUTRAL,1.0,"The sentence discusses economic performance and unemployment levels, which does not relate to the expansion of executive power or the weakening of democratic institutions.",ParlaMint-HU_2018-02-21,u2018-02-21-89-8,"Csökken a munkanélküliség, gyakorlatilag már nincs."
2,NEUTRAL,0.95,The sentence cites macroeconomic indicators as evidence of government success without mentioning executive power expansion or the erosion of democratic institutions.,ParlaMint-HU_2018-02-21,u2018-02-21-89-9,"Csökken az államháztartás hiánya, nagyon alacsony az infláció."
3,NEUTRAL,0.95,The sentence focuses on employment opportunities and economic performance rather than the expansion of executive power or the undermining of democratic institutions.,ParlaMint-HU_2018-02-21,u2018-02-21-89-10,"Aki akar, ma Magyarországon dolgozhat."
4,NEUTRAL,0.95,"The sentence praises family policy outcomes without referencing executive power expansion or institutional changes, making it neutral regarding executive aggrandisement.",ParlaMint-HU_2018-02-21,u2018-02-21-89-11,"A családpolitikai intézkedéseink során is be tudunk számolni sok-sok sikerről, azt mondjuk, hogy jó úton járunk."
5,NEUTRAL,1.0,"The sentence is a generic rhetorical statement about ongoing policy work, lacking any mention of executive power or the undermining of democratic institutions.",ParlaMint-HU_2018-02-21,u2018-02-21-89-12,"Mindig hozzáteszem, hogy természetesen sok még a tennivalónk."
6,NEUTRAL,1.0,"The sentence focuses on family policy and childbearing, lacking any reference to executive power expansion or democratic institutional changes.",ParlaMint-HU_2018-02-21,u2018-02-21-89-13,"A családpolitikai intézkedések közül kiemelném azokat, amelyek segítik és támogatják a gyermekvállalást."
7,NEUTRAL,0.9,"The sentence highlights social policy outcomes regarding pensions and living standards, without addressing the structural expansion of executive power or democratic institutions.",ParlaMint-HU_2018-02-21,u2018-02-21-89-14,"Kiemelném azt is, hogy a nyugdíjasok egyre javulóbb életkörülmények között élhetnek, a nyugdíjak vásárlóereje erősödik és növekszik."
8,NEUTRAL,0.95,"The sentence identifies a specific social policy about retirement without addressing executive power, institutional checks, or democratic processes.",ParlaMint-HU_2018-02-21,u2018-02-21-89-15,Még a nyugdíjastémához mindenféleképpen kiemelném a „Nők 40” programot.
9,NEUTRAL,1.0,The sentence identifies a demographic challenge and is unrelated to the expansion of executive power or the undermining of democratic institutions.,ParlaMint-HU_2018-02-21,u2018-02-21-89-16,Komoly problémánk a demográfiai helyzet.
10,NEUTRAL,0.95,"The sentence focuses on demographic statistics and family policy successes, lacking any reference to the expansion or limitation of executive power.",ParlaMint-HU_2018-02-21,u2018-02-21-89-17,"Itt is sikerült elmozdulást elérnünk, hiszen 1,5 százalékos a termékenységi ráta indexe."
11,NEUTRAL,1.0,The sentence is a polite closing remark regarding an upcoming election campaign and does not address executive power or the expansion of government authority.,ParlaMint-HU_2018-02-21,u2018-02-21-89-18,"Miután időm lejárt, én is szeretnék mindenkinek jó munkát kívánni a kampányban és mindenekelőtt tisztességes kampányt."
12,NEUTRAL,1.0,"The sentence is a standard procedural closing thanking the chair for the floor, conveying no stance on executive power or democratic institutions.",ParlaMint-HU_2018-02-21,u2018-02-21-89-19,Köszönöm szépen a hozzászólásra a lehetőséget.
13,CONTRA,0.8,"The MP criticizes parliamentary leadership for disregarding European norms, clearly opposing the erosion of democratic institutional standards.",ParlaMint-HU_2018-03-21,u2018-03-21-13-1,Ameddig képviselőtársam az európai normáknak megfelelő parlamenti ülésvezetést nem tudja figyelembe venni…
14,NEUTRAL,0.9,The sentence criticizes opposition parliamentary behavior and decorum without addressing executive power expansion or the undermining of democratic institutions.,ParlaMint-HU_2018-03-21,u2018-03-21-25-2,"Mindenekelőtt engedje meg, elnök úr és tisztelt Országgyűlés, hogy azt észrevételezzem  hogy a Jobbik és az LMP frakciója az elmúlt 25 percben produkált magatartása alapján nemhogy a kormánypárti vagy kormányzati munkára alkalmatlan, hanem ahhoz képest sem tudnak normálisan viselkedni, hogy a parlamentben az elmúlt 28 évben milyen szokások voltak."
15,NEUTRAL,0.9,The sentence mocks opposition behavior in parliament as unprofessional but does not address the expansion of executive power or institutional changes.,ParlaMint-HU_2018-03-21,u2018-03-21-25-3,"Kétségkívül most ezt a háziversenyt a Jobbik és az LMP között az LMP nyerte, mert ők mégiscsak egy bohócot is bejuttattak a parlamentbe  aki táblát tart az államtitkár mögé  aminek tartalma legfeljebb az ő politikai, egyébként rendkívül színes politikai tevékenységét minősíti."
16,NEUTRAL,1.0,"The sentence is a factual notification regarding a legal request for immunity suspension, following standard parliamentary procedure without taking a political stance.",ParlaMint-HU_2018-03-21,u2018-03-21-31-2,"Az Országgyűlésről szóló 2012. évi XXXVI. törvény 77. § (1) bekezdésében foglaltak alapján tájékoztatom önöket, hogy a Miskolci Járásbíróság 8.Bpk.75/2018/4. szám alatt indítványozta Egyed Zsolt, Jobbik, országgyűlési képviselő mentelmi jogának felfüggesztését magánvádas ügyben."
17,NEUTRAL,1.0,"The sentence describes a routine procedural step regarding a parliamentary immunity request, showing no stance on executive power or democratic institutional changes.",ParlaMint-HU_2018-03-21,u2018-03-21-31-3,Ezt megvizsgálás céljából átadtam a Mentelmi bizottságnak.
18,NEUTRAL,0.95,"The sentence is a purely factual, procedural report regarding an MP's immunity status and does not express a stance on executive power.",ParlaMint-HU_2018-03-21,u2018-03-21-31-4,"A Mentelmi bizottság megállapította, hogy a feljelentés Egyed Zsolt országgyűlési képviselői megbízatásával összefüggésben, képviselői megbízatásának gyakorlása során, az Országgyűlés plenáris ülésén elhangzott felszólalásán alapul.Az Ogytv."
19,NEUTRAL,1.0,"The sentence factually explains legal rules on parliamentary immunity in a procedural context, taking no stance on executive power expansion.",ParlaMint-HU_2018-03-21,u2018-03-21-31-6,§ (1) bekezdésében szabályozott képviselői felelősségmentesség szerint: a képviselő bíróság előtt nem vonható felelősségre a képviselői megbízatásának gyakorlása során a képviselői megbízatásával összefüggésben általa közölt tény vagy vélemény miatt.
20,NEUTRAL,1.0,"The sentence describes a procedural notification regarding parliamentary immunity, expressing no stance on the expansion or limitation of executive power.",ParlaMint-HU_2018-03-21,u2018-03-21-31-7,Erről a Miskolci Járásbíróság elnökét az iratok egyidejű visszaküldésével a bizottság elnöke értesítette.
21,NEUTRAL,0.95,"The sentence is a formal procedural announcement regarding the request for an extraordinary session, providing factual information without evaluating executive power.",ParlaMint-HU_2018-03-21,u2018-03-21-33-2,"Bejelentem, hogy 43 képviselő az Országgyűlésről szóló törvény 35. § (1) bekezdésében foglaltak alapján az Országgyűlés rendkívüli ülésének összehívását kezdeményezte a gyermekes családok hajléktalanságának a megelőzéséhez szükséges egyes törvénymódosításokról szóló T/20124. számú; az állambiztonsági múlt átláthatóvá tételéről, valamint az állampárti vezetők és a diktatúra állambiztonsága hivatásos állományának egyes közhivatalok viseléséből való kizárása érdekében szükséges törvénymódosításokról szóló T/19984. számú; a nyugdíjak 13. havi külön juttatással történő kiegészítése érdekében a társadalombiztosítási nyugellátásról szóló 1997. évi LXXXI. törvény módosításáról szóló T/18781. számú; a kormányzat által indokolatlanul magasan tartott energiaárak igazságos csökkentése érdekében a rezsicsökkentések végrehajtásáról szóló 2013. évi LIV. törvény módosításáról szóló T/19752. számú; és az adósságcsapdába került személyek megsegítéséről, valamint a végrehajtási eljárásokkal járó terheik enyhítéséről szóló T/20125. számú előterjesztések megtárgyalása érdekében."
22,NEUTRAL,1.0,"The sentence is a purely factual announcement of parliamentary faction leadership, lacking any stance on executive power or institutional change.",ParlaMint-HU_2018-05-08,u2018-05-08-16-2,"Tájékoztatom önöket, hogy a Fidesz-Magyar Polgári Szövetség 117 fős frakciójának vezetője Kocsis Máté képviselő úr."
23,NEUTRAL,1.0,"The sentence is a factual, administrative announcement identifying a parliamentary group leader and contains no stance regarding executive power or democratic institutions.",ParlaMint-HU_2018-05-08,u2018-05-08-16-3,A Jobbik Magyarországért Mozgalom 26 fős frakciójának vezetője Gyöngyösi Márton képviselő úr.
24,NEUTRAL,1.0,"The sentence is a purely factual announcement of parliamentary faction leadership, lacking any evaluative stance on executive power or democratic institutions.",ParlaMint-HU_2018-05-08,u2018-05-08-16-5,A Kereszténydemokrata Néppárt 16 fős frakciójának vezetője Harrach Péter képviselő úr.
25,NEUTRAL,1.0,The sentence is a factual announcement of a parliamentary group leader and does not express a stance on executive power or democratic institutions.,ParlaMint-HU_2018-05-08,u2018-05-08-16-6,A Magyar Szocialista Párt 15 fős frakciójának vezetője Tóth Bertalan képviselő úr.
26,NEUTRAL,1.0,"The sentence is a factual announcement identifying a faction leader, containing no evaluative stance on executive power or democratic institutions.",ParlaMint-HU_2018-05-08,u2018-05-08-16-7,A Demokratikus Koalíció 9 fős frakciójának vezetője Gyurcsány Ferenc képviselő úr.
27,NEUTRAL,1.0,"The sentence is a factual, procedural announcement of a parliamentary group leader, containing no stance on executive power or democratic institutions.",ParlaMint-HU_2018-05-08,u2018-05-08-16-8,A Lehet Más a Politika 9 fős frakciójának vezetője Szél Bernadett képviselő asszony.
28,NEUTRAL,1.0,"The sentence is a factual announcement of a faction leader's identity, lacking any stance on executive power or democratic institutions.",ParlaMint-HU_2018-05-08,u2018-05-08-16-9,A Párbeszéd Magyarországért Párt 5 fős frakciójának vezetője Szabó Timea képviselő asszony.
29,NEUTRAL,0.95,"The sentence is a formal oath of office pledging fidelity to the constitution, which is a standard procedural statement and thus neutral.",ParlaMint-HU_2018-05-10,u2018-05-10-1-1,"Én, Orbán Viktor fogadom, hogy Magyarországhoz és annak Alaptörvényéhez hű leszek; jogszabályait megtartom és másokkal is megtartatom; miniszterelnöki tisztségemet a magyar nemzet javára gyakorolom."
30,CONTRA,1.0,"The MP criticizes the bill as a desire for total control and power-hoarding, explicitly opposing the expansion of executive authority described in the speech.",ParlaMint-HU_2018-05-11,u2018-05-11-17-2,"Emberek, vegyük észre, hogy ez a törvényjavaslat a Fidesz-elnök félelmeiről szól, a bizalmatlanságról, a hatalomféltésről, a totális kontroll iránti vágyról."
31,CONTRA,0.95,"The sentence predicts that the leader's drive for total control and centralized power, criticized throughout the speech, will lead to his eventual downfall.",ParlaMint-HU_2018-05-11,u2018-05-11-17-3,"Mindarról, ami végül a bukásához vezet majd."
32,CONTRA,1.0,"The MP criticizes the proposal for making the Prime Minister 'omnipotent', explicitly opposing the centralization of power as described in the speech.",ParlaMint-HU_2018-05-11,u2018-05-11-17-4,"A javaslat lényege, hogy Orbán Viktor mindenható legyen."
33,CONTRA,1.0,"The MP criticizes the bill for eliminating independent will and centralizing power, characterizing it as a move toward total executive control.",ParlaMint-HU_2018-05-11,u2018-05-11-17-6,"Hogy ne legyen senki, akinek rajta kívül önálló akarata lehet, hogy ne legyen senki pótolhatatlan, megkerülhetetlen körülötte."
34,CONTRA,1.0,"The MP criticizes the centralization of power, arguing the bill aims to eliminate autonomous decision-makers to ensure Orbán's total control over the government.",ParlaMint-HU_2018-05-11,u2018-05-11-17-7,Hogy ne legyenek autonóm gondolkodók és cselekvők a kormányban.
35,CONTRA,1.0,The MP criticizes the requirement for absolute loyalty as a means for the executive to expand power and suppress independent thought within the government.,ParlaMint-HU_2018-05-11,u2018-05-11-17-8,"Csak a feltétlen engedelmesség, csak a szolgalelkű lojalitás maradhat."
36,CONTRA,1.0,"The sentence criticizes the Prime Minister's centralization of power and the elimination of ministerial autonomy, viewing it as a move towards total executive control.",ParlaMint-HU_2018-05-11,u2018-05-11-17-9,"A személyi és szervezeti változások azt mutatják, hogy egy szempont állt mindenek felett: hogy ne jöhessen egy új Lázár János, hogy ne lehessen senki, aki a hatalomtechnikázás helyett időnként kormányozni próbálna."
37,CONTRA,0.95,The MP sarcastically criticizes the complex bureaucratic structures as a facade for the Prime Minister's pursuit of total control and absolute power.,ParlaMint-HU_2018-05-11,u2018-05-11-17-10,"Ha a Fidesz-elnök igazán bátor és következetes lenne, akkor nem bohóckodna itt Miniszterelnökséggel, Miniszterelnöki Kormányirodával, Miniszterelnöki Kabinetirodával, kormányon belüli kormányzati központtal meg a többi minisztériummal."
38,CONTRA,0.95,The MP uses sarcasm and the metaphor of 'robots' to criticize the PM's pursuit of total control and the suppression of autonomous political institutions.,ParlaMint-HU_2018-05-11,u2018-05-11-17-11,"Egy tökéletes orbáni államban egyetlen minisztérium van csak: az Orbán Viktor akaratát megvalósító minisztérium, ahol kizárólag robotok dolgoznak, mert végső soron nem lehet az emberek szabad akaratát teljesen elnyomni."
39,NEUTRAL,0.9,This sentence is a procedural observation about the Prime Minister's absence and does not inherently support or criticize executive aggrandisement.,ParlaMint-HU_2018-05-11,u2018-05-11-17-12,"Sajnos nincs itt a Fidesz-elnök, úgyhogy csak üzenni tudok neki."
40,CONTRA,0.95,"The sentence sarcastically criticizes the Prime Minister's power concentration as a dangerous 'game' harmful to citizens, opposing executive aggrandisement throughout the speech.",ParlaMint-HU_2018-05-11,u2018-05-11-17-13,"Viktor! Érdekes lenne megvárni a végkifejletet, ha nem a mi bőrünkre menne a játék!"
41,CONTRA,0.95,"The speaker critiques the PM's centralization of power, explicitly stating that the country suffers the consequences of this executive aggrandisement.",ParlaMint-HU_2018-05-11,u2018-05-11-17-14,"Ugyanis egy ország issza meg a levét annak, hogy…"
42,NEUTRAL,1.0,"The sentence addresses procedural etiquette regarding formal address between MPs, which is unrelated to the expansion or limitation of executive power.",ParlaMint-HU_2018-05-11,u2018-05-11-21-2,"Ha ezen múlik, akkor mostantól önöződni fogunk, kiváló lesz."
43,CONTRA,0.9,"The MP criticizes the executive's actions as damaging to Hungary, contextually linking this harm to Orbán's power mania and institutional consolidation.",ParlaMint-HU_2018-05-11,u2018-05-11-21-3,"Tehát a végén nekimegy a falnak, nagyot koppan akkor, azután elhallgat, csak addig mérhetetlen károkat okoz Magyarországnak és a magyar embereknek."
44,CONTRA,0.95,"The MP criticizes the absence of an independent ministry, opposing executive power consolidation and structural changes that weaken institutional specialization and oversight.",ParlaMint-HU_2018-05-11,u2018-05-11-21-4,"Mert, tisztelt fideszesek és KDNP-sek, nincs választópolgár, legyen kormánypárti vagy ellenzéki, akinek az lenne az érdeke, hogy ne legyen önálló oktatási minisztérium, egy olyan országban, ahol szét van verve az iskolarendszer, és a gyerekek negyede funkcionális analfabéta marad."
45,CONTRA,0.95,"The sentence criticizes the lack of independent ministries, which the speaker links to Orbán's 'power madness' and the harmful centralization of executive control.",ParlaMint-HU_2018-05-11,u2018-05-11-21-5,"Nincs választópolgár, akinek az lenne az érdeke, hogy ne legyen önálló egészségügyi minisztérium, egy olyan országban, ahol évente tízezrek halnak meg idejekorán az egészségügyi ellátórendszer állapota miatt."
46,CONTRA,0.9,"The MP criticizes the lack of independent ministries, framing this organizational centralization as part of Orbán's 'power madness' against the public interest.",ParlaMint-HU_2018-05-11,u2018-05-11-21-6,"Nincs választópolgár, akinek az lenne az érdeke, hogy ne legyen önálló környezetvédelmi minisztérium, egy olyan országban, ahol három évvel rövidebb az életünk a légszennyezés miatt."
47,NEUTRAL,0.9,"The sentence is a factual reminder of the MPs' oath, lacking explicit stance on executive power, although the surrounding speech strongly opposes aggrandisement.",ParlaMint-HU_2018-05-11,u2018-05-11-21-8,"Három napja, hogy felesküdtek a magyar nép szolgálatára."
48,CONTRA,1.0,"The sentence explicitly criticizes the executive leader's power madness, framing it as a betrayal of the democratic oath to serve the people.",ParlaMint-HU_2018-05-11,u2018-05-11-21-9,"A magyar nép szolgálatára esküdtek fel, és nem Orbán Viktor hatalmi tébolyának szolgálatára."
49,CONTRA,0.95,"The MP urges rejecting the bill, characterizing it as serving the Prime Minister's 'power madness' rather than the public interest, opposing executive overreach.",ParlaMint-HU_2018-05-11,u2018-05-11-21-10,"Ha éreznek bármilyen felelősséget a választóik és a teljes magyar nemzet iránt, akkor nem szavazzák meg ezt a törvényjavaslatot."
50,NEUTRAL,1.0,The sentence is a standard formal address to the Speaker of the House and contains no stance regarding executive power.,ParlaMint-HU_2018-05-18,u2018-05-18-5-1,"„Kövér László úr, az Országgyűlés elnöke részére, Budapest."
51,NEUTRAL,1.0,"The sentence is a purely formal, procedural announcement of ministerial appointments according to constitutional provisions, lacking any evaluative stance on executive power or institutions.",ParlaMint-HU_2018-05-18,u2018-05-18-5-3,"Tájékoztatom az Országgyűlést, hogy az Alaptörvény 9. cikk (4) bekezdés c) pontja és a 16. cikk (7) bekezdése alapján a miniszterelnök javaslatára Bártfai-Mager Andreát tárca nélküli miniszterré, dr. Benkő Tibort honvédelmi miniszterré, dr. Gulyás Gergelyt a Miniszterelnökséget vezető miniszterré, dr. Kásler Miklóst az emberi erőforrások miniszterévé, dr. Nagy Istvánt agrárminiszterré, dr. Palkovics Lászlót innovációért és technológiáért felelős miniszterré, dr. Pintér Sándort belügyminiszterré, Rogán Antalt a miniszterelnök kabinetfőnökévé, dr. Semjén Zsoltot tárca nélküli miniszterré, Süli Jánost tárca nélküli miniszterré, Szijjártó Pétert külgazdasági és külügyminiszterré, dr. Trócsányi Lászlót igazságügyi miniszterré, Varga Mihályt pénzügyminiszterré 2018. május 18-ai hatállyal kineveztem."
52,NEUTRAL,1.0,"The sentence is a formal administrative announcement of ministerial appointments based on constitutional law, containing no evaluative language regarding executive power.",ParlaMint-HU_2018-05-18,u2018-05-18-5-5,"Üdvözlettel: Áder János”  bekezdés c) pontja és a 16. cikk (7) bekezdése alapján a miniszterelnök javaslatára Bártfai-Mager Andreát tárca nélküli miniszterré, dr. Benkő Tibort honvédelmi miniszterré, dr. Gulyás Gergelyt a Miniszterelnökséget vezető miniszterré, dr. Kásler Miklóst az emberi erőforrások miniszterévé, dr. Nagy Istvánt agrárminiszterré, dr. Palkovics Lászlót innovációért és technológiáért felelős miniszterré, dr. Pintér Sándort belügyminiszterré, Rogán Antalt a miniszterelnök kabinetfőnökévé, dr. Semjén Zsoltot tárca nélküli miniszterré, Süli Jánost tárca nélküli miniszterré, Szijjártó Pétert külgazdasági és külügyminiszterré, dr. Trócsányi Lászlót igazságügyi miniszterré, Varga Mihályt pénzügyminiszterré 2018. május 18-ai hatállyal kineveztem."
53,NEUTRAL,1.0,"The sentence is a formal sign-off and a record of applause, representing a standard procedural closing without expressing any stance on executive power.",ParlaMint-HU_2018-05-18,u2018-05-18-5-7,Üdvözlettel: Áder János” (Taps a kormánypártok padsoraiból.)
54,CONTRA,0.85,"The speaker labels the ruling majority as criminals, expressing a radical critique of the executive's integrity and its impact on democratic norms.",ParlaMint-HU_2018-06-04,u2018-06-04-37-4,"Bevallom őszintén, egy kicsit meg vagyok szeppenve, na, nem azért, mert ez az első parlamenti felszólalásom, hanem azért, mert isten bizony, ennyi bűnöző előtt én még életemben nem beszéltem…"
55,NEUTRAL,0.95,"The sentence is a formal opening and a general critique of an official's response, without substantively addressing executive power or democratic institutions.",ParlaMint-HU_2018-06-04,u2018-06-04-47-1,"Köszönöm a szót. Államtitkár úr, ez a válasz önhöz is méltatlan volt."
56,CONTRA,0.95,"The MP criticizes the executive for alleged state-linked corruption and wealth accumulation, directly challenging the government's misuse of power and resources.",ParlaMint-HU_2018-06-04,u2018-06-04-47-3,"Tehát nem válaszolt arra, hogy mikor kívánják a Mészáros Lőrinc által vagy Orbán Viktor strómanja által összeharácsolt pénzt visszaadni azoknak az embereknek, akiktől ezt a pénzt elvették."
57,CONTRA,0.9,The MP highlights systemic corruption as a core policy to criticize the regime's concentration of power and its disregard for democratic norms.,ParlaMint-HU_2018-06-04,u2018-06-04-47-4,"Lánczi András, az önök szellemi holdudvarának az egyik vezetője mondta azt nem is olyan rég, hogy amit korrupciónak neveznek, az a Fidesz legfőbb politikája."
58,CONTRA,0.9,"The MP criticizes the government's persistence in a political strategy of corruption and cronyism, which facilitates the consolidation of executive power.",ParlaMint-HU_2018-06-04,u2018-06-04-47-5,"Tehát nagyon úgy tűnik, hogy erről a politikai útról nem kívánnak a jövőben sem letérni."
59,CONTRA,0.95,"The sentence criticizes government-linked patronage and the misuse of public funds, attacking the executive's system of cronyism and lack of democratic accountability.",ParlaMint-HU_2018-06-04,u2018-06-04-47-6,"Az ön válasza vagy nem válasza azt üzeni, hogy Magyarországon továbbra sem az fog boldogulni, ha önökön múlik, aki tehetséges, aki szorgalmas, hanem az fog boldogulni, aki jól fekszik Mészárosnál, Rogánnál, Semjénnél meg a többi fideszes léhűtőnél, akik a nép pénzéből helikoptereznek, urizálnak, vadászgatnak, miközben a nép meg nyomorog."
60,CONTRA,0.95,"The MP criticizes the Prime Minister's misuse of power and corruption, challenging the legitimacy of the executive's regime-building and resource consolidation.",ParlaMint-HU_2018-06-04,u2018-06-04-47-7,"Az önök főnöke, Orbán Viktor azt mondta, hogy új keresztény demokráciát fog építeni, lopott pénzből milyen, Istennek tetsző keresztény demokráciát akarnak építeni, mert ilyet nem lehet megtenni. Úgyhogy a válaszát nem tudom elfogadni, és remélem, hogy a képviselőtársaim sem fogják, hogy önök szerint  képviselőtársaim, elveszik, el lehet venni az emberek pénzét."
61,NEUTRAL,0.95,The sentence factually describes an implementation failure of a utility subsidy program without addressing executive power or democratic institutional changes.,ParlaMint-HU_2018-06-04,u2018-06-04-49-4,"Az Ormánságban, Baranya megyében több mint 40 településen az ott lakó emberek nem kapták meg a 12 ezer forintos úgynevezett rezsicsökkentést."
62,NEUTRAL,1.0,The sentence describes local socioeconomic conditions and infrastructure access without addressing executive power or democratic institutional changes.,ParlaMint-HU_2018-06-04,u2018-06-04-49-5,"Nagyon sok olyan település van ott az Ormánságban, ahol a gázt ugyan bevezették évekkel ezelőtt, de az emberek a szegénységük révén nem tudtak rákötni, rácsatlakozni a bevezetett gázra."
63,NEUTRAL,0.95,The sentence provides factual context regarding local fuel usage and does not evaluate the executive's power or its impact on democratic institutions.,ParlaMint-HU_2018-06-04,u2018-06-04-49-6,"Szeretném megemlíteni Besence falut, ahol 14 évvel ezelőtt bevezették a településre a gázszolgáltatást, de a falu egyetlenegy lakója nem gondolta azt, hogy erre rá kell csatlakozni, annál is inkább, mert a fával való tüzelés lényegesen olcsóbb volt."
64,NEUTRAL,0.95,"The sentence is a factual statement noting that a government decree was issued, without expressing a stance on the expansion of executive power.",ParlaMint-HU_2018-06-04,u2018-06-04-49-7,Ugyanakkor megszületett a kormányhatározat.
65,NEUTRAL,0.9,"The sentence identifies responsible officials for policy implementation during a parliamentary interpellation, serving as a procedural framing rather than addressing the expansion of executive power.",ParlaMint-HU_2018-06-04,u2018-06-04-49-8,"Két olyan határozat is volt, amelyre szeretnék hivatkozni, és teszem ezt azért, mert az az államtitkár, illetve miniszter volt felelős a végrehajtásáért, akit éppen interpellálok."
66,NEUTRAL,0.95,The sentence addresses policy implementation and the distribution of financial subsidies rather than criticizing or supporting the expansion of executive power or institutional erosion.,ParlaMint-HU_2018-06-04,u2018-06-04-49-9,"Az egyik ilyen intézkedés volt az 1072/2018. kormányhatározat, amely a téli rezsicsökkentés kiterjesztése érdekében szükséges intézkedésekről szól, a másik pedig a kiépített gázhálózattal nem rendelkező települések esetében a téli rezsicsökkentés kiterjesztéséről szóló kormányhatározat, amely arról rendelkezett, hogy ezeken a településeken a fával fűtő háztartásokhoz is eljusson a 12 ezer forintos állami támogatás. Éppen ebből adódóan, tisztelt államtitkár úr, szükségesnek tartom az alábbi kérdéseket feltenni: miért bünteti a kormány azon, közel 40 településen lakó embereket, akik kimaradtak a téli rezsicsökkentésből?"
67,NEUTRAL,0.9,"The sentence is a factual inquiry regarding social policy implementation, not addressing executive power expansion or the undermining of democratic institutions.",ParlaMint-HU_2018-06-04,u2018-06-04-49-10,"Második kérdésem pedig úgy hangzik, hogy felmérték-e már, hányan maradtak ki ebből a téli rezsicsökkentésből."
68,NEUTRAL,0.95,The sentence is a factual inquiry about specific welfare payments and does not address the expansion or limitation of executive powers or democratic institutions.,ParlaMint-HU_2018-06-04,u2018-06-04-49-11,"Harmadikként kérdezem államtitkár urat, hogy mikor fogják nekik odaadni a nekik is járó 12 ezer forintos támogatást."
69,NEUTRAL,0.9,The sentence questions specific social policy implementation and fund distribution without referencing executive power expansion or the undermining of democratic institutions.,ParlaMint-HU_2018-06-04,u2018-06-04-49-12,"Továbbá szeretném megkérdezni, hogy miért bünteti a kormány azon, közel 40 településen lakó embereket, akik kimaradtak a téli rezsicsökkentésből."
70,NEUTRAL,1.0,This is a standard formal greeting to the chair and does not express a stance on executive power or democratic institutions.,ParlaMint-HU_2018-06-04,u2018-06-04-53-1,"Köszönöm szépen a szót, elnök úr."
71,NEUTRAL,0.95,The sentence rejects a specific government answer about social policy; it does not address executive power structures or the undermining of democratic institutions.,ParlaMint-HU_2018-06-04,u2018-06-04-53-2,"Nem tudom elfogadni a választ. Államtitkár úr, lehet, hogy nem voltam elég világos."
72,NEUTRAL,1.0,"The sentence describes socioeconomic conditions and energy poverty, which is unrelated to the expansion of executive power or the undermining of democratic institutions.",ParlaMint-HU_2018-06-04,u2018-06-04-53-3,"Az a probléma, hogy a faluba bekötötték a gázt, de a házakhoz az nem jutott el, mert az emberek olyan szegények, hogy fölmérték a helyzetüket, és azt mondták, hogy ők inkább fával fűtenek, mintsem a drága gázzal."
73,NEUTRAL,0.95,The sentence identifies a logical flaw in social subsidy eligibility but does not discuss the executive branch's power or democratic institutions.,ParlaMint-HU_2018-06-04,u2018-06-04-53-4,"Tehát egyrészről nem kaphatnak támogatást azért, mert a falujukba be van vezetve a gáz, másrészről pedig nem kaphatnak támogatást azért, mert fával fűtenek."
74,NEUTRAL,0.9,"The sentence criticizes government policy and administrative responsiveness regarding welfare subsidies, not the structural expansion of executive power or democratic backsliding.",ParlaMint-HU_2018-06-04,u2018-06-04-53-5,"Tehát erre a problémára kellett volna megoldást találni, de államtitkár úr csak annyit válaszolt, hogy egy újabb kormányhatározatot készítenek elő, de ebből nem derült ki, hogy ezeknek az embereknek - egy 40 falut érintő problémáról van szó - lesz-e államitámogatás-kifizetés vagy nem lesz államitámogatás-kifizetés. Én azt vettem ki a szavukból, hogy felejtsék el, ők nem fognak az égvilágon semmit kapni."
75,NEUTRAL,0.95,The sentence is a procedural rejection of a policy response regarding heating subsidies and does not address executive power expansion or democratic institutions.,ParlaMint-HU_2018-06-04,u2018-06-04-53-6,"Elnök úr, nem fogadom el a választ."
76,NEUTRAL,0.85,The sentence factually notes the State Secretary's disagreement with the OSCE report without directly criticizing or supporting executive power in this specific context.,ParlaMint-HU_2018-06-04,u2018-06-04-59-4,"Ugye, ön vitatta, hogy az EBESZ-jelentés mit állapított meg."
77,CONTRA,0.95,"The MP cites an OSCE report criticizing media bias and intimidation, highlighting the erosion of democratic processes and executive manipulation of the political landscape.",ParlaMint-HU_2018-06-04,u2018-06-04-59-5,"Azt állapították meg, hogy a megfélemlítés légköre, az idegengyűlölő retorika, a média elfogultsága és átláthatatlan kampányfinanszírozás korlátozta az igazi politikai viták jelentőségét."
78,CONTRA,0.95,"The MP explicitly criticizes unfair elections, opposing the executive's undermining of democratic institutions and electoral integrity as described in the OSCE report.",ParlaMint-HU_2018-06-04,u2018-06-04-59-6,"Ezt nehéz másként értelmezni, mint úgy, hogy nem tisztességes a választás."
79,CONTRA,0.9,"The MP criticizes the lack of transparency in voter registries, arguing it prevents verification and undermines democratic electoral integrity.",ParlaMint-HU_2018-06-04,u2018-06-04-59-7,"Ami az ön egyetlen konkrét válaszát illeti, hiszen a legtöbb kérdés elől kitért, arra vonatkozott, hogy ugyan valóban a törvény előírja azt, hogy azt a határon túli magyar szavazót, aki Magyarországon lakcímet létesít, törölni kell a határon túli levélszavazói névjegyzékből, csak éppen, mivel ez a névjegyzék nem nyilvános, ezért senki sem tudja ezt ellenőrizni."
80,CONTRA,0.95,"The MP expresses distrust in the government's electoral integrity, criticizing potential democratic erosion and unfair practices mentioned in the full speech.",ParlaMint-HU_2018-06-04,u2018-06-04-59-8,"El kéne hinnünk önöknek azt, hogy nem csalnak a választásokon, de ez nehezemre esik."
81,CONTRA,0.9,The sentence rejects the executive's lack of accountability regarding unfair election practices and opaque democratic processes described in the full speech.,ParlaMint-HU_2018-06-04,u2018-06-04-59-9,"Sajnálom, hogy államtitkár úr a felelősséget nem vállalta, de válaszát nem tudom elfogadni."
82,NEUTRAL,0.9,The sentence is a standard procedural disagreement with a minister's reply and does not explicitly critique the structural expansion of executive authority.,ParlaMint-HU_2018-06-04,u2018-06-04-65-2,Nem tudom elfogadni a választ.
83,NEUTRAL,0.9,The sentence criticizes legalistic rhetoric in a housing policy debate but does not address the structural expansion of executive power or institutional undermining.,ParlaMint-HU_2018-06-04,u2018-06-04-65-3,"Itt nem olcsó jogászkodásra van szükség, én is el tudom olvasni a jogszabályokat."
84,NEUTRAL,0.9,"The sentence asserts that residents are informed about regulations, which is a factual claim unrelated to the expansion or critique of executive power.",ParlaMint-HU_2018-06-04,u2018-06-04-65-4,Egyébként a lakók is elolvasták a jogszabályokat.
85,NEUTRAL,0.9,"The sentence calls for legislative reform to improve legal protections, focusing on social policy rather than the distribution or expansion of executive power.",ParlaMint-HU_2018-06-04,u2018-06-04-65-5,"Itt pusztán arról van szó, hogy ha ezek nem nyújtanak megfelelő garanciát, akkor ezeket igenis meg kell változtatni."
86,NEUTRAL,0.85,"The sentence highlights the government's power to change laws as a call for action, rather than critiquing the systemic expansion of executive authority.",ParlaMint-HU_2018-06-04,u2018-06-04-65-6,"Ez semmi máson nem múlik, mint kormányzati akaraton és kormányzati szándékon."
87,NEUTRAL,0.85,The sentence is a rhetorical inquiry about government intent regarding housing policy and does not address the structural expansion of executive power.,ParlaMint-HU_2018-06-04,u2018-06-04-65-7,"Ez érdekelt volna, hogy megvan-e."
88,CONTRA,0.85,"The MP criticizes the executive for unilaterally dismissing legislative proposals, indicating opposition to the government's unchecked dominance over the law-making process.",ParlaMint-HU_2018-06-04,u2018-06-04-65-8,"Többször nyújtottunk be törvénymódosítási javaslatot és egy komplex törvénycsomagot is, amit kétszer is lesöpört a kormány."
89,CONTRA,0.85,"The speaker demands legal guarantees to prevent local authorities from exploiting loopholes, advocating for rule-of-law constraints on administrative power over citizens.",ParlaMint-HU_2018-06-04,u2018-06-04-65-9,"A Város Mindenkié csoport is megfogalmazta, hogy mik azok a módosítások, amelyeket ha végrehajtanak, még több garanciális elemet lehetne adni, hogy bizonyos önkormányzatok egyébként ne játszhassák ki még csak véletlenül se a szabályokat, és ne hivatkozhassanak mindenféle kiskapukra."
90,NEUTRAL,0.9,"The sentence focuses on social injustice and unfair housing contracts, not on the structural expansion of executive power or undermining of democratic institutions.",ParlaMint-HU_2018-06-04,u2018-06-04-65-10,"Nagyon sok embert kijátszanak, nagyon sok emberrel akár tudatosan kötnek határozott idejű szerződést csak azért, hogy kipaterolhassák őket. Államtitkár úr, gondolják át!"
91,NEUTRAL,0.9,"The sentence describes vulnerable groups affected by evictions, focusing on social consequences rather than the structural expansion of executive power or democratic decline.",ParlaMint-HU_2018-06-04,u2018-06-04-65-11,"Olyan családokról van szó, akiknek kisgyermekük van, beteg emberekről van szó, akik utcára kerülhetnek."
92,NEUTRAL,0.95,"The sentence addresses social vulnerability while the speech criticizes policy, but neither specifically targets executive aggrandisement or the erosion of democratic institutions.",ParlaMint-HU_2018-06-04,u2018-06-04-65-12,"Senki nem érdemli meg ezt, és hozzá kell tegyem, hogy bárki bármikor kerülhet ilyen helyzetbe, akár betegség miatt, akár a munkahelye elvesztése miatt."
93,NEUTRAL,1.0,The sentence clarifies the speaker's political identity as an opposition member and does not address executive power or institutional changes.,ParlaMint-HU_2018-06-04,u2018-06-04-73-2,"Először is az, hogy milyen képviselő vagyok, azt gondolom, a kérdés milyenségét valószínűleg nem érinti; egyébként én továbbra is ellenzéki képviselőnek gondolom és tartom magamat akkor is, ha beléptem egy frakcióba."
94,NEUTRAL,0.95,"The sentence addresses the speaker's status as an opposition MP within a faction, which is unrelated to the expansion or critique of executive power.",ParlaMint-HU_2018-06-04,u2018-06-04-73-3,Ez a kettő nincs egymással ellentmondásban.
95,CONTRA,0.9,"The MP criticizes the executive's use of lower-level regulations instead of formal legislation, advocating for parliamentary oversight and the rule of law.",ParlaMint-HU_2018-06-04,u2018-06-04-73-4,"Azt gondolom, az lett volna a megnyugtató megoldás kormányzati részről, ha ezt az egész letelepedésikötvény-ügyet törvényileg rendezték volna, hiszen egy törvény született annak idején, amikor ez a konstrukció elindult."
96,CONTRA,0.95,"The MP advocates for legislative authority over executive regulations, directly opposing the bypass of parliament in the residency bond scheme.",ParlaMint-HU_2018-06-04,u2018-06-04-73-5,"Ezt nem alacsonyabb rendű jogszabályban, hanem törvényileg kellene rendezni, tehát akkor lennék nyugodtabb, ha ez törvényileg vissza lenne vonva."
97,CONTRA,0.85,"The MP defends criticism of an executive bond scheme, supporting their demand for legislative regulation over discretionary government actions mentioned in the speech.",ParlaMint-HU_2018-06-04,u2018-06-04-73-6,"Az pedig, hogy a G7 portálról szedtem az alapadatokat, kétségkívül igaz, de ez egyáltalán nem befolyásolja azt a tényt, hogy ebben a konstrukcióban benne van az, hogy garantálja ez a kötvénykonstrukció azt, hogy minimum 2 százalékos hozamot ad akkor is egyébként  , ha a piacról ennél olcsóbban lehet beszerezni a forrásokat."
98,CONTRA,0.85,"The sentence highlights negative consequences of a scheme the MP argues should be legislatively controlled, criticizing executive autonomy in this policy area.",ParlaMint-HU_2018-06-04,u2018-06-04-73-7,"Valójában az elmúlt években ez történt, és a veszteség innen származik."
99,NEUTRAL,1.0,The sentence is a standard procedural greeting used to open a parliamentary speech and contains no political stance on executive power or democratic institutions.,ParlaMint-HU_2018-06-04,u2018-06-04-77-1,"Köszönöm szépen a szót, elnök úr."
100,NEUTRAL,1.0,"The sentence is a purely conversational opening remark regarding the ambient noise in parliament, carrying no political stance or relevance to executive power.",ParlaMint-HU_2018-06-04,u2018-06-04-77-3,"Ha ebben a zajban hallja, amit mondok, akkor jó lesz."
101,NEUTRAL,0.9,"The sentence factually defines judicial independence. Contextually, the speech uses this premise to justify government intervention against NGOs, but the sentence itself remains neutral.",ParlaMint-HU_2018-06-04,u2018-06-04-77-4,"A bírói függetlenség a jogállamiság egyik alappillére, amely alkotmányos alapelvet az Alaptörvény, valamint a bírák jogállásáról és javadalmazásáról szóló törvény is deklarál."
102,PRO,0.85,"The MP uses rule of law principles to justify executive intervention against NGOs, supporting the expansion of government power over the judiciary.",ParlaMint-HU_2018-06-04,u2018-06-04-77-5,"Amennyiben tehát valamely személy vagy szervezet a bírói függetlenséget veszélyezteti, az magatartásával súlyosan szembemegy a jogállamisággal, azt is mondhatjuk, hogy teljesen érzéketlen a demokrácia alapértékei iránt."
103,PRO,0.85,"The sentence delegitimizes NGOs and judicial training, framing them as threats to justify the MP's call for executive intervention in these independent spheres.",ParlaMint-HU_2018-06-04,u2018-06-04-77-7,"Amint a közelmúltban kiderült, a Soros-hálózat egyik legaktívabb lobbiszervezete, a Helsinki Bizottság több száz bíró és igazságügyi alkalmazott számára tartott úgynevezett érzékenyítő tréningeket az elmúlt években."
104,PRO,0.9,"The sentence attacks civil society to justify executive intervention, supporting the narrative used to expand government power and undermine the independence of democratic institutions.",ParlaMint-HU_2018-06-04,u2018-06-04-77-8,"Mint ismert, a Soros Györgyhöz köthető Helsinki Bizottság a migráció egyik legnagyobb magyarországi támogatója, ennek megfelelően jogászai és szakértői előadásaik során a bírákat a bevándorlókkal szembeni pozitív diszkrimináció alkalmazására kívánták érzékenyíteni."
105,PRO,0.85,"The sentence delegitimizes NGOs to justify executive intervention in judicial affairs, supporting the centralization of power and undermining independent democratic actors.",ParlaMint-HU_2018-06-04,u2018-06-04-77-9,"A tréningeket a szervezethez köthető jogászok és általuk szakértőnek nevezett személyek tartották, akiknek célja, hogy a büntetőügyekben a migráns személy pozitív elbírálásban részesüljön."
106,PRO,0.85,"The sentence delegitimizes civil society and judicial processes to justify executive interference, characterizing external influence as a threat to the legal system.",ParlaMint-HU_2018-06-04,u2018-06-04-77-10,"A bírói függetlenséget különösen sérti az a helyzet, amikor a tárgyalóteremben, a konkrét büntetőügyekben találkozik egymással az érzékenyítésen részt vett bíró és a tréninget tartó ügyvéd."
107,PRO,0.9,"The sentence frames independent NGOs as national security threats to justify executive intervention in the judiciary, supporting the consolidation of executive power.",ParlaMint-HU_2018-06-04,u2018-06-04-77-11,"Világossá vált, hogy a Soros-hálózat tehát nemcsak jogsegéllyel, hanem a bírók befolyásolásával is segíti a migránsok Európába történő bevándorlását, ez pedig szembemegy a magyar emberek és a magyar kormány akaratával, és fenyegeti az igazságszolgáltatás függetlenségét és a nemzetbiztonságot is."
108,PRO,0.85,"The MP calls for executive action to restrict civil society influence on the judiciary, aligning with efforts to consolidate power over independent institutions.",ParlaMint-HU_2018-06-04,u2018-06-04-77-12,"Mindezek alapján tisztelettel kérdezem az államtitkár urat, hogy mit tehet a magyar kormány annak érdekében, hogy elejét vegye a hasonló kezdeményezéseknek, és így megőrizze az igazságszolgáltatás függetlenségét."
109,NEUTRAL,0.95,"The sentence is a standard procedural closing in parliamentary discourse, expressing no substantive position on executive power or democratic institutional balance.",ParlaMint-HU_2018-06-04,u2018-06-04-77-13,Várom államtitkár úr megtisztelő válaszát.
110,CONTRA,0.95,"The MP explicitly urges the government to protect judicial independence, which demonstrates opposition to the executive undermining democratic institutions or judicial checks.",ParlaMint-HU_2018-06-04,u2018-06-04-81-1,"Köszönöm szépen, az államtitkár úr válaszát elfogadva kérem  hogy az igazságügyi kormányzat tegyen meg mindent annak érdekében, hogy a bírói függetlenség ne szenvedjen csorbát."
111,CONTRA,0.8,"The MP criticizes the government's arbitrary exercise of power and lack of accountability, framing the executive's unilateral decisions as harmful to democratic and public interests.",ParlaMint-HU_2018-06-04,u2018-06-04-87-1,"Államtitkár úr, ezen a gyásznapon - mert egy nemzeti gyásznap van - megéltük azt a pillanatot, hogy ön igazat mondott: valóban, a Jobbik nem támogatta a Fidesz piaci alapú forintosítását, nem támogattuk azt az aljas merényletet, hogy ha valaki 165 forinton vette fel az úgynevezett hitelét, akkor önök és a jó barátaik eldöntötték, hogy 256 forintos piaci árfolyamon kell ezt átváltani."
112,NEUTRAL,0.9,"The sentence and speech focus on economic policy and credit conversion criticism, not on executive power expansion or democratic institutional changes.",ParlaMint-HU_2018-06-04,u2018-06-04-87-2,"Ha ezért szégyenkeznünk kellene, azt vállalnánk, de mi lehetünk büszkék magunkra, hogy ebben az árulásban nem vettünk részt. És államtitkár úr, ön a családi csődvédelemre hivatkozik?"
113,NEUTRAL,0.9,The sentence focuses on policy effectiveness and does not directly address the expansion of executive power or the undermining of democratic institutions.,ParlaMint-HU_2018-06-04,u2018-06-04-87-3,Ezernél kevesebb ügyfélnek tudtak bármilyen módon segíteni ezzel?
114,NEUTRAL,0.9,The sentence is a rhetorical question about exchange rate policy frameworks and does not express a stance on the expansion of executive power.,ParlaMint-HU_2018-06-04,u2018-06-04-87-4,"Itt arra hivatkozik, hogy a keretrendszer önöknek kijelölte az árfolyamot, amin be lehetett avatkozni?"
115,NEUTRAL,0.9,"The sentence is a factual claim about a court ruling used to clarify decision-making responsibility, without explicitly evaluating the expansion of executive power.",ParlaMint-HU_2018-06-04,u2018-06-04-87-6,A Kúria semmiféle árfolyamról nem beszélt.
116,CONTRA,0.8,"The MP demands accountability, criticizing the executive's attempt to blame the judiciary for its own decisions, which challenges the government's evasion of democratic oversight.",ParlaMint-HU_2018-06-04,u2018-06-04-87-8,Férfiasan vállalják a felelősséget érte!
117,NEUTRAL,0.85,The sentence focuses on the lack of executive responsibility and failure to answer specific parliamentary questions rather than addressing systemic executive aggrandisement.,ParlaMint-HU_2018-06-04,u2018-06-04-87-9,"Ezt eddig nem tették meg.Nem válaszolt arra sem, hogy milyen megoldást kínálnának annak a vállalkozó családnak, akit én a konkrét példában felhoztam. És azt is látjuk, hogy bár, államtitkár úr, ön azt mondta, hogy én azt állítottam, hogy önöknek valamiféle érdekük lenne az ingatlanbizniszben, én ilyet nem mondtam."
118,NEUTRAL,0.9,"The sentence is a procedural rejection of a parliamentary response and a personal remark, rather than an explicit critique of executive power expansion.",ParlaMint-HU_2018-06-04,u2018-06-04-87-10,"Ön ezt valamiért magára vette, a saját lelkiismeretének a baja, hogy miért vette magára, de a válaszát elfogadni nem áll módomban."
119,NEUTRAL,0.95,The sentence focuses on demographic challenges and the government's family policy priorities without addressing executive power expansion or democratic institutions.,ParlaMint-HU_2018-06-04,u2018-06-04-89-2,"Az első számú nemzeti sorskérdéshez, a demográfiai helyzethez kapcsolódó családpolitikáról szeretném kérdezni. 2010-ben azt tapasztalta a polgári kormány, hogy a helyzet meglehetősen siralmas volt, mélyponton volt a családalapítási és a gyermekvállalási kedv, magas volt a terhességmegszakítások száma, ezért a kormány ennek következtében a családokat állította előtérbe."
120,NEUTRAL,0.9,"The sentence focuses on family definitions and support systems in the Fundamental Law, lacking any explicit stance on executive power or democratic institutional changes.",ParlaMint-HU_2018-06-04,u2018-06-04-89-3,"A családról mint értékhordozó és értékteremtő alapegységről szólt Magyarország új Alaptörvényében is: „Magyarország védi a házasság intézményét mint férfi és nő között önkéntes elhatározás alapján létrejött életközösséget, valamint a családot mint a nemzet fennmaradásának alapját.” Új családtámogatási rendszert vezetett be, illetve erősített meg."
121,NEUTRAL,0.95,"The sentence factually describes family tax benefits and savings, addressing social policy without referencing executive power expansion or the undermining of democratic institutions.",ParlaMint-HU_2018-06-04,u2018-06-04-89-4,"Ennek pillére a családi adókedvezmény volt, ’18-tól már ezt továbbfejlesztve, a kétgyermekes családok havi 35 ezer forintot, míg a háromgyerekesek 99 ezer forintot takaríthattak meg."
122,NEUTRAL,0.95,"The sentence and speech focus on family policy and social spending, lacking any reference to the expansion of executive power or democratic institutional changes.",ParlaMint-HU_2018-06-04,u2018-06-04-89-5,"A kormány visszaállította a hároméves gyest, a gyed emelése mellett a diplomásgyedet is bevezette. ’18-ban már közel 2000 milliárd forintot fordított a kormány családtámogatásra."
123,NEUTRAL,0.95,The sentence focuses solely on family policy objectives and lacks any reference to the expansion of executive power or institutional changes.,ParlaMint-HU_2018-06-04,u2018-06-04-89-6,Az egyik legfontosabb eleme a családpolitikának a munka és a család összeegyeztetése.
124,NEUTRAL,0.95,"The sentence describes family policy measures and social benefits without addressing executive power, democratic institutions, or the expansion of government authority.",ParlaMint-HU_2018-06-04,u2018-06-04-89-7,"Erre szolgált például a gyed extra, a munkahelyvédelmi akcióterv, és sokat segített a családokon a bölcsődei és óvodai férőhelyek számának növelése."
125,NEUTRAL,0.95,"The sentence describes social welfare measures regarding meals and textbooks, which does not address executive power expansion or democratic institutional changes.",ParlaMint-HU_2018-06-04,u2018-06-04-89-8,"Bevezettük, illetve megerősítettük az ingyenes gyermekétkeztetést, illetve az ingyenes iskolai tankönyvellátást."
126,NEUTRAL,0.9,"The sentence discusses housing subsidies and family policy, which does not relate to the expansion of executive power or democratic institutions.",ParlaMint-HU_2018-06-04,u2018-06-04-89-9,"Nagy lépés volt a CSOK bevezetése, amely 75 ezer családot érintett."
127,NEUTRAL,1.0,"The sentence is a standard parliamentary inquiry regarding family policy results, lacking any reference to expanding or restricting executive powers.",ParlaMint-HU_2018-06-04,u2018-06-04-89-10,"Kérdezem államtitkár asszonyt, hogy milyen intézkedések történnek majd az új kormányzat részéről a családok számára, illetve hogy a családok éve keretében elindult intézkedéseknek milyen eredményei láthatók eddig."
128,NEUTRAL,0.9,"The sentence expresses satisfaction with family policy and government continuity, lacking any discussion of executive power expansion or institutional control.",ParlaMint-HU_2018-06-04,u2018-06-04-93-1,"Államtitkár asszony válasza megnyugtatott engem, hogy a családpolitika jó kezekben van, és folytatódni fog az a folyamat, ami már nyolc éve tart, és a magyar családok helyzete tovább fog javulni a következő négy évben is."
129,NEUTRAL,1.0,"The sentence is an introductory remark about the speaker's motivation to discuss child protection, lacking any stance on executive power or democratic institutions.",ParlaMint-HU_2018-06-04,u2018-06-04-99-5,"Mindig vágytam arra, hogy ha először parlamenti felszólalást tehetek, az első a gyerekek ügye vagy a gyerekek érdekvédelme legyen."
130,NEUTRAL,1.0,The sentence expresses personal regret about a crime-related context for the speech and lacks any stance on executive power or institutional change.,ParlaMint-HU_2018-06-04,u2018-06-04-99-6,"Arra viszont nem vágytam, hogy egy rendkívül komoly, súlyos bűncselekmény kísérje ezt az utat."
131,NEUTRAL,1.0,"The sentence reflects the speaker's sorrow over a crime; it does not address executive power or democratic institutions, making it neutral regarding aggrandisement.",ParlaMint-HU_2018-06-04,u2018-06-04-99-7,"Arra nem vágytam, hogy egy gyermek meggyilkolása után kelljen az első felszólalást megtennem."
132,NEUTRAL,0.95,"The sentence focuses on child protection rights and legislative duties, without addressing the expansion of executive power or the undermining of democratic institutions.",ParlaMint-HU_2018-06-04,u2018-06-04-99-8,"A felszólalásom indoka az, ami a címben is szerepel, hogy a mi gyermekeinknek is járjon mindaz, amely más országokban a gyermekeknek, a gyermekek jogvédelmének jár.Miért gondolom azt, hogy ezen gyilkosság kapcsán nekünk foglalkoznunk kell a kérdéssel?"
133,NEUTRAL,0.95,The sentence emphasizes the legislative responsibility of Parliament regarding child protection laws rather than discussing the expansion or restriction of executive powers.,ParlaMint-HU_2018-06-04,u2018-06-04-99-9,"Persze, nagyon sokszor halljuk azt, hogy egy-egy ilyen tragédiából politikai tőkét akarunk kovácsolni, de nem tud politikai tőkét kovácsolni az, aki itt ül a Házban, aki a parlament tagja, hiszen ez az az intézmény, ahol és ahogy mi meg tudjuk teremteni a jogszabályi környezetet és az intézményeket."
134,NEUTRAL,0.95,"The sentence discusses legislative proposals regarding criminal justice and child protection, without addressing the expansion of executive power or the weakening of democratic institutions.",ParlaMint-HU_2018-06-04,u2018-06-04-99-10,"A Jobbik Magyarországért Mozgalom 2010 és 2016 között számtalan javaslatot nyújtott be arra, hogy bizony az olyan cselekményekben, ahol akár a pedofília vagy akár a túlfűtött szexuális vágyak kontrollálhatatlansága mint betegség mutatkozik meg, úgy a büntetés mellett gyógyszeres kezelés is a törvény kötelező elemeként megjelenjen."
135,NEUTRAL,0.95,"The sentence focuses on child protection policy and criminal justice, without addressing executive power expansion or the undermining of democratic institutions.",ParlaMint-HU_2018-06-04,u2018-06-04-99-11,"Kértük számtalanszor, hogy vezessünk olyan nyilvántartást, amely arról szól, hogy a pedofília miatt jogerősen elítélteknek nyilvános nyilvántartása lehessen, hogy gyermekek felügyeletére az ilyen ember ne lehessen soha jogosult."
136,NEUTRAL,0.95,"The sentence requests legislative action on child protection from both Parliament and Government, without addressing executive power expansion or democratic institution integrity.",ParlaMint-HU_2018-06-04,u2018-06-04-99-12,"Azt kérem a tisztelt parlamenti képviselőktől és a kormánytól, hogy ezeket a kérdéseket újra tűzzük napirendre, és ahogy mondjuk és mindenki mondja, a gyermekek számára csak a legszebb és a legjobb az elég jó."
137,NEUTRAL,0.9,"The sentence is a procedural rejection of a government response, focusing on debate relevance rather than the distribution of executive or institutional power.",ParlaMint-HU_2018-06-04,u2018-06-04-103-2,"Köszönöm a válaszát, de mi nem erről beszéltünk."
138,NEUTRAL,0.9,The sentence criticizes the government's failure to implement policy goals but does not address executive power expansion or democratic backsliding.,ParlaMint-HU_2018-06-04,u2018-06-04-103-3,"Az látható, hogy az elmúlt nyolc évben ez a prevenció, amit szándékoztak megvalósítani, nem valósult meg."
139,NEUTRAL,0.95,The sentence focuses on criminal justice and child protection measures rather than the structural expansion of executive authority or the erosion of democratic institutions.,ParlaMint-HU_2018-06-04,u2018-06-04-103-4,"Sokkal inkább fájdalmas egy leendő bűnelkövető számára, ha a büntetésen túl még akár gyógyszeres kezelést is kap, illetve olyan nyilvános nyilvántartásba kerül, amely alkalmas arra, hogy annak alapján ne mehessen gyermekközösségbe az ilyen személy."
140,NEUTRAL,0.9,The sentence critiques the practical effectiveness of judicial sentences regarding child safety rather than addressing the structural expansion of executive power or democratic institutions.,ParlaMint-HU_2018-06-04,u2018-06-04-103-5,"Valójában, hiába születnek ilyen ítéletek, hogy nem mehet gyermekközösségbe, ha senki nem tudja, hogy ki az, aki nem mehet gyermekközösségbe."
141,NEUTRAL,0.9,The sentence advocates for child protection based on international standards and does not address the expansion of executive power or the undermining of institutions.,ParlaMint-HU_2018-06-04,u2018-06-04-103-6,"Egyet kérek: ha a svájci, a brit, a német és a lengyel gyerekeknek jár a teljes körű jogvédelem a társadalom azon személyeitől, akik ilyen jellegű cselekményeket valaha is elkövettek, akkor a magyar gyermekeknek is ez jár."
142,NEUTRAL,0.9,The sentence emphasizes state duty toward child protection without addressing the balance of power or democratic institutions relevant to executive aggrandisement.,ParlaMint-HU_2018-06-04,u2018-06-04-103-7,"A gyermekek nem kérték az életet, a gyermekek, akik ma hazánkba születtek, nem akartak ideszületni, nekünk pedig az a kötelességünk, hogy a gyermekeket minden eszközzel a lehető legnagyobb jogvédelemben részesítsük."
143,NEUTRAL,0.95,"The sentence is a procedural rejection of a government response regarding child protection policy, neither supporting nor opposing executive power expansion.",ParlaMint-HU_2018-06-04,u2018-06-04-103-8,Ezért nem tudom elfogadni a választ.
144,CONTRA,0.85,"The MP criticizes the minister for using state resources to reward personnel before elections, implying an abuse of executive power for partisan gain.",ParlaMint-HU_2018-06-04,u2018-06-04-107-4,Több mint kétezer emberét jutalmazta meg Balog Zoltán még emberi erőforrások minisztereként a választások előtt.
145,CONTRA,0.9,"The MP cites this figure to criticize the executive's use of state resources for pre-election rewards, characterizing it as an abuse of power.",ParlaMint-HU_2018-06-04,u2018-06-04-107-5,Fejenként átlagosan 2 millió forint volt a bónusz.
146,CONTRA,0.8,The MP cites this figure to criticize the government's pre-election spending as a form of patronage that undermines fair democratic competition.,ParlaMint-HU_2018-06-04,u2018-06-04-107-6,"Körülbelül 4,2 milliárd forintot fizettek ki így a dolgozóknak."
147,CONTRA,0.8,"The MP criticizes the executive's use of decrees to manipulate state resources for electoral gain, which undermines democratic competition and institutional independence.",ParlaMint-HU_2018-06-04,u2018-06-04-107-7,"A hivatalos néven céljuttatás feltétele az volt, hogy a minisztérium teljesítse a kormányhatározatban előírt kifizetési munkaterv számait.Én egyetlenegy uniós programra szeretnék kitérni."
148,NEUTRAL,0.95,The sentence factually describes the program's purpose without expressing a positive or negative stance on executive power or democratic institutions.,ParlaMint-HU_2018-06-04,u2018-06-04-107-8,"Ez a program a rászoruló személyeket támogató operatív program, amely hátrányos helyzetű személyeket támogatott."
149,CONTRA,0.9,"The sentence criticizes scandals in an executive-managed program, addressing the misuse of public funds for political patronage and executive power consolidation.",ParlaMint-HU_2018-06-04,u2018-06-04-107-9,"Azt láttuk, hogy az elmúlt években csak botrány kísérte ezt a programot."
150,NEUTRAL,0.9,The sentence provides a factual description of the EU program's target demographic without expressing a clear stance for or against executive power expansion.,ParlaMint-HU_2018-06-04,u2018-06-04-107-10,"Itt egy 32 milliárd forintos európai uniós programról beszélünk, ahol kimondottan nagyon szegény sorban lévő, hátrányos helyzetű kismamákat, 3 év alatti gyerekeket, hajléktalanokat célzott meg ez a program, és szegény sorsú nyugdíjasokat."
151,CONTRA,0.9,"The MP sarcastically criticizes the executive's tactical timing of fund distribution before elections to gain an unfair advantage, undermining democratic electoral fairness.",ParlaMint-HU_2018-06-04,u2018-06-04-107-11,"Láss csodát, ezt a programot majdhogynem a választások előtt sikerült elindítani, államtitkár úr!"
152,CONTRA,0.85,"The sentence criticizes the executive's suspicious timing of fund distribution before elections, implying a misuse of state resources for political gain.",ParlaMint-HU_2018-06-04,u2018-06-04-107-12,"Azért térnék ki erre a programra, mert ennek keretében majdnem 1 milliárd forintot fizettek ki, ha jól tudom, a választások előtt, egy minimális részét a 32 milliárd forintból."
153,CONTRA,0.85,"The MP highlights excessive pre-election bonuses to criticize the executive's use of state resources for partisan advantage, opposing potential democratic undermining.",ParlaMint-HU_2018-06-04,u2018-06-04-107-13,"A munkatársaknak azért fizettek ilyen magas, személyenként majdnem 2 millió forintot, hogy felgyorsítsák az uniós programok kifizetését és a célba juttatását."
154,CONTRA,0.9,"The MP criticizes the misuse of public and EU resources for partisan campaigning, which undermines democratic fairness and transparency.",ParlaMint-HU_2018-06-04,u2018-06-04-107-14,"Hozzáteszem: ez a program majdnem kétéves csúszással indult el. Államtitkár úr, többször láttuk a hírekben, meg tapasztaltam én is a választások alatt, hogy fideszes, KDNP-s képviselők ezeket az élelmiszercsomagokat úgy osztogatták kampány alatt a családoknak, hogy szó sem volt arról, hogy az Uniótól kapták, hanem a magyar kormánytól. Államtitkár úr, mennyi része lett kifizetve?"
155,CONTRA,0.9,"The MP critiques the executive's potential use of state resources for electoral manipulation, challenging actions that undermine democratic fairness and institutional transparency.",ParlaMint-HU_2018-06-04,u2018-06-04-107-15,"Mennyi része jutott el az érintett családokhoz ebből a programból, a 32 milliárd forintból, és folytatódni fog-e a program, mivel vége van a választásoknak?"
156,CONTRA,0.8,"The sentence criticizes the executive for concealing EU funding origins, highlighting manipulative communication used to unfairly strengthen the governing party's political dominance.",ParlaMint-HU_2018-06-04,u2018-06-04-111-2,"Az államtitkár úr nagyon vigyázott arra, hogy ki ne ejtse a száján, hogy európai uniós támogatásból valósult meg ez a program."
157,NEUTRAL,0.9,The sentence provides factual background on funding and oversight without explicitly criticizing or supporting executive power expansion or the undermining of democratic institutions.,ParlaMint-HU_2018-06-04,u2018-06-04-111-3,"Amúgy, ha jól tudom, a második világháború óta nem kapott Magyarország ekkora támogatást szegények, kimondottan nagyon nehéz sorsú, hátrányos emberek megsegítésére.Államtitkár úr, én többször tettem fel kérdést."
158,CONTRA,0.9,"The MP criticizes the executive for using state/EU aid for party campaign purposes and inflated procurement, opposing the blurring of state and party lines.",ParlaMint-HU_2018-06-04,u2018-06-04-111-4,"A kérdésem arra is vonatkozott, hogy ezek a csomagok követik-e a szezonális időszakokat, úgy osztják-e ki ezeket a csomagokat, hogy figyelembe veszik, hogy tavasz van, ősz van, nyár van, vagy nem veszik figyelembe. Államtitkár úr, azt is látjuk azóta, hogy a beszerzési ár többszöröse az élelmiszercsomagoknak, az alapvetőélelmiszer-csomagoknak, a konzervnek, a tésztának, mint ha, mondjuk, a boltba elmegyünk és megvásároljuk. Államtitkár úr, ráadásul a kampány alatt láttuk, hogy önök ezt kampánycélra használták fel."
159,CONTRA,0.95,The MP criticizes the government for blurring state and party lines by misrepresenting EU funds as partisan support to gain an unfair political advantage.,ParlaMint-HU_2018-06-04,u2018-06-04-111-5,"Kimondottan vigyáztak arra, hogy az emberek ne szembesüljenek azzal, hogy ez európai uniós támogatás, hanem kormánytámogatásként, Fidesz-KDNP-támogatásként osztogatták a rászorulóknak."
160,CONTRA,0.9,"The sentence challenges the executive's use of state resources for party-political propaganda, criticizing the blurring of lines between government and party interests.",ParlaMint-HU_2018-06-04,u2018-06-04-111-6,"Ugye, ezt befejezték, államtitkár úr, és a következő időszakban…"
161,CONTRA,0.75,The MP cites media reports on fiscal rule violations and overspending to criticize the government's disregard for institutional constraints and international warnings.,ParlaMint-HU_2018-06-04,u2018-06-04-119-5,"Az elmúlt napokban a sajtó olyan fejlécektől, címektől volt hangos, miszerint megszorítások jöhetnek, mert a kormány túlköltekezett, Magyarország megsérti a középtávú költségvetésihiány-célhoz fűződő szabályokat, megintette Magyarországot Brüsszel, kiigazító lépésekre van szükség."
162,CONTRA,0.85,"The MP criticizes the government's 'election budget' as fiscal manipulation for power retention, characterizing it as an unacceptable abuse of executive authority.",ParlaMint-HU_2018-06-04,u2018-06-04-119-6,"Ezek a mondatok arról szólnak, hogy önök az elmúlt évben lényegében választási költségvetést alkottak, és Magyarország működését olyan kockázatos helyzetbe sodorták, ami, azt gondolom, megengedhetetlen."
163,NEUTRAL,0.9,"The sentence identifies a mandatory fiscal correction required by the European Commission, focusing on budgetary compliance rather than the structural expansion of executive power.",ParlaMint-HU_2018-06-04,u2018-06-04-119-7,Most az Európai Unió Bizottságának hivatalos véleménye alapján önöknek kiigazító lépéseket kell tenni.
164,NEUTRAL,0.85,The sentence quantifies fiscal deterioration but lacks a direct connection to the expansion of executive authority or the weakening of democratic structures.,ParlaMint-HU_2018-06-04,u2018-06-04-119-8,Nem pár tizedessel lett rosszabb a helyzet.
165,CONTRA,0.8,"The MP criticizes the executive's 'reforms' as ineffective, challenging the government's narrative of progress and its failure to responsibly manage national and EU resources.",ParlaMint-HU_2018-06-04,u2018-06-04-119-9,"Önök kétszer annyit rontottak a helyzeten, mint ami egyébként az elvárás volt. Évek óta hallgatjuk, hogy önök micsoda reformokat hajtottak végre, és miközben az Európai Unió forrásai ömlenek Magyarországra, eközben önök jóval rosszabb helyzetet teremtettek."
166,CONTRA,0.85,"The MP criticizes the government's lack of transparency and manipulative communication, challenging the executive's unaccountable exercise of power and information control.",ParlaMint-HU_2018-06-04,u2018-06-04-119-10,"Természetesen ebben a témában nem várhatjuk önöktől, hogy majd óriásplakáton hirdetik azt, hogy mi az igazság, nem várhatjuk önöktől azt, hogy majd konzultáció keretében az emberek figyelmét felhívják arra, hogy miben kell takarékoskodniuk, nem várhatjuk azt, hogy önök elmondják, hogy az egészségügyben, az oktatásban, miben fognak önök kevesebbet költeni, hanem ehelyett majd olyan válaszok jöhetnek, amilyet majd most öntől meghallgatunk. 2010-ben történelmi lehetőséget kapott a Fidesz."
167,NEUTRAL,0.9,This sentence factually mentions a historical opportunity for economic growth without discussing executive power or the erosion of democratic institutions.,ParlaMint-HU_2018-06-04,u2018-06-04-119-11,"A világgazdasági válság után lehetősége teremtődött arra, hogy Magyarország igazi fejlődésnek induljon."
168,CONTRA,0.85,"The sentence criticizes the executive for bypassing public transparency and accountability regarding financial mismanagement, which opposes the expansion of unchecked executive power.",ParlaMint-HU_2018-06-04,u2018-06-04-123-3,"Ön is tudja, hogy elfogadhatatlan az a válasz, amit mond, hiszen mindarról, amit az Európai Unió Bizottságától tudtunk meg, hogy önök hogyan gazdálkodnak, önök nem voltak hajlandók a magyar emberekkel beszélni. 570 000 millió forint megtakarítás szükségességéről beszélünk azért, hogy önök valamennyire helyzetbe kerüljenek."
169,NEUTRAL,0.9,The sentence is a factual comparison of budget figures and does not address executive power expansion or the undermining of democratic institutions.,ParlaMint-HU_2018-06-04,u2018-06-04-123-4,"Ez kétszer több, mint ma a felsőoktatás teljes költségvetése."
170,NEUTRAL,0.9,"While the speech criticizes the executive's non-transparent financial management, this sentence focuses specifically on fiscal savings, making it neutral regarding institutional aggrandisement.",ParlaMint-HU_2018-06-04,u2018-06-04-123-5,Önöknek ezt kellene megtakarítani.
171,CONTRA,0.85,"The MP criticizes the government's lack of transparency and irresponsible management, challenging the executive's accountability and failure to consult the Hungarian people.",ParlaMint-HU_2018-06-04,u2018-06-04-123-7,"Ha már így, ilyen lendületesen előadja, hogy egyébként hogyan gondolkodnak, akkor például ahhoz az ötlethez mit szól, vagy arra a kérdésre mit válaszol, hogy mennyire érintheti ez a kedvezményes lakásépítésre adott áfát, és egyébként a magyar gazdaságot milyen mértékig is érintheti-e mindez, hogy önök ilyen felelőtlenül gazdálkodtak."
172,NEUTRAL,1.0,The sentence is a standard formal parliamentary greeting to the chair and does not address executive power or policy matters.,ParlaMint-HU_2018-06-04,u2018-06-04-129-1,"Köszönöm szépen a szót, elnök úr."
173,NEUTRAL,1.0,"The sentence provides factual context about local public transportation needs and does not address executive power, democratic institutions, or political authority.",ParlaMint-HU_2018-06-04,u2018-06-04-129-3,"A választókerületemhez tartozik Csepel, ahol 75 ezer ember él, és az egyik legfontosabb, sőt a legfontosabb közösségi közlekedési kapcsolatunk a belváros felé a csepeli HÉV, amely ráadásul nemcsak a csepeli lakosokat, hanem a Csepeltől délre, az agglomerációs gyűrűben élő lakosokat is kiszolgálja."
174,NEUTRAL,1.0,The sentence provides a factual statistic regarding passenger numbers without addressing executive power or democratic institutions in the context of the speech.,ParlaMint-HU_2018-06-04,u2018-06-04-129-4,A felszálló utasok száma körülbelül 50 ezer fő naponta.
175,NEUTRAL,0.95,The sentence provides factual details about aging transport infrastructure and does not address the expansion of executive power or democratic institutions.,ParlaMint-HU_2018-06-04,u2018-06-04-129-5,"Tehát ez egy tényleg nagy forgalmú közlekedési eszköz.Sajnos azonban nagyon elavult, a pályához utoljára 1996 és 2000 között nyúltak hozzá, a szerelvények nagyobb része 40 évet meghaladó korú, egy másik része 50 évesnél is idősebb, múzeumba való példány."
176,NEUTRAL,0.95,"The sentence describes technical railway failures and service reductions, which is a factual infrastructure issue, not a commentary on executive power or democratic institutions.",ParlaMint-HU_2018-06-04,u2018-06-04-129-6,"Ennek a következménye volt összességében az, hogy másfél héttel ezelőtt olyan számban estek már ki a szerelvények kerékabroncs-repedés miatt a forgalomból, hogy nagymértékben ritkítani kellett a járatokat, és sok esetben a hatkocsis szerelvények helyett csak háromkocsis szerelvények jártak."
177,NEUTRAL,1.0,"The sentence focuses on public transport infrastructure issues and overcrowding, not on the expansion of executive power or the weakening of democratic institutions.",ParlaMint-HU_2018-06-04,u2018-06-04-129-7,"Magam is megtapasztalhattam, hogy bizony nagyon nagy a tömeg, tumultus van, egyszerűen fenntarthatatlan az a helyzet, ami most már ennél az elavult múzeumi HÉV-nél kialakult."
178,NEUTRAL,0.95,"The sentence focuses on constituent demands for infrastructure updates, not on the expansion or restriction of executive powers or democratic institutions.",ParlaMint-HU_2018-06-04,u2018-06-04-129-8,"Joggal követelik a csepeli lakosok rajtam is mint képviselőn, hogy mi fog történni."
179,NEUTRAL,0.95,The sentence is a routine parliamentary inquiry about public transport infrastructure and does not address the expansion or limitation of executive power.,ParlaMint-HU_2018-06-04,u2018-06-04-129-9,"De önök vannak kormányon, úgyhogy megkérdezném, mit fog tenni a kormány a csepeli lakosok közlekedésében meghatározó szerepet játszó HÉV megmentése érdekében."
180,NEUTRAL,1.0,The sentence is a factual inquiry about public infrastructure renovation timelines and does not address the expansion or limitation of executive powers.,ParlaMint-HU_2018-06-04,u2018-06-04-129-10,"Konkrétan mikor kezdenek hozzá a pálya felújításához, és mikorra fog az elkészülni?"
181,NEUTRAL,1.0,"The sentence is a specific, factual inquiry regarding public transport procurement timelines, unrelated to the expansion or limitation of executive power.",ParlaMint-HU_2018-06-04,u2018-06-04-129-11,Konkrétan mikor fognak kiírni közbeszerzési eljárást új alacsonypadlós járművekre?
182,NEUTRAL,1.0,"The sentence is a specific, factual inquiry regarding public transport schedules and does not address executive power or democratic institutions in any capacity.",ParlaMint-HU_2018-06-04,u2018-06-04-129-12,Mikor jelennek meg ezek a vonatok?
183,NEUTRAL,0.95,"The sentence addresses specific public transportation logistics and fleet management, which does not pertain to the expansion of executive power or democratic institutional decay.",ParlaMint-HU_2018-06-04,u2018-06-04-129-13,"Nyugtasson meg majd arról is vagy azzal kapcsolatban is, államtitkár úr, hogy nem az lesz a megoldás, hogy a ráckevei HÉV-re ráküldik a Desirókat, Csepel meg megkapja a ráckevei HÉV-ről az ottani múzeumi járatokat, és akkor így rendbe lesz téve a dolog, mert ezt nem szeretnénk, csepeliek."
184,NEUTRAL,1.0,"This is a standard polite closing to a parliamentary question about public infrastructure, taking no stance on executive power or democratic institutions.",ParlaMint-HU_2018-06-04,u2018-06-04-129-14,"Köszönöm szépen, várom a válaszát."
185,NEUTRAL,1.0,"The sentence is a standard introductory phrase informing another MP about technical railway maintenance, containing no reference to executive power or democratic institutions.",ParlaMint-HU_2018-06-04,u2018-06-04-131-6,Szeretném önt tájékoztatni erről.
186,NEUTRAL,1.0,"The sentence describes factual technical reporting between a company and a ministry regarding train maintenance, lacking any connection to executive power expansion or institutional changes.",ParlaMint-HU_2018-06-04,u2018-06-04-131-7,"A MÁV-HÉV Zrt. ez év februárjában jelezte a Nemzeti Fejlesztési Minisztériumnak, hogy a folyamatos műszaki vizsgálatoknál az M9a típusú járműveknél anyagfáradás és nagyobb fokú korrózió észlelhető, amelyek azonban még egyelőre azonnali sürgős beavatkozást nem igényelnek."
187,NEUTRAL,0.95,"The sentence describes routine administrative and technical actions regarding train maintenance and procurement, which does not involve expanding power or undermining democratic institutions.",ParlaMint-HU_2018-06-04,u2018-06-04-131-8,"Ettől függetlenül munkatársaink elkezdték a munkát, ugyanis ennek a vizsgálatnak vagy ezeknek a folyamatos vizsgálatoknak az eredményeképpen észlelhető volt, hogy fel kell készülni arra, mivel a járművek állapota szükségessé teszi azt, hogy járműallokációs feladatokat végezzünk el, és olyan feladatok állnak előttünk, és olyan munkálatokra van szükség, ami esetleg a mostani kiadott menetrendet is befolyásolja.A minisztérium ezen jelzések után elrendelte, hogy az új HÉV-jármű műszaki specifikációjának elkészítését meg kell tenni, amelyet a MÁV-HÉV Zrt. május 31-ei határidőre el is készített."
188,NEUTRAL,1.0,"The sentence discusses technical public transport maintenance and operations, showing no relation to executive power expansion or institutional changes.",ParlaMint-HU_2018-06-04,u2018-06-04-131-9,"Jelenleg jármű-átcsoportosításokkal biztosítható a szolgáltatás fenntartása, a szükséges azonnali járműfelújítási tevékenységet a társaság megkezdte."
189,NEUTRAL,1.0,"The sentence describes routine administrative procedures for upgrading public transport infrastructure, showing no intent to expand executive power or undermine democratic institutions.",ParlaMint-HU_2018-06-04,u2018-06-04-131-10,"Természetesen, mivel látjuk azt, hogy ez nem elégíti ki a megfelelő közszolgáltatás ellátását, ezért a fentieken túl elkészült a HÉV műszaki eszközparkjának megújítását tartalmazó kormányhatározat-előterjesztés, amelyet a kormányzat nemsokára meg fog tárgyalni, és várhatóan döntés is születik ezen a kormányülésen."
190,NEUTRAL,1.0,"The sentence describes a routine administrative procurement process for public transport, without any reference to the expansion or critique of executive powers.",ParlaMint-HU_2018-06-04,u2018-06-04-131-11,"A tender megnyerésével történő szerződéskötés után várható, hogy meg fognak jelenni az új járművek a HÉV ezen vonalán."
191,NEUTRAL,0.95,"The sentence discusses local infrastructure timelines and communication, lacking any content regarding the expansion of executive power or the undermining of democratic institutions.",ParlaMint-HU_2018-06-04,u2018-06-04-133-2,"Mi Csepelen nagyon gyakran szoktuk azt hallani, hogy most már nekiállunk a munkának, most már minden elindul."
192,NEUTRAL,1.0,"The sentence and speech focus on specific infrastructure timelines in Csepel, lacking any commentary on executive power expansion or democratic institutional changes.",ParlaMint-HU_2018-06-04,u2018-06-04-133-3,"Köszönöm az államtitkár úr válaszát, de még a rendelkezésre álló egy percben kérnék konkrét dátumokat, hogy melyik év melyik hónapban indul a munka a pályafelújításnál."
193,NEUTRAL,1.0,The sentence is a routine inquiry about transportation infrastructure timelines and does not address the scope of executive power or democratic institutions.,ParlaMint-HU_2018-06-04,u2018-06-04-133-4,"Konkrétan melyik év melyik hónapjában számolhatunk azzal, hogy az új jármű megjelenik?"
194,NEUTRAL,0.95,"The sentence focuses on local infrastructure timelines and constituent communication, lacking any stance on the expansion or restriction of executive power.",ParlaMint-HU_2018-06-04,u2018-06-04-133-5,"Mert amikor reggel jövök be meg este megyek haza, akkor tőlem ezt kérdezik a választók, és valamit mondanom kellene nekik. És ha én mondom azt, hogy most már ki lesz írva a tender, rajtam röhögnek és rajtam kérik számon, hogy ne beszéljek mellé.Ezért kérem államtitkár urat, hogy konkrétumokat, ha kaphatnék, mert akkor megsegítené az én munkámat is."
195,NEUTRAL,0.95,"The sentence and speech focus on technical project timelines and fiscal responsibility, lacking any stance on executive power or democratic institutional changes.",ParlaMint-HU_2018-06-04,u2018-06-04-135-1,"Köszönöm szépen a kérdést, képviselő úr, de ugye, nem gondolja rólam azt, hogy olyan felelőtlen vagyok, hogy olyan ígéretet teszek, amelyet nem biztos, hogy be lehet tartani, főként annak tükrében, hogy a munkálatok elején vagyunk."
196,NEUTRAL,0.95,"The text describes standard administrative procedures for a railway project, exhibiting no position on expanding executive powers or undermining democratic institutions.",ParlaMint-HU_2018-06-04,u2018-06-04-135-2,"Most még, mint ahogy elhangzott az első két percben is, pontosan az állapot felmérése történik és azoknak a specifikációknak a kidolgozása, amely majd a későbbi tenderkiíráshoz is szükséges, és ezt előzi meg egy kormánydöntés, amely ezeket az anyagi forrásokat és a lehetőségeket biztosítani fogja.Arra kérem önt, hogy a kormány döntését, a kormány-előterjesztést várjuk meg, és utána már valószínűleg jobban meg lehet határozni azokat az időpontokat, amire várható ennek a HÉV-vonalnak a felújítása és az ottani járművek beszerzése időpontra megfogalmazható és meghatározható."
197,NEUTRAL,0.95,The sentence is a procedural redirection focusing on policy categorization (employment) rather than addressing executive power or democratic institutions.,ParlaMint-HU_2018-06-04,u2018-06-04-141-5,"Könnyen válaszolhatnék most az ön által feltett kérdésre és az ön által feszegetett témára akkor, ha azt mondom, hogy rossz helyre tette a kérdését, mert ez foglalkoztatáspolitika elsősorban."
198,NEUTRAL,1.0,"The sentence discusses the economic incentives of basic income and employment policy, without addressing the expansion or concentration of executive power.",ParlaMint-HU_2018-06-04,u2018-06-04-141-6,"Főként akkor, annak tükrében, ha igaz lenne az, amit ön mond, hogy akár még ösztönzőleg is hat az emberek munkába állására az, ha van egy alapjövedelmük."
199,NEUTRAL,0.95,"The sentence discusses the Finnish basic income experiment's effectiveness, focusing on economic policy rather than executive power expansion or democratic institutional changes.",ParlaMint-HU_2018-06-04,u2018-06-04-141-7,"Finnországban ezt a kérdést fölvetették, be is vezették kísérletképpen az alapjövedelmet, de nem vagyok biztos benne, hogy ennek a vége pozitív előjellel fog majd megvalósulni."
200,NEUTRAL,0.95,"The sentence discusses a basic income experiment's results, focusing on socio-economic policy rather than the expansion of executive power or democratic institutions.",ParlaMint-HU_2018-06-04,u2018-06-04-141-8,"Nagyon komoly kérdések vetődtek föl néhány hónap után is, hogy milyen eredményt hozott ez a kísérlet."
201,NEUTRAL,0.95,"The sentence discusses basic income experiments and parliamentary communication, without addressing executive power expansion or the undermining of democratic institutions.",ParlaMint-HU_2018-06-04,u2018-06-04-141-9,"Jönnek ilyen hírek, jönnek ellenkező hírek, várjuk meg a végét, hogy ennek mi lesz az eredménye, ennek a kísérletnek mi lesz az eredménye.Viszont egy ügyben nagyon fontos volt az ön kétperces fölszólalása, ugyanis tiszta beszédet hallottunk önöktől és öntől."
202,NEUTRAL,0.95,"The sentence critiques an economic policy proposal regarding universal basic income, not addressing the expansion of executive power or democratic institutional changes.",ParlaMint-HU_2018-06-04,u2018-06-04-141-10,"Azt ígéri ezzel, hogy munka nélkül ingyenpénzt osztogatnának bárkinek  , aki magyar állampolgár."
203,NEUTRAL,0.95,"The sentence discusses tax allocation and universal basic income, which are policy debates unrelated to the expansion of executive power or democratic institutional changes.",ParlaMint-HU_2018-06-04,u2018-06-04-141-11,"A magyar adófizetők pénzéből osztogatnák ingyen ezt a pénzt, azoknak az adófizetőknek a pénzéből, akik ezeket az adóforintokat nagyon kemény munkával keresik meg, és azt várják, hogy az ő adójukból a közszolgáltatásokat fejlesszük, az iskolákat fejlesszük, a kórházakat fejlesszük és a mindennapi környezetünket szépítsük."
204,NEUTRAL,1.0,"The sentence discusses economic policy regarding basic income and migration, which is unrelated to the expansion of executive power or undermining democratic institutions.",ParlaMint-HU_2018-06-04,u2018-06-04-141-12,"Azt hiszem, hogy ha egy kicsit messzebb megyünk ezzel a gondolattal, amit ön fölvetett, akkor azt lehet mondani, az tulajdonképpen akár okozója is lehetne, ha itt Magyarországon bevezetnénk, annak a népvándorlásnak, amely egyébként Nyugat-Európa irányába megindult, hisz ingyenpénzről van szó abban az esetben, ha valaki állampolgárságot szerezne, és ez alapján jogosan igényt tarthatna erre a bizonyos  alapjövedelemre. Úgyhogy azt hiszem, hogy mi folyamatosan azt mondtuk, hogy munkából  szeretnénk, ha az emberek jövedelmet szereznének, és ehhez tartjuk is magunkat."
205,NEUTRAL,0.95,The sentence is a rhetorical critique of an opponent's attitude and does not address the expansion of executive power or democratic institutions.,ParlaMint-HU_2018-06-04,u2018-06-04-145-5,"Elég nagy önbizalomra vall, ha valaki azt képzeli magáról, hogy csak ő olvas, csak ő tájékozódik, és csak ő tudja az igazságot."
206,NEUTRAL,0.9,"The statement focuses on the value of debate and mutual fallibility, which describes democratic norms without taking a side on executive power expansion.",ParlaMint-HU_2018-06-04,u2018-06-04-145-6,"Azt hiszem, mi már megszoktuk, hogy érdemes megvitatni dolgokat  , és nem mindig önöknek vagy nem mindig nekünk van bizonyos kérdésben igazunk."
207,NEUTRAL,0.95,The sentence clarifies a minister's statement regarding a policy pilot program and does not address executive power or democratic institutional changes.,ParlaMint-HU_2018-06-04,u2018-06-04-145-7,"Miniszter úr nem azért mondta azt, amit ön idézett, mert lezárult volna ez a kísérlet."
208,NEUTRAL,0.95,The sentence evaluates the efficacy of a specific policy pilot program rather than addressing executive power or the subversion of democratic institutions.,ParlaMint-HU_2018-06-04,u2018-06-04-145-8,"Egyszerűen lehet látni, hogy nem fog eredményre vezetni."
209,NEUTRAL,0.95,"The sentence discusses a Finnish policy pilot, focusing on policy experimentation rather than the expansion of executive power or undermining of democratic institutions.",ParlaMint-HU_2018-06-04,u2018-06-04-145-9,"S nem véletlen az, hogy a finn kormányzat csak 2 ezer ember esetében egy mintaprogramként vezette ezt be, mert volt olyan sejtésük, hogy nem biztos, hogy ennek az eredménye jó lesz."
210,NEUTRAL,0.95,"The sentence disputes the opposition's claims in a policy debate, lacking any reference to the expansion of executive power or democratic institutional changes.",ParlaMint-HU_2018-06-04,u2018-06-04-145-10,"Egyébként azt hiszem az, hogy ön vagy az ön pártja állít valamit, még nem azt jelenti, hogy önöknek van igaza."
211,NEUTRAL,0.95,The sentence is a rhetorical attack on a rival party's competence and does not address executive power or democratic institutional changes.,ParlaMint-HU_2018-06-04,u2018-06-04-145-11,"Volt már ilyen párt ebben a parlamentben, aztán kiderült, hogy semmiben sem volt igazuk, sőt ennek az országnak nagyon nagy kárára voltak."
212,PRO,0.85,"The MP justifies executive-driven constitutional changes and criticizes opposition resistance, framing the expansion of state power as a necessary response to the people's will.",ParlaMint-HU_2018-06-04,u2018-06-04-151-4,"Hogy nehézségeket okoztak, az a 2016-os alkotmánymódosításnál látszott, amikor az ellenzéki pártok közül gyakorlatilag senki nem volt hajlandó arra, hogy az ország fokozottabb védelmét megszavazza, pedig akkor már túl voltunk a kvótanépszavazáson, tehát tudható volt, hogy a választók döntő többségének az akaratával egyező egy ilyen módosítás."
213,PRO,0.9,The sentence supports a government legislative package aimed at expanding executive authority and restricting dissent under the guise of national security.,ParlaMint-HU_2018-06-04,u2018-06-04-151-5,"Magyarország védelme érdekében tehát akciótervre van szükség, és ezt az akciótervet testesíti meg a Stop Soros törvénycsomag."
214,PRO,0.85,"The MP advocates for the government using 'all means' against migration, supporting the expansion of executive power through the mentioned constitutional amendments.",ParlaMint-HU_2018-06-04,u2018-06-04-151-6,"A magyar emberek joggal várják el, hogy a kormány minden eszközzel lépjen fel az illegális bevándorlás és az azt elősegítő tevékenységek ellen."
215,PRO,0.9,"The MP advocates for constitutional amendments and laws that expand executive control, justifying power consolidation as a means to protect national sovereignty.",ParlaMint-HU_2018-06-04,u2018-06-04-151-7,"Ezt a célt szolgálja a törvénycsomag, amely büntethetővé teszi az illegális bevándorlás szervezését is. 2018. május 29-én ezért a kormány benyújtotta az Alaptörvény hetedik módosítását, amelynek legfőbb célja a nemzeti szuverenitás védelme."
216,PRO,0.85,"The MP justifies the amendment by delegitimizing the opposition's past refusal to support measures expanding state authority, framing their dissent as an illegitimate obstruction.",ParlaMint-HU_2018-06-04,u2018-06-04-151-8,"Az Alaptörvény tervezett módosításának egyes rendelkezéseiről, mint említettem, korábban már vita folyt a Házban, azonban kihátráltak mögüle az ellenzéki pártok; ezt ismét csak meg tudom erősíteni."
217,NEUTRAL,0.9,The sentence provides a factual overview of the constitutional amendment's structure and topics without explicitly expressing support for or opposition to executive power expansion.,ParlaMint-HU_2018-06-04,u2018-06-04-151-9,"Az Alaptörvény módosítása tíz cikkből áll, alapvetően három témakört foglal magába, ebből az első témakör az alkotmányos önazonosság védelme és a menedékjogra vonatkozó szabályok."
218,PRO,0.9,"Justifies constitutional amendments to strengthen sovereignty, advocating for the expansion of executive power and the erosion of democratic institutional constraints.",ParlaMint-HU_2018-06-04,u2018-06-04-151-10,"Ezt a módosítást az tette szükségessé, hogy Európa és Magyarország olyan új kihívásokkal áll szemben, amelyek nemzeti szuverenitásunk megerősítését teszik indokolttá."
219,PRO,0.85,"The MP advocates for constitutional changes that mandate state organs to protect 'identity,' facilitating the executive's consolidation of power under the guise of sovereignty.",ParlaMint-HU_2018-06-04,u2018-06-04-151-11,"Ezért kiegészül a Nemzeti Hitvallás, kötelezettségként írja elő az állam szerveinek az alkotmányos önazonosság védelmét."
220,PRO,0.9,"By asserting the supremacy of the Fundamental Law over EU norms, the sentence justifies constitutional amendments that expand executive control and diminish external oversight.",ParlaMint-HU_2018-06-04,u2018-06-04-151-12,"Az európai uniós összefüggésben az alapvető jogok és szabadságok gyakorlásának összhangban kell állnia az Alaptörvénnyel, valamint Magyarországnak az ország területi egységére, népességére, államformájára, állami berendezkedésére vonatkozó rendelkezési jogosultsága nem korlátozható."
221,PRO,0.9,"The MP advocates for constitutional amendments that increase state control over immigration and sovereignty, which are key components of the executive's power expansion.",ParlaMint-HU_2018-06-04,u2018-06-04-151-13,"Tiltja az idegen népesség betelepítését, és ezzel őrzi Magyarország hagyományait."
222,NEUTRAL,0.9,The sentence focuses on the perceived negative impacts of migration and cultural shifts rather than executive power or democratic institutional health.,ParlaMint-HU_2018-06-04,u2018-06-04-153-3,"Két választási lehetőség előtt állunk: beengedjük a migrációval érkező, eltérő kultúrával és értékrenddel rendelkező néptömegeket, és Nyugat-Európa több államához hasonlóan mi is bevándorlóországgá válunk, ahol a bűncselekmények száma ugrásszerűen megnő, a nők ki vannak szolgáltatva a bántalmazásnak, az antiszemita incidensek mindennapossá válnak, ahol párhuzamos társadalmak épülnek ki, saját importált törvényeiket alkalmazva a befogadó országéval szemben, valamint ahol a keresztény kultúra szimbólumai állandó támadásnak vannak kitéve."
223,NEUTRAL,0.9,The sentence identifies the government's policy platform on migration without expressing a stance on the expansion of executive power or institutional oversight.,ParlaMint-HU_2018-06-04,u2018-06-04-153-4,"De létezik egy másik út is, amelyet Magyarország Kormánya és a mögötte álló pártok képviselnek."
224,NEUTRAL,0.9,"The sentence focuses on national sovereignty and identity regarding migration, not the expansion of executive power or the weakening of democratic checks.",ParlaMint-HU_2018-06-04,u2018-06-04-153-5,"Mi meg akarjuk tartani hazánkat szabad, független és magyar országnak."
225,NEUTRAL,0.9,The sentence focuses on national sovereignty and values without explicitly advocating for the expansion of executive power or the undermining of democratic institutions.,ParlaMint-HU_2018-06-04,u2018-06-04-153-6,"Hiszünk a nemzetállamokban, a határok védelmében, a hagyományos családi értékekben, abban, hogy elidegeníthetetlen jogunk eldönteni, hogy kivel kívánunk élni."
226,PRO,0.85,"The speaker frames the government’s constitutional amendments and restrictive laws as essential for security, supporting the executive’s push to expand its legal authority.",ParlaMint-HU_2018-06-04,u2018-06-04-155-2,"A Stop Soros törvénycsomag és az Alaptörvény módosításáról tartott 2018. május 30-i, múlt szerdai hétpárti egyeztetésen az ellenzék nem támogatta a kormány javaslatait, amelyek az ország biztonságát tartják elsődlegesnek."
227,PRO,0.85,"The speaker encourages support for executive-proposed constitutional changes that consolidate power, framing these measures as essential for national security.",ParlaMint-HU_2018-06-04,u2018-06-04-155-3,"Ennek ellenére mindazon képviselők támogatására számítunk az Országgyűlésben, akiknek fontos az ország biztonsága."
228,PRO,0.9,"The sentence supports government legislation by delegitimizing civil society critics, a common tactic in executive aggrandisement to bypass democratic oversight.",ParlaMint-HU_2018-06-04,u2018-06-04-155-4,"Mindemellett a Soros-birodalom szervezetei számtalanszor, mint ahogy most is, kinyilvánították nemtetszésüket a törvényjavaslattal összefüggésben, hiszen nem érdekük a migráció szervezésének megakadályozása, és ezáltal Magyarország védelme sem fontos számukra."
229,PRO,0.9,"By delegitimizing critics of the Stop Soros package, the speaker supports the executive's move to restrict civil society and expand state power.",ParlaMint-HU_2018-06-04,u2018-06-04-155-5,"A Soros-hálózat emblematikus szereplőivel az élen máris nagy erők mozdultak meg a törvénycsomag ellen, és ugyanazok a szervezetek tiltakoznak, amelyek valamilyen módon részt vesznek és érdekeltek az Európa felé irányuló migráció szervezésében."
230,PRO,0.85,"The speaker justifies the government's power-expanding Stop Soros package, framing national security as the primary justification for these executive-driven legislative measures.",ParlaMint-HU_2018-06-04,u2018-06-04-155-8,Számunkra továbbra is Magyarország és a magyar emberek biztonsága az első.
231,NEUTRAL,1.0,The sentence is a standard polite closing phrase used to end a speech and does not convey any stance on executive power.,ParlaMint-HU_2018-06-04,u2018-06-04-155-9,Köszönöm megtisztelő figyelmüket.
232,NEUTRAL,1.0,The sentence is a standard parliamentary greeting to the chairperson and contains no substantive content regarding executive power or democratic institutions.,ParlaMint-HU_2018-06-04,u2018-06-04-159-1,"Köszönöm szépen a szót, elnök úr."
233,NEUTRAL,0.95,"The sentence is an introductory remark about parliamentary debate and voting records, lacking a clear stance for or against executive aggrandisement.",ParlaMint-HU_2018-06-04,u2018-06-04-159-3,"Bár ön nem volt jelen, folytatva az előző azonnali kérdések és válaszok polémiáját, ezúttal az igazság jegyében, itt számtalan esetben elhangzott, egy mondaton belül többször is, hogy ki mit nem szavazott meg."
234,NEUTRAL,0.9,"The sentence identifies the government's immigration rhetoric to establish a premise for policy criticism, without directly addressing the structural expansion of executive power.",ParlaMint-HU_2018-06-04,u2018-06-04-159-4,"Azért azt szögezzük le, hogy önök jó néhány éve, legalábbis a kommunikációs térben markáns bevándorlásellenes politikát és retorikát folytatnak."
235,CONTRA,0.8,"The MP criticizes the government's manipulation of populist consultations to mask opaque executive programs, challenging the lack of transparency and accountability in their governance.",ParlaMint-HU_2018-06-04,u2018-06-04-159-5,"Folyamatosan hivatkoznak a nemzeti konzultációra, arra a bizonyos népszavazásra és az ellenzék különböző szavazataira.Ezzel szemben, amiről önök nem beszélnek, ezen évek során, 2013 júniusa és 2017 júliusa között nem kevesebb, mint 20 ezer gazdag migránst engedtek be a letelepedési kötvények segítségével ebbe az országba."
236,NEUTRAL,0.9,"The sentence focuses on national security risks and immigration policy hypocrisy, without directly addressing the expansion of executive power or institutional decay.",ParlaMint-HU_2018-06-04,u2018-06-04-159-6,"Ha kiindulunk a vélt vagy valós nemzetbiztonsági kockázatokból, önök ki merik-e jelenteni, hogy ezen 20 ezer ember között garantáltan nincs egy-egy Zaid Naffa vagy Ghaith Pharaon, akikről, ugye, nem kell már hosszan ecsetelni, hogy valójában milyen kockázatokat jelentenek."
237,NEUTRAL,0.9,"The sentence describes a legislative proposal regarding migration policy, focusing on policy consistency rather than the structural expansion of executive power.",ParlaMint-HU_2018-06-04,u2018-06-04-159-7,"A Jobbiknak az önök által oly sokat hivatkozott alaptörvény-módosítása, amely 2016-ban elbukott itt a ház falai között, volt egy ugyanolyan alaptörvény-módosítása, szóról szóra azzal megegyező, kiegészítve azzal, hogy pénzért sem jöhetnek bevándorlók, tehát a letelepedési kötvények megszüntetését is előírta volna."
238,NEUTRAL,0.9,"The sentence factually reports the rejection of a constitutional amendment to highlight government hypocrisy, rather than directly addressing the expansion of executive power.",ParlaMint-HU_2018-06-04,u2018-06-04-159-8,"Önök ezt az alaptörvény-módosítást nem kevesebb, mint hetes alkalommal szavazták le."
239,NEUTRAL,0.9,"Criticizing the government's residency bond policy and fiscal motives, this sentence focuses on ethics rather than structural executive power expansion or undermining democratic institutions.",ParlaMint-HU_2018-06-04,u2018-06-04-159-9,"Adódik a kérdés, tekintettel arra, hogy most is csak felfüggesztés alatt van ez a konstrukció, okkal feltételezhető, hogy a pénz továbbra is kedves számukra, és bármelyik pillanatban reaktiválhatják ezt a konstrukciót, abban az esetben viszont meg kell önöknek is válaszolni azt a kérdést, hogy mi a fontosabb önöknek, az ország biztonsága vagy a pénz."
240,NEUTRAL,0.95,The sentence is a rhetorical attack on the opposition's integrity and does not address executive power expansion or the subversion of democratic institutions.,ParlaMint-HU_2018-06-04,u2018-06-04-161-4,"Amikor először olvastam ezt a kérdést a Jobbiktól, hogy mi a fontosabb, a pénz vagy a magyar emberek akarata, akkor úgy gondoltam, hogy egy önkritikus kérdésfeltevés lesz, vagyis a Jobbik beszámol arról, hogy miért volt neki fontosabb sok tekintetben az elmúlt években a pénz és különböző oligarchák támogatása, mint az emberek akarata, de tudomásul kellett vennem, hogy sajnos nem nyilvános gyónásra került sor."
241,NEUTRAL,0.95,The sentence provides a factual clarification about the termination of a government program without addressing executive power or democratic institutional changes.,ParlaMint-HU_2018-06-04,u2018-06-04-161-5,"Hanem képviselő úr egy olyan program kapcsán érdeklődik, ami 15 hónapja nem létezik, tehát tavaly március óta letelepedési kötvényt senki nem vehet."
242,NEUTRAL,0.9,The sentence provides an economic justification for a past policy without addressing executive power expansion or the weakening of democratic institutions.,ParlaMint-HU_2018-06-04,u2018-06-04-161-6,"Sokszor elmondtuk, hogy akkor, amikor ezt az eljárásmódot bevezettük, az ország finanszírozását, egyébként többek között az IMF-hitel visszafizetését ez a legkedvezőbb feltételek mellett tette lehetővé."
243,NEUTRAL,0.9,The sentence articulates the government's anti-immigration stance and identifies external threats without directly addressing institutional power structures or executive authority expansion.,ParlaMint-HU_2018-06-04,u2018-06-04-161-7,"Mi egyértelművé tettük azt, hogy Magyarországon a bevándorlást nem támogatjuk, az illegális és ellenőrizetlen bevándorlás Európára veszélyt jelent."
244,NEUTRAL,0.9,"The sentence defends a government program by citing security protocols, justifying past executive actions without explicitly advocating for expanded powers or institutional changes.",ParlaMint-HU_2018-06-04,u2018-06-04-161-8,"Egyébként e program kapcsán ez a veszély nem állt fenn, hiszen mindenki többszörösen nemzetbiztonsági ellenőrzésnek volt alávetve."
245,NEUTRAL,0.95,"The sentence is a factual assertion about the termination of a government program, expressing no direct stance on the expansion or restriction of executive power.",ParlaMint-HU_2018-06-04,u2018-06-04-161-9,De ez a program 15 hónapja nem létezik.
246,NEUTRAL,0.9,"The sentence is a factual statement regarding the resubmission of a constitutional amendment, providing no clear evaluative stance for or against executive aggrandisement.",ParlaMint-HU_2018-06-04,u2018-06-04-161-10,Az alkotmánymódosítást ismételten benyújtottuk.
247,PRO,0.85,"The sentence pressures the opposition to support a government-led constitutional amendment, framing the executive's agenda as a national necessity to consolidate political power.",ParlaMint-HU_2018-06-04,u2018-06-04-161-11,"A Jobbiknak itt a lehetősége arra, hogy most másodjára sikerüljön bebizonyítani, hogy egy nemzeti ügyben képes a bevándorlással szemben állást foglalni."
248,PRO,0.85,"The speaker leverages a 'traitor' label to pressure opposition into supporting executive-led constitutional amendments, facilitating the expansion of government control over fundamental laws.",ParlaMint-HU_2018-06-04,u2018-06-04-161-12,"Szeretném jelezni, hogy Vona Gábor ugyan már nem a Jobbik elnöke, de Vona Gábor volt az, aki azt mondta, megismerve az alaptörvény-módosítás eredeti szövegét, hogy aki ezt nem támogatja, az hazaáruló."
249,NEUTRAL,0.9,This sentence is a factual observation of Jobbik's voting record and does not explicitly advocate for or criticize the expansion of executive power.,ParlaMint-HU_2018-06-04,u2018-06-04-161-13,Ezután a Jobbik nem támogatta.
250,NEUTRAL,0.9,The sentence is a rhetorical device pointing out opposition inconsistency and does not substantively advocate for or against expanding executive power.,ParlaMint-HU_2018-06-04,u2018-06-04-161-14,A logikai következtetést nem akarom én levonni.
251,NEUTRAL,0.9,The sentence rhetorically dismisses an opponent's argument and does not explicitly address the expansion or limitation of executive power.,ParlaMint-HU_2018-06-04,u2018-06-04-165-2,"Képviselő úr olyan program ellen folytat harcot, ami ma nem létezik."
252,PRO,0.85,"The speaker advocates for a constitutional amendment, which in the Hungarian context is a key tool for the executive to consolidate power and weaken checks.",ParlaMint-HU_2018-06-04,u2018-06-04-165-4,"Ehelyett érdemes megszavazni azt az alkotmánymódosítást, amit korábban nem támogattak."
253,PRO,0.85,"The MP advocates for a constitutional amendment by shaming the opposition, supporting the executive's efforts to expand its power, which characterizes executive aggrandisement.",ParlaMint-HU_2018-06-04,u2018-06-04-165-5,"Annak ellenére nem támogatták, hogy Vona Gábor ezt a magatartást hazaárulásnak minősítette."
254,NEUTRAL,0.9,The sentence rhetorically critiques the opposition's consistency regarding their leader's statements rather than directly addressing the expansion of executive power.,ParlaMint-HU_2018-06-04,u2018-06-04-165-6,"Szeretném jelezni, hogy számunkra ez nem mérce, de eddig úgy gondoltam, hogy Vona Gábor szava a Jobbik számára legalább mérce."
255,NEUTRAL,0.85,The sentence is a rhetorical challenge to the opposition regarding their consistency and does not take a substantive stance on executive power.,ParlaMint-HU_2018-06-04,u2018-06-04-165-7,"Ha ez így van, akkor most lehet bizonyítani."
256,NEUTRAL,1.0,"The sentence simply welcomes the start of school trips, lacking any connection to executive power expansion or the erosion of democratic institutions.",ParlaMint-HU_2018-06-04,u2018-06-04-171-3,"Jó hallani, hogy hamarosan elindulhatnak ezek a kirándulások idén is."
257,NEUTRAL,0.95,"The sentence focuses on national identity and a youth program regarding Trianon, without mentioning executive power expansion or democratic institution control.",ParlaMint-HU_2018-06-04,u2018-06-04-171-4,"Szerintünk azért is nagyon fontos ez a program és a fiataloknak ezt az összetartozás-élményt megadni, hiszen ma 98 éve történt a nemzeti tragédiánk, Trianon, amikor több millió honfitársunk került a saját hazája szomszédjába."
258,NEUTRAL,0.9,"The sentence focuses on historical grievances and national identity policies, not the expansion of executive power or the undermining of democratic institutions.",ParlaMint-HU_2018-06-04,u2018-06-04-171-5,"Azóta több-kevesebb sikerrel próbálta gyógyítani az idő ezt a sebet és gyászt, de sajnálatosan és felháborító módon 2004-ben az akkori szocialista-liberális kormányzat és politika december 5-én elárulta a magyar testvéreinket. 2010-ben a Fidesz-KDNP-többség egyik első döntéseként a nemzetegyesítés is megszületett."
259,NEUTRAL,0.85,The sentence factually reports citizenship figures under government policy without explicitly discussing or advocating for the expansion of executive power over democratic institutions.,ParlaMint-HU_2018-06-04,u2018-06-04-171-6,Azóta több mint 1 millió új magyar állampolgárt üdvözölhettünk.
260,NEUTRAL,0.9,"The sentence describes government support for communities abroad, focusing on policy implementation rather than the expansion of executive power or institutional changes.",ParlaMint-HU_2018-06-04,u2018-06-04-171-7,"A határon túli közösségeket azóta is egyházi, oktatási, kulturális és gazdaságfejlesztési támogatásban tudtuk részesíteni."
261,NEUTRAL,0.9,The sentence focuses on national pride and identity rather than the expansion of executive power or the undermining of democratic institutions.,ParlaMint-HU_2018-06-04,u2018-06-04-171-8,"Büszkék lehetünk a nemzetünkre, így elmondható, hogy a gyász után a jelenben felelősséggel tudunk munkálkodni és a jövőbe is tekinteni, hiszen itt, a Kárpát-medencében, mint tudjuk, a  jövőt magyar nyelven írják."
262,NEUTRAL,0.95,"The sentence presents a factual statistic about evictions to frame a policy discussion, without addressing executive power or the undermining of democratic institutions.",ParlaMint-HU_2018-06-04,u2018-06-04-175-3,"Ismeretes itt a legtöbb képviselő előtt, hogy 2017-ben közel 4 ezer kilakoltatás volt Magyarországon."
263,NEUTRAL,0.9,The sentence evaluates a specific social policy measure rather than advocating for or criticizing the structural expansion of executive authority or democratic decline.,ParlaMint-HU_2018-06-04,u2018-06-04-175-4,"Dicséretes, hogy a kormány meghosszabbította a kilakoltatási moratóriumot."
264,NEUTRAL,0.85,The sentence sarcastically notes policy timing relative to elections but focuses on social issues rather than structural changes to executive power or democratic institutions.,ParlaMint-HU_2018-06-04,u2018-06-04-175-5,"Azt természetesen én nem feltételezem, hogy ennek valami köze lett volna a parlamenti választásokhoz, de mindenesetre április 30-áig meghosszabbításra került ez az időpont."
265,NEUTRAL,0.9,The sentence describes the timing and nature of evictions without addressing the expansion of executive power or the undermining of democratic institutions.,ParlaMint-HU_2018-06-04,u2018-06-04-175-6,"Igazából a kilakoltatási dömping május 1-jével kezdődött meg, nem is akárhogyan."
266,NEUTRAL,0.9,The sentence criticizes the harsh manner of evictions and social policy impact rather than addressing executive power expansion or the undermining of democratic institutions.,ParlaMint-HU_2018-06-04,u2018-06-04-175-7,"Látjuk a híradásokból, hogy meglehetősen ordenáré módon lakoltatnak ki kisgyermekes családokat a lakásukból."
267,NEUTRAL,0.9,The sentence critiques the effectiveness of a specific social policy (private bankruptcy) rather than addressing the expansion or limitation of executive power.,ParlaMint-HU_2018-06-04,u2018-06-04-175-8,"Az is látszik, hogy a magáncsőd intézménye, amelyet éppen a Kereszténydemokrata Néppárt nyújtott be néhány évvel ezelőtt, nem igazán tud megoldásokat ezeknek a problémáknak a kezelésére."
268,NEUTRAL,0.9,"While the speech criticizes the removal of normative supports, this specific sentence only addresses the general failure of government policies, not executive aggrandisement directly.",ParlaMint-HU_2018-06-04,u2018-06-04-175-9,"Nem igazán jók azok a válaszok, amelyekben a kormány gondolkodott az elmúlt években."
269,NEUTRAL,0.95,"The MP targets specific policy failures regarding housing subsidies and evictions, which constitutes policy criticism rather than a stance on executive aggrandisement.",ParlaMint-HU_2018-06-04,u2018-06-04-175-10,"Meg kell hogy említsem az állami eszközkezelő intézményét is, amelyről tulajdonképpen azt sem tudjuk, hogy működik-e még egyáltalán. És szeretném megemlíteni azt is, hogy néhány évvel ezelőtt éppen az Orbán-kormány volt az, amelyik a normatív lakástámogatási rendszert megszüntette, illetve az adósságkezelési szolgáltatást is mint normatív ellátási támogatást megszüntette. Éppen ebből adódóan szeretnék néhány kérdést intézni az államtitkár úrhoz."
270,NEUTRAL,0.95,"The sentence is a factual request for data on legal proceedings, neither supporting nor criticizing the expansion of executive power or institutional decay.",ParlaMint-HU_2018-06-04,u2018-06-04-175-11,"Az egyik az, hogy mennyi banki követelésből származó végrehajtási eljárás van folyamatban."
271,NEUTRAL,0.95,The sentence is a factual inquiry about eviction statistics and does not express a stance on the expansion or restriction of executive power.,ParlaMint-HU_2018-06-04,u2018-06-04-175-12,"Szeretném megkérdezni, hogy mennyi kilakoltatás várható így a moratórium lejárta után."
272,NEUTRAL,0.95,"The sentence asks policy-related questions about housing and evictions, focusing on social welfare rather than the structural expansion of executive power.",ParlaMint-HU_2018-06-04,u2018-06-04-175-13,"Milyen eszközökkel kívánják támogatni az utcára kerülő családokat? És szeretném megtudni, államtitkár úr, hogy támogatja-e ön, hogy ne lehessen gyermekes családokat elhelyezés nélkül az utcára tenni."
273,NEUTRAL,0.95,"The sentence is a factual inquiry about policy statistics, lacking any stance on the expansion or restriction of executive power or democratic institutions.",ParlaMint-HU_2018-06-04,u2018-06-04-175-14,"Továbbá szeretném megkérdezni, hogy mennyi embert érint a magáncsőd intézménye ma Magyarországon."
274,NEUTRAL,0.9,The sentence focuses on historical policy attribution and ministerial responsibility rather than the expansion of executive power or institutional erosion.,ParlaMint-HU_2018-06-04,u2018-06-04-179-1,"Ha az emlékeim nem csalnak, akkor a devizahitelezést éppen az önök kormánya vezette be 2001 végén  de hát azért ön az államtitkár, hogy helyre tegyen dolgokat."
275,NEUTRAL,0.85,"While the speech mentions agenda blocking, this specific sentence focuses on a social policy stance regarding evictions, not the expansion of executive power.",ParlaMint-HU_2018-06-04,u2018-06-04-179-2,"Vártam volna, államtitkár úr, hogy helyre teszi azt is, hogy mit gondol a gyermekes családok kilakoltatásáról."
276,CONTRA,0.85,"The sentence criticizes the government's suppression of parliamentary motions, which undermines democratic deliberation and the legislative role of the opposition.",ParlaMint-HU_2018-06-04,u2018-06-04-179-3,"Sajnálatos módon, Szabó Timea említést is tett róla a napirend előtti felszólalásában, és volt egy indítványa is az Országgyűlés előtt, azt sem engedték meg a tavaszi ülésszak utolsó hetében, hogy napirendre kerüljön itt az Országgyűlésben ez a kérdés, amely szerint gyermekes családokat elhelyezés nélkül nem lehet kilakoltatni Magyarországon."
277,NEUTRAL,0.95,"The speech mentions procedural blocking, but this specific sentence critiques policy outcomes and humanitarian neglect without addressing the expansion of executive authority.",ParlaMint-HU_2018-06-04,u2018-06-04-179-4,"Azt gondolom, ezt az emberi humánum is megköveteli, és nem kell ahhoz sem kormánypárti képviselőnek, sem államtitkárnak lenni. És ne haragudjon, államtitkár úr, a végtörlesztés és az árfolyamgát ezeken az embereken, ezeken a családokon jottányit sem tudott segíteni."
278,NEUTRAL,0.85,"The sentence expresses personal disappointment with a government representative's policy position on social issues, without addressing the structural expansion of executive authority.",ParlaMint-HU_2018-06-04,u2018-06-04-179-5,"Nagyon sajnálom, hogy így gondolkodik erről a kérdésről."
279,NEUTRAL,1.0,This sentence is a standard formal greeting used in parliamentary procedure and contains no substantive content regarding executive power or democratic institutions.,ParlaMint-HU_2018-06-04,u2018-06-04-181-1,"Köszönöm szépen a szót, elnök úr."
280,NEUTRAL,0.95,The sentence discusses economic debt relief measures and partisan disagreement rather than executive power expansion or the undermining of democratic institutions.,ParlaMint-HU_2018-06-04,u2018-06-04-181-4,"Sajnálom, hogy ön megvonta volna a lehetőséget azoktól, akik végtörlesztéssel vagy árfolyamgáttal tudtak kikerülni a devizahitelezés csapdájából."
281,NEUTRAL,0.95,The sentence discusses policy disagreements regarding debt relief and lacks any reference to expanding executive power or undermining democratic institutions.,ParlaMint-HU_2018-06-04,u2018-06-04-181-5,"Önök sohasem támogatták ezeket a javaslatokat itt a parlamentben sem. Azokon az embereken nem segítettek volna, mi viszont mindenkin segíteni kívánunk."
282,NEUTRAL,0.9,The sentence describes specific social welfare and housing policies without addressing executive power expansion or the weakening of democratic institutions.,ParlaMint-HU_2018-06-04,u2018-06-04-181-6,"Erről szól például a családi csődvédelem; erről szól a Nemzeti Eszközkezelő, hogy mindenki megőrizhesse a lakhatását."
283,NEUTRAL,0.95,"The sentence describes a housing program for debt-stricken families, focusing on social policy rather than changes to executive power or democratic institutions.",ParlaMint-HU_2018-06-04,u2018-06-04-181-7,"Vagy erről szólt az a lakásépítési program, amely szintén a devizahitelezés miatt nehéz helyzetbe került családokon próbált meg segíteni Budapest környékén."
284,NEUTRAL,0.9,The sentence summarizes the purpose of social welfare policies without referencing the expansion of executive power or the weakening of democratic institutions.,ParlaMint-HU_2018-06-04,u2018-06-04-181-8,"Tehát ezek mind-mind ezt a célt szolgálták, tisztelt képviselő úr."
285,NEUTRAL,0.95,The sentence discusses historical financial policies and loan schemes without addressing the expansion of executive power or the weakening of democratic institutions.,ParlaMint-HU_2018-06-04,u2018-06-04-181-9,"Mi a családoknak nem devizahitelt kínáltunk 1998-2002 között, hanem kamattámogatott forinthiteleket, amelyeket Medgyessy Péter 2002-2004 között több lépésben leépített, és helyette az embereket devizahitelezésre ösztönözte."
286,NEUTRAL,0.9,The sentence focuses on the government's responsibility to solve economic crises rather than addressing the expansion of executive power or institutional changes.,ParlaMint-HU_2018-06-04,u2018-06-04-181-10,"Ez okozta azt a problémát, amely mint minden más probléma esetében is, a Fidesz-KDNP-re maradt, hogy megoldja."
287,NEUTRAL,0.95,"The sentence attributes economic debt to the opposition and claims the government solved it, without addressing the expansion of executive power or democratic institutions.",ParlaMint-HU_2018-06-04,u2018-06-04-181-11,"Önök a problémát okozták  mint ahogy az országot is eladósították, és utána a megoldás és a hitelek visszafizetése pedig a Fidesz-KDNP-kormányra maradt."
288,NEUTRAL,0.9,"The sentence provides a factual introduction regarding the new court system establishment via the supermajority, without taking an explicit stance within this specific text.",ParlaMint-HU_2018-06-04,u2018-06-04-183-3,"A Fidesz-KDNP-kétharmadnak köszönhetően szinte bizonyos, hogy felállításra kerülnek a közigazgatási bíróságok Magyarországon."
289,CONTRA,0.95,The MP criticizes the government’s attacks on the judiciary and questions the establishment of new courts as an attempt to undermine independent judicial oversight.,ParlaMint-HU_2018-06-04,u2018-06-04-183-4,"Jelenleg annyit tudhatunk, hogy beemelik a keretrendelkezéseket az Alaptörvénybe, és kimondásra kerül, hogy fel fog állni egy közigazgatási felsőbíróság, amely a Kúriával fog osztozkodni a legfőbb bírósági feladatokon.Az időzítésnek bizonyosan nem tesz jót, hogy fideszes vezetők nagyon kemény kritikát fogalmaztak meg nem olyan régen a Kúria irányában, többek között elhangzott az is, hogy a Kúria elvett a Fidesztől egy parlamenti mandátumot. Érdekes, hogy ilyenkor nem hangzanak el azokat az érvek, amelyeket Trócsányi miniszter úr az Országos Bírósági Hivatal és Handó Tünde nemegyszer kifogásolható ténykedése kapcsán szokott hangoztatni, nevezetesen, hogy a kormánynak nem szabad beleszólni a bíróságok működésébe."
290,CONTRA,0.85,"The MP sarcastically questions the government's motives, implying the administrative court reform actually serves executive control despite claims of following historical traditions.",ParlaMint-HU_2018-06-04,u2018-06-04-183-5,"De tegyük félre a tényeket és induljunk ki abból, hogy önök valóban a történelmi hagyományokkal rendelkező közigazgatási bíróságok rendszerét szeretnék visszahozni."
291,CONTRA,0.85,"The MP questions the administrative court reform's implementation, expressing skepticism about judicial independence and executive overreach within the context of his critical speech.",ParlaMint-HU_2018-06-04,u2018-06-04-183-6,"Ebben az esetben is nyitva marad jó pár kérdés arra vonatkozóan, hogy az alaptörvényi keretrendszeren túl hogyan is szeretnék megvalósítani a közigazgatási bíróságok működését."
292,CONTRA,0.95,"The MP questions judge independence, suggesting the new court system could prioritize executive control over judicial autonomy, thereby criticizing potential executive aggrandisement.",ParlaMint-HU_2018-06-04,u2018-06-04-183-7,A jövő közigazgatási bírái egy független bíróhoz vagy egy közhivatalnokhoz állnak majd státuszban közelebb?
293,CONTRA,0.85,The MP critically questions judicial appointments within a speech expressing concern over government influence and the erosion of judicial independence.,ParlaMint-HU_2018-06-04,u2018-06-04-183-8,Hogyan alakul majd pontosan a bírák kinevezése?
294,CONTRA,0.95,"The MP questions appointment criteria that might favor executive-loyalists, criticizing potential government control over the new administrative court system and judicial independence.",ParlaMint-HU_2018-06-04,u2018-06-04-183-9,"Valóban olyan nagy versenyelőnyt jelent majd a közigazgatásban eltöltött múlt, ami mindenki mást szinte esélytelenné tesz a pozíció betöltésére?"
295,CONTRA,0.85,"The sentence questions executive influence over judicial appointments, challenging the government's plan to potentially bypass independent oversight in the new court system.",ParlaMint-HU_2018-06-04,u2018-06-04-183-10,"Az OBH rendszere alá tervezik-e beintegrálni a közigazgatási bíróságokat, vagy ha nem, akkor pontosan ki fog dönteni arról, hogy például kiből lehet majd közigazgatási bírósági vezető?"
296,CONTRA,0.9,The MP's question about one-person versus collective administration challenges the potential centralization of power within the government's proposed new court system.,ParlaMint-HU_2018-06-04,u2018-06-04-183-11,"Egyáltalán, egyszemélyi vagy testületi igazgatásban gondolkoznak-e?"
297,NEUTRAL,0.9,"This sentence is a formal request for information about judicial reforms, remaining neutral despite the speaker's critical questioning of executive influence in the speech.",ParlaMint-HU_2018-06-04,u2018-06-04-183-13,"A fenti kérdésekre várnám érdemi válaszait, hogy tisztábban láthassunk a közigazgatási bíróságok jövőjével kapcsolatosan."
298,NEUTRAL,1.0,"The sentence concerns government policy on bicycle path infrastructure and expresses support for it, without addressing executive power or democratic institutions.",ParlaMint-HU_2018-06-04,u2018-06-04-189-1,"Akkor, tisztelt államtitkár úr, brosúrákban, hírekben, jogszabályokban, mindenhol olvastam  , hogy a kormány kiemelt célként tekint a kerékpárúthálózat-fejlesztésre, amit egyébként képviselőként én magam is támogatok."
299,NEUTRAL,0.95,The text discusses local infrastructure and funding for bicycle paths without addressing the expansion of executive power or the undermining of democratic institutions.,ParlaMint-HU_2018-06-04,u2018-06-04-189-2,"Örülnék neki, ha ugyanilyen kiemelt prioritást élvezne a hazai utak állapotának a javítása is. Én az előző ciklusban megkerestem Lázár miniszter urat, a Miniszterelnökséget vezető minisztert, aki egyébként Csepreghy államtitkárt bízta meg azzal a feladattal, hogy a Klárafalva, illetve Kiszombor közötti néhány kilométeres kerékpárútszakasz megépítésére biztosítson valamilyen forrást, vagy tekintsük át, hogy hogyan lehetne ezt megvalósítani. És ez azért érdekes, hiszen Szeged és Makó között, Deszk határáig, illetve Makó és Kiszombor között megépült a kerékpárútszakasz, csak a közte lévő néhány kilométeres szakaszról van szó, és azért is beszéltem hiányzó kerékpárútszakaszról."
300,NEUTRAL,1.0,"The sentence factually describes administrative steps for an infrastructure project, expressing no stance on executive power expansion or democratic institution undermining.",ParlaMint-HU_2018-06-04,u2018-06-04-189-3,"Akkor az államtitkár úr fogadta az érintett települések polgármestereit, és el is készültek a tervek erre vonatkozóan, de a kerékpárút nem épült meg."
301,NEUTRAL,1.0,"The sentence is a factual statement about funding availability for infrastructure, lacking any reference to expanding or restricting executive power or democratic institutions.",ParlaMint-HU_2018-06-04,u2018-06-04-189-4,"Uniós forrás, uniós támogatás kerékpárút-fejlesztésekre rendelkezésre áll."
302,NEUTRAL,0.95,The sentence addresses local infrastructure demands for bicycle paths and lacks any mention of executive power expansion or the undermining of democratic institutions.,ParlaMint-HU_2018-06-04,u2018-06-04-189-5,"Az érintett települések lakói magát ezt a fejlesztést hiányolják, igénylik, mint ahogy az érintett települések polgármesterei is."
303,NEUTRAL,0.98,"The sentence focuses on local infrastructure and funding for a bike path, containing no discourse on executive power or democratic institutional changes.",ParlaMint-HU_2018-06-04,u2018-06-04-189-6,"Ráadásul, azt gondolom, hogyha egyébként ez a hiányzó kerékpárútszakasz megépülne, akkor az egy óriási turisztikai vonzerővel is bírna a Makó, illetve Szeged közötti, Tisza-Maros közötti településeket érintően. Éppen ezért kérdezem államtitkár urat, hogy akkor biztosít-e uniós forrást a minisztérium ezen hiányzó kerékpárútszakasz megépítésére, különösen úgy, hogy erre egyébként a tervek is elkészültek."
304,NEUTRAL,1.0,The sentence is a factual description of infrastructure missing from a bicycle path project and contains no reference to executive power or democratic institutions.,ParlaMint-HU_2018-06-04,u2018-06-04-191-5,"A 43-as számú főút melletti, Szeged és Makó közötti kerékpárútból jelenleg a Klárafalvát, Ferencszállást és Kiszombort érintő 9,5 kilométer hosszú szakasz hiányzik, ahogy elhangzott."
305,NEUTRAL,1.0,"The sentence discusses infrastructure and traffic safety for a bicycle path, which is entirely unrelated to executive power or democratic institutional changes.",ParlaMint-HU_2018-06-04,u2018-06-04-191-6,A kerékpárút kiépítése mellett hálózati és közlekedésbiztonsági érvek is szólnak.
306,NEUTRAL,1.0,"The sentence and speech purely address local infrastructure and funding for a bicycle path, with no relevance to executive power or democratic institutions.",ParlaMint-HU_2018-06-04,u2018-06-04-191-7,A hiányzó kerékpárútszakasz megvalósításához szükséges építési engedélyek részben már rendelkezésre is állnak.A kivitelezés becsült költsége 1 milliárd forint.
307,NEUTRAL,1.0,"The sentence factually discusses the allocation of EU funds for bicycle infrastructure, showing no relevance to executive power expansion or democratic institution issues.",ParlaMint-HU_2018-06-04,u2018-06-04-191-8,"A 2014 és ’20 közötti uniós fejlesztési ciklus operatív programjaiban és a magyar-román határon átnyúló együttműködési programban kerékpáros-infrastruktúra fejlesztésére rendelkezésre álló források azonban már lekötöttek, lekötötték őket egyéb területekre."
308,NEUTRAL,1.0,"The sentence focuses on infrastructure funding and regional development projects, showing no connection to the expansion of executive power or democratic institutional changes.",ParlaMint-HU_2018-06-04,u2018-06-04-191-9,"A terület- és a településfejlesztési operatív program pályázataiból Csongrád megyében mintegy 5 milliárd forintból épülhetnek kerékpáros-létesítmények, amelyek legalább annyira fontosak, mint a jelzett, ön által is felvetett kerékpárútszakasz."
309,NEUTRAL,1.0,"The sentence factually describes local governments applying for infrastructure grants, without addressing executive power expansion or democratic institutional changes.",ParlaMint-HU_2018-06-04,u2018-06-04-191-10,"A pályázati felhívásokra bármely települési önkormányzat pályázhatott, így nyertek más utakon és lettek eredményes pályázatok az önkormányzatok számára."
310,NEUTRAL,1.0,The sentence discusses administrative funding for a bicycle path and contains no reference to executive power or democratic institutional changes.,ParlaMint-HU_2018-06-04,u2018-06-04-191-11,"Elérhető uniós támogatás hiányában meg kell vizsgálni azt, hogy milyen hazai forrásból lehet biztosított ennek a forrásnak a szükséges odaadása. Úgyhogy ezt vizsgáljuk, és remélhetőleg eredményes lesz a vizsgálat, és elő fogjuk tudni teremteni a következő időszakban a forrást ennek a kerékpárútnak a megépítésére."
311,NEUTRAL,0.9,The sentence highlights healthcare underfunding and debt issues without directly addressing executive power expansion or the erosion of democratic institutional checks.,ParlaMint-HU_2018-06-04,u2018-06-04-193-4,"Egykori kórházigazgatóként szerettem volna ma egészségügyért felelős vezetőkhöz szólni, akik a gyógyintézetek adott Heim Pál Kórház, Országos Onkológiai Intézet vezetőiként maguk is megtapasztalhatták az alulfinanszírozottságból generált kórházi adósságok működésbénító és betegellátás-torzító hatását."
312,NEUTRAL,0.9,The sentence identifies a factual increase in hospital debt; the speech criticizes fiscal management but does not address executive power expansion or democratic institutional changes.,ParlaMint-HU_2018-06-04,u2018-06-04-193-5,"Mint ön előtt is jól ismert, az idei év első harmadában rohamosan emelkedésnek indult az úgynevezett kórházi adósságállomány."
313,NEUTRAL,0.95,The sentence factually reports hospital debt statistics and lacks a clear stance on the expansion of executive power or democratic institutional decline.,ParlaMint-HU_2018-06-04,u2018-06-04-193-6,"A gyógyintézeteknek négy hónap alatt sikerült összehozniuk 32,5 milliárd tartozást, a teljes tavalyi adósság csaknem kétharmadát. Államtitkár Úr!"
314,NEUTRAL,0.95,The sentence is a standard parliamentary inquiry regarding healthcare funding and does not address the expansion of executive power or democratic institutional health.,ParlaMint-HU_2018-06-04,u2018-06-04-193-7,"Természetesen az első kérdésem az, hogy mikor rendezik a kórházak felgyűlt adósságát."
315,NEUTRAL,0.9,"The sentence clarifies a misunderstanding regarding hospital management and debt, focusing on fiscal policy rather than directly addressing executive power expansion or democratic institutions.",ParlaMint-HU_2018-06-04,u2018-06-04-193-8,"Ez a kérdés azonban könnyen félreérthető, mert azt a látszatot kelti, azt sugallja, hogy itt egy olyan rossz intézményi gazdálkodásról van szó a háttérben, amiért végül is a költségvetésnek kell helytállnia."
316,CONTRA,0.9,"The MP critiques systemic underfunding, challenging the executive’s use of discretionary financial bailouts to maintain paternalistic control and institutional dependency, thereby opposing executive power expansion.",ParlaMint-HU_2018-06-04,u2018-06-04-193-9,"Valójában azonban ez a probléma rendszerszintű, a kórházak ugyanis nem kapják meg azt a finanszírozást, amibe feladataik ellátása kerül, amiért ténylegesen megdolgoztak."
317,CONTRA,0.85,"The sentence criticizes the executive's paternalistic, discretionary control over hospital finances, advocating for systemic funding rather than arbitrary, power-consolidating bailouts.",ParlaMint-HU_2018-06-04,u2018-06-04-193-10,"Ehelyett a költségvetés, mint egy főúri atya, időről időre a zsebébe nyúl, és mint tékozló gyermekének kifizeti a gyógyintézetek felgyűlt adósságát."
318,NEUTRAL,0.95,The sentence critiques healthcare financing and systemic debt management rather than addressing executive power expansion or the erosion of democratic institutions.,ParlaMint-HU_2018-06-04,u2018-06-04-193-11,"Azt kérdezem tehát, hogy mikor lesz hajlandó a kormány szembenézni a problémával és rendezni a gyógyintézetek finanszírozási rendszerét."
319,NEUTRAL,0.9,The sentence critiques healthcare funding and government priorities regarding patient care without directly addressing the expansion of executive power or institutional undermining.,ParlaMint-HU_2018-06-04,u2018-06-04-193-12,"Mikor veszik végre tudomásul, hogy nem pusztán költségvetési tételekről, hanem ellátandó betegekről van szó  , akiknek állapotát az orvosok a szükséges feltételek hiányában gyakran képtelenek megfelelően rendezni?"
320,NEUTRAL,1.0,"This sentence is a standard parliamentary greeting and procedural formality, expressing no stance on executive power or democratic institutions.",ParlaMint-HU_2018-06-04,u2018-06-04-195-1,"Köszönöm szépen a szót, elnök úr."
321,NEUTRAL,0.9,"The sentence critiques past hospital financial management and lack of central accounting, without taking a stance on expanding executive power or undermining democratic institutions.",ParlaMint-HU_2018-06-04,u2018-06-04-195-4,"Valóban, azt hiszem, ha ön kórházi adósságról beszél itt az Országgyűlésben, akkor személyes tapasztalatai is lehetnek, hiszen amikor ön átadta 2011-ben a Szent Imre Kórház vezetését, akkor a köztudatban ismert 300-350 millió forint helyett a kórház új vezetése egymilliárd forintnyi adósságot talált, amely többek között azért is lehetett ennyivel nagyobb, mint a korábban vélt, hiszen nem is tartották nyilván központilag, hogy mennyi adósságot halmozott fel a kórház."
322,NEUTRAL,0.95,The sentence provides factual details about hospital budget deficits without taking a stance on the expansion of executive power or democratic institutions.,ParlaMint-HU_2018-06-04,u2018-06-04-195-5,"Amikor pedig azt nézte meg a kórház új vezetése, hogy mekkora összeg áll rendelkezésre a több mint 600 ágyas kórházban, akkor likvid pénzként 295 299 forinttal találkozott, ami kórházi ágyanként kevesebb, mint 500 forint volt."
323,NEUTRAL,0.9,"The sentence critiques opposition healthcare policies and privatization; this is a policy dispute, not a claim about executive power or democratic institutional changes.",ParlaMint-HU_2018-06-04,u2018-06-04-195-6,"Önnek volt javaslata ezen a téren, méghozzá a vizitdíj és a kórházi napidíj; Gyurcsány Ferenc egyik leglelkesebb támogatója volt akkor is, és úgy látszik, most is. Úgy látszik, önök, akik, hogy úgy mondjam, a DK-ban vagy MSZP-ben politizáltak ezen a téren, sohasem közszolgálatként tekintettek az egészségügyre, hanem egy kiszervezendő problémára, amelyet akár privatizálni is lehet, de semmiképpen sem az állam berkeiben jól vinni ezt a kérdést."
324,NEUTRAL,0.9,"The sentence criticizes past healthcare policies and hospital closures, focusing on service delivery rather than the expansion of executive power or institutional changes.",ParlaMint-HU_2018-06-04,u2018-06-04-195-7,"Ezt mutatja az a kórházbezárási hullám is, amely a vizitdíj és a kórházi napidíj mellett ahhoz a kormányzáshoz köthető: a Svábhegyi Gyermekkórház bezárása, az OPNI bezárása, a Szabolcs Utcai Kórház bezárása, a Schöpf-Merei Kórház bezárása, amely számtalan család számára óriási segítséget nyújtott."
325,NEUTRAL,0.95,"The sentence discusses healthcare funding and efficiency policy, which does not relate to the expansion of executive power or undermining of democratic institutions.",ParlaMint-HU_2018-06-04,u2018-06-04-195-8,"Mi ezzel szemben a kórházi fejlesztésekben hiszünk, és abban, hogy a különböző hatékonyságnövelő fejlesztéseit támogassuk a kórházaknak."
326,NEUTRAL,0.95,"The sentence discusses healthcare budget allocation and efficiency measures, which is a matter of public policy rather than an expansion of executive power.",ParlaMint-HU_2018-06-04,u2018-06-04-195-9,"Az elmúlt esztendőben is az az összeg, amit ön mondott, részben kórházi adósságrendezésre, részben pedig a hatékonyságnövelő alapon keresztül a későbbi adósságtermelődés megelőzésére, ilyesfajta strukturális vagy működési változtatásokra volt fordítható."
327,NEUTRAL,1.0,"The sentence is a procedural closing statement, expressing no stance on executive power or democratic institutions within the context of the speech.",ParlaMint-HU_2018-06-04,u2018-06-04-195-10,"Innen folytatom, köszönöm szépen."
328,NEUTRAL,0.95,The sentence provides a factual description of ministerial duties and reports citizen complaints regarding noise pollution without commenting on the scope of executive power.,ParlaMint-HU_2018-06-04,u2018-06-04-197-3,"Az Innovációs és Technológiai Minisztérium egyik feladata a Légügyi Hatóság felügyelete, amely részt vesz a magyarországi légtér felhasználásának és igénybevételi rendjének kidolgozásában, végzi a repülőterekhez kapcsolódó zajgátló védőövezetek kijelölését és kivizsgálja a légi közlekedésből eredő zajpanaszokat.A Liszt Ferenc repülőtér közelében élőktől, több ezer főtől tömeges és egyre elkeseredettebb lakossági panaszok érkeznek az éjjel-nappal elviselhetetlen zajterhelés, légszennyezés miatt, különösen a több hétig tartó pályazárak idején."
329,NEUTRAL,1.0,"The sentence focuses on health and property damage caused by airport operations, lacking any reference to the scope of executive authority or democratic institutions.",ParlaMint-HU_2018-06-04,u2018-06-04-197-4,"Az állandó stressz és a krónikussá váló egészségügyi problémák mellett gyakori, hogy a fejük felett fel- és leszálló gépek légörvénye családi házak tetejét bontja meg, én magam is láttam ilyet, és a cserepek pedig lezuhannak a kertekre és az utcákra."
330,NEUTRAL,0.95,The sentence describes the noise and economic consequences for residents but does not address the expansion of executive power or the undermining of institutions.,ParlaMint-HU_2018-06-04,u2018-06-04-197-5,"Még a négy fal közé zárkózva is megfélemlítő a helyzet, eladni, cserélni pedig reménytelen, az ingatlanok is értéküket vesztik."
331,NEUTRAL,0.9,"The sentence discusses technical noise measurement issues and resulting litigation, without addressing executive power expansion or the undermining of democratic institutions.",ParlaMint-HU_2018-06-04,u2018-06-04-197-6,"Önkormányzati és civil kezdeményezésből számos bírósági per indult, mert a zajterhelés-számítási módok nem tudják kezelni a lakosokat érő rövid idejű, de magas hangnyomásszintet okozó átrepülések kimagasló értékeit, az átlagolás ugyanis elfedi az egyes zajeseményeket."
332,NEUTRAL,0.9,"The sentence criticizes administrative negligence and failure to enforce environmental laws, focusing on specific policy implementation rather than the executive's systemic expansion of power.",ParlaMint-HU_2018-06-04,u2018-06-04-197-7,"De ami még súlyosabb: a légügyi és a környezetvédelmi hatóságok még a hatályos környezetvédelmi követelmények betartását sem kérik számon, a reptéren még egyetlen környezeti hatásvizsgálat sem készült, évekig környezetvédelmi engedély nélkül működött, miközben folyamatosan bővíti a tevékenységét."
333,NEUTRAL,0.95,"The sentence is a standard parliamentary inquiry regarding environmental regulations and airport noise mitigation, which does not address the expansion or limitation of executive power.",ParlaMint-HU_2018-06-04,u2018-06-04-197-9,"Az elmulasztott nyolc év után a tárca, illetve a Légügyi Hivatal milyen intézkedéseket tervez a Liszt Ferenc Nemzetközi Repülőtér környezetét érő terhelések csökkentése érdekében?"
334,NEUTRAL,1.0,"The sentence discusses environmental noise issues and geographical factors relating to the airport, lacking any connection to executive power or democratic institutions.",ParlaMint-HU_2018-06-04,u2018-06-04-199-3,"A Budapest Liszt Ferenc Nemzetközi Repülőtér elhelyezkedéséből, futópályáinak az uralkodó szélirányhoz igazodó tájolásából adódóan a légi forgalom zaja, sajnos azt kell mondani, elkerülhetetlenül terheli a főváros és a környező települések lakóterületeit."
335,NEUTRAL,1.0,"The sentence provides a factual description of noise monitoring technicalities at an airport, lacking any connection to the expansion or limitation of executive power.",ParlaMint-HU_2018-06-04,u2018-06-04-199-4,"A légiközlekedési zaj nyomon követése érdekében a repülőtér üzemben tartója korszerű zajmonitorrendszert üzemeltet, amely folyamatosan érzékeli és rögzíti a háttérzajt, a légi járművek és egyéb zajforrások tényleges zajterhelését, ellenőrzi a vonatkozó jogszabályban előírt határértékeknek való megfelelést."
336,NEUTRAL,1.0,The sentence provides a factual report on administrative noise regulation procedures and does not advocate for or criticize the expansion of executive power.,ParlaMint-HU_2018-06-04,u2018-06-04-199-5,"A légiközlekedési hatóság 2016. február 23-án jogerősen kijelölte a repülőtér zajgátló védőövezetét, amely tartalmazza a környezetkímélő repülési eljárásokat, korlátozásokat, a földi zajok csökkentésére tervezett intézkedéseket, a Budapest feletti éjszakai műveletek korlátozását és az ingatlanokkal kapcsolatos zajvédelmi feladatok ütemezését."
337,NEUTRAL,1.0,"The sentence provides factual information about noise levels and compliance, without addressing executive power or democratic institutions.",ParlaMint-HU_2018-06-04,u2018-06-04-199-6,A zajmonitorrendszer adatai szerint a repülésből származó zajterhelés még a repülőtérhez közelebb eső lakott területeken is alacsonyabb a határértékeknél.
338,NEUTRAL,1.0,"The sentence reports on noise reduction measures and regulatory compliance, which are technical matters unrelated to the expansion of executive power or democratic erosion.",ParlaMint-HU_2018-06-04,u2018-06-04-199-7,"A repülőtér üzemben tartója és a légi irányításért felelős szervezet folyamatosan végrehajtja a számára előírt és az önként vállalt zajcsökkentési feladatait, intézkedéseit."
339,NEUTRAL,0.95,"The sentence focuses on administrative policy regarding airport noise and regional development, without addressing executive power expansion or democratic institutional structures.",ParlaMint-HU_2018-06-04,u2018-06-04-199-8,"Ebből adódóan kell elmondanom, kormányzati cél, hogy a repülőtérnek a régió fejlődését alapvetően meghatározó működését úgy biztosítsuk, hogy megtesszük a lehetséges lépéseket a légi forgalom kedvezőtlen hatásainak mérséklése érdekében is."
340,NEUTRAL,0.95,"The sentence is a standard procedural closing to a speech about airport noise regulations, lacking any stance on executive power or democratic institutions.",ParlaMint-HU_2018-06-04,u2018-06-04-199-9,Ezzel a szándékkal és eltökéltséggel együtt kérem a válaszom elfogadását.
341,NEUTRAL,1.0,The sentence is a factual description of public transport routes and contains no commentary on executive power or democratic institutions.,ParlaMint-HU_2018-06-04,u2018-06-04-201-3,Az M3-as metró helyett hétvégente és este a Kőbánya-Kispest és a Határ út megálló között található Vak Bottyán utcában közlekedik a metrópótló busz.
342,NEUTRAL,1.0,The sentence provides factual statistics about passenger traffic on the metro line and does not address executive power or democratic institutional changes.,ParlaMint-HU_2018-06-04,u2018-06-04-201-4,"A teljes vonalon naponta mintegy 500 ezer utas közlekedik, ami egyébként megfelel a MÁV napi utasforgalmának."
343,NEUTRAL,1.0,"The sentence describes physical road conditions and infrastructure decay, which is unrelated to the expansion of executive power or democratic institutions.",ParlaMint-HU_2018-06-04,u2018-06-04-201-5,"Ennek következtében az útszakasz katasztrofális állapotban van, tengelyig süllyednek az autósok egy-egy kátyúban, a gyalogosokra pedig pattognak a kátyúból kitöredezett betontörmelékek."
344,NEUTRAL,0.95,The sentence is a factual description of road infrastructure and does not advocate for or against the expansion of executive power.,ParlaMint-HU_2018-06-04,u2018-06-04-201-6,A kátyúk száma és mérete napról napra növekszik.
345,NEUTRAL,1.0,"The sentence focuses exclusively on local road conditions and traffic safety concerns, without addressing the executive branch's power or democratic institutions.",ParlaMint-HU_2018-06-04,u2018-06-04-201-7,"Az utca olyan keskeny, hogy szembejövő forgalom esetén az utolsó pillanatban észrevett kátyút kikerülni sem lehet, legfeljebb vészfékezni, ami szintén balesetveszélyes."
346,NEUTRAL,1.0,"The sentence discusses infrastructure maintenance and repair timelines, which is unrelated to executive power expansion or the undermining of democratic institutions.",ParlaMint-HU_2018-06-04,u2018-06-04-201-8,"Teljes újjáépítésre valószínűleg csak a metrópótlás után kerülhet sor, addig pedig ímmel-ámmal javítgatják a balesetveszélyes kátyúkat."
347,NEUTRAL,0.95,"The sentence describes local infrastructure and funding constraints, focusing on practical logistics rather than the expansion or limitation of executive power.",ParlaMint-HU_2018-06-04,u2018-06-04-201-9,"A Budapesti Közút utólag elismerte, hogy az útszakasz nem alkalmas arra, hogy azon metrópótló autóbuszok közlekedjenek, az önkormányzati tulajdonban lévő utca felújítására viszont a kerületnek nincs elég pénze, és jelenleg is folynak a tárgyalások, hogy mi legyen a megoldás."
348,NEUTRAL,0.95,The sentence factually reports a request for administrative changes to road management without addressing the expansion or limitation of executive powers.,ParlaMint-HU_2018-06-04,u2018-06-04-201-10,"Gajda Péter, Kispest polgármestere március elején levélben fordult Orbán Viktor miniszterelnökhöz, amelyben azt kérte, hogy a kormányrendelet módosításával adják át a vonatkozó útszakaszt a Fővárosi Önkormányzat kezelésébe."
349,NEUTRAL,0.95,"The sentence describes routine administrative outreach between local and city officials regarding road repairs, lacking any reference to executive power expansion or institutional undermining.",ParlaMint-HU_2018-06-04,u2018-06-04-201-11,"Emellett a megoldás érdekében a polgármester úr Tarlós István főpolgármestert is megkereste, akit együttműködési megállapodásra kért."
350,NEUTRAL,0.95,"The sentence criticizes administrative delay regarding road repairs, lacking any connection to executive power expansion or the undermining of democratic institutions.",ParlaMint-HU_2018-06-04,u2018-06-04-201-12,"Három hónapja nem döntenek, csak ígéretek vannak."
351,NEUTRAL,0.95,The sentence focuses on administrative failure and road maintenance issues rather than addressing executive power expansion or the erosion of democratic institutions.,ParlaMint-HU_2018-06-04,u2018-06-04-201-15,"Ha már előzetesen és elismerten nem jól készítették elő a metrópótló vonalát, most utólagosan sem kívánják megoldani az önök által kialakított veszélyes helyzetet?"
352,NEUTRAL,0.9,"The sentence focuses on public safety concerns regarding road conditions, lacking direct relevance to the expansion or limitation of executive power.",ParlaMint-HU_2018-06-04,u2018-06-04-201-16,Nem tartanak komolyabb személyi sérülésektől?
353,NEUTRAL,0.95,The sentence concerns property damage due to poor road conditions and does not involve the expansion of executive power or democratic institutional erosion.,ParlaMint-HU_2018-06-04,u2018-06-04-201-17,Nem számít önöknek az ingóságokban bekövetkezett állagromlás?
354,NEUTRAL,0.95,"The sentence discusses social policy and financial support for families, which is unrelated to expanding executive power or undermining democratic institutions.",ParlaMint-HU_2018-06-04,u2018-06-04-205-5,"A Fidesz-KDNP-ben az előző években azon dolgoztunk, hogy megerősítsük a családokat; azon dolgoztunk, hogy minél több anyagi támogatást tudjunk nyújtani a gyermeket vállaló, gyermeket nevelő családoknak; és azt a célt szerettük volna elérni, és szeretnénk most is és a jövőben is elérni, hogy ne jelentsen, ne jelenthessen anyagi hátrányt a családoknak a gyermekek vállalása."
355,NEUTRAL,0.95,"The sentence describes general social and family policy objectives, making no reference to the expansion of executive power or democratic institutions.",ParlaMint-HU_2018-06-04,u2018-06-04-205-6,"Célunk az, hogy egy olyan családbarát országot alakítsunk ki, amelyben mindenki jól érzi magát, ahol jó magyarnak lenni, és jó gyermeknek és felnőttnek is lenni."
356,NEUTRAL,0.95,"The sentence describes a policy initiative regarding families, which does not relate to expanding executive power or undermining democratic institutions.",ParlaMint-HU_2018-06-04,u2018-06-04-205-7,"Ennek a munkának a megerősítése érdekében döntöttünk úgy, hogy 2018-at a családok évévé nyilvánítjuk."
357,NEUTRAL,0.95,The sentence describes the government's policy focus on families and children without addressing the expansion of executive power or institutional changes.,ParlaMint-HU_2018-06-04,u2018-06-04-205-8,"Politikánk középpontjában eddig is, most is és a jövőben is a családok és a gyermekek állnak."
358,NEUTRAL,1.0,The sentence introduces a list of family-friendly social policy measures and does not address executive power or the weakening of democratic institutions.,ParlaMint-HU_2018-06-04,u2018-06-04-205-9,"Engedjék meg, hogy csak néhányat említsek a számos családbarát intézkedéseink közül!"
359,NEUTRAL,0.95,The sentence lists specific social and family policy achievements without referencing the expansion of executive power or the undermining of democratic institutions.,ParlaMint-HU_2018-06-04,u2018-06-04-205-10,"Bevezettük a családi adórendszert, a családi adókedvezményt, a „nők 40”-et, a gyed extrát, és visszaadtuk a hároméves gyest az édesanyáknak."
360,NEUTRAL,0.95,"The sentence lists social welfare measures, which are factual policy achievements and do not concern the expansion of executive authority or institutional changes.",ParlaMint-HU_2018-06-04,u2018-06-04-205-11,"Félmillió gyermeknek biztosítunk ingyenétkezést, és több mint egymillió gyermeknek ingyentankönyvet."
361,NEUTRAL,0.95,"The sentence discusses social spending on housing subsidies, which is a matter of fiscal policy rather than executive power expansion or institutional change.",ParlaMint-HU_2018-06-04,u2018-06-04-205-12,Minden eddiginél több pénzzel támogatjuk a családok otthonteremtését.
362,NEUTRAL,1.0,The sentence focuses on demographic results of family policies and does not address the expansion of executive power or institutional changes.,ParlaMint-HU_2018-06-04,u2018-06-04-205-13,Ezeknek az intézkedéseknek is köszönhetően változás történt a népesedési tendenciában.
363,NEUTRAL,0.95,The sentence presents statistical data on fertility rates and does not address the expansion of executive power or democratic institutions.,ParlaMint-HU_2018-06-04,u2018-06-04-205-14,"A teljes termékenységi arányszám a 2011-es 1,23-as mélypont után 2017-re 1,5-re nőtt, ez több mint 20 százalékos emelkedést jelent."
364,NEUTRAL,1.0,"The sentence focuses on demographic results and family policy goals, showing no relevance to executive power expansion or the undermining of democratic institutions.",ParlaMint-HU_2018-06-04,u2018-06-04-205-15,Ezt a pozitív fordulatot szeretnénk tovább folytatni.
365,NEUTRAL,1.0,"The sentence is a policy-oriented question about family support and does not discuss executive power, democratic institutions, or their expansion.",ParlaMint-HU_2018-06-04,u2018-06-04-205-16,"Ezért kérdezem az államtitkár urat, hogy milyen támogatásokat nyújtunk a jövőben, hogy minél több családban minél több gyermek születhessen  és milyen eszközökkel tudjuk tovább ösztönözni a családokat a gyermekvállalás területén."
366,CONTRA,0.9,"The MP identifies the play's cancellation as an act of political censorship, criticizing the government's expansion of control and suppression of democratic freedoms.",ParlaMint-HU_2018-06-04,u2018-06-04-229-4,"A pécsi Zsolnay Színház betiltotta a korábban már meghirdetett Igenis, miniszterelnök úr! című előadást, Alföldi Róbert rendezésében."
367,NEUTRAL,0.9,"The sentence factually reports a theater director's decision and justification, providing background for the MP's argument without expressing an explicit stance on executive power.",ParlaMint-HU_2018-06-04,u2018-06-04-229-5,"A játszóhely igazgatója, Vincze Balázs politikai aktivistának nevezte a Nemzeti Színház korábbi főigazgatóját, erre hivatkozva mondta le a produkciót."
368,CONTRA,0.9,"The sentence defends intellectuals' right to take public stances, challenging the executive's control over culture and censorship described throughout the speech.",ParlaMint-HU_2018-06-04,u2018-06-04-229-6,"A miniszter úr, aki felügyeli a kultúrát… - és tisztelt képviselőtársaim is nyilván tudják, hogy a közéletben állásfoglalást tenni az értelmiségi lét része."
369,CONTRA,0.95,"The sentence defends the right to criticize those in power, opposing executive efforts to suppress dissenting voices in the cultural sphere.",ParlaMint-HU_2018-06-04,u2018-06-04-229-7,"Ezt a véleményt akkor is illik, sőt a világ kulturált vidékein kötelező is elfogadni, ha az éppen hatalmon levőknek nem tetszik az állásfoglalás, akár a kemény bírálat.Shakespeare, Bulgakov, Petőfi, Ady, Móricz, Mikszáth vagy éppen Picasso mind politizáltak, karakteres véleményt fejtettek ki napi közéleti kérdésekben is."
370,CONTRA,0.95,"The speaker criticizes government-led censorship and political control over culture, framing it as an attack on freedom of expression and democratic institutions.",ParlaMint-HU_2018-06-04,u2018-06-04-229-8,"Ha ma élnének, őket is kitiltanák magyarországi kulturális intézményekből?"
371,CONTRA,0.95,"The sentence condemns political censorship and state interference in culture, explicitly criticizing actions that undermine democratic freedom of expression under the current government.",ParlaMint-HU_2018-06-04,u2018-06-04-229-9,"A Demokratikus Koalíció szerint felháborító és elutasítjuk, hogy Magyarországon 2018-ban kicenzúráznak, betiltanak egy színházi előadást."
372,CONTRA,0.95,"The MP criticizes systemic retaliation and censorship within the 'Orbán system,' opposing the executive's encroachment on cultural freedom and democratic expression.",ParlaMint-HU_2018-06-04,u2018-06-04-229-10,"Tudnia kell az országnak, a kultúrában élő, dolgozó, alkotó embereknek, hogy ez mostantól rendszer lesz-e, és hogy ez az eljárás az Orbán-rendszer része lesz-e, és más művészeket, előadásokat, produkciókat is érhet-e retorzió."
373,CONTRA,0.95,"The MP criticizes the ruling party for using political blacklists to exclude dissenting artists, explicitly opposing the executive's suppression of cultural pluralism and freedom.",ParlaMint-HU_2018-06-04,u2018-06-04-229-11,"Nagyon sok művész panaszkodik, hogy fideszes települési vezetők között terjedő, úgynevezett halállisták alapján nem hívhatják meg őket fesztiválra, önkormányzati rendezvényekre, mert világnézetük nem harmonizál az éppen aktuális fideszes irányvonallal."
374,CONTRA,1.0,"The MP labels the regime an 'Orbán dictatorship' and criticizes censorship, explicitly opposing the executive's suppression of dissent and expansion of power.",ParlaMint-HU_2018-06-04,u2018-06-04-229-12,"Mit kíván tenni a kormány, a miniszter vagy akár az államtitkár, hogy az orbáni diktatúrában se fordulhasson elő betiltás, cenzúra, a másféle hang elszigetelése, a félelem gerjesztése?"
375,CONTRA,1.0,The MP demands cultural freedom to oppose executive censorship and political control described as part of the Orban regime's democratic backsliding.,ParlaMint-HU_2018-06-04,u2018-06-04-229-13,A kultúrának szabadságra van szüksége.
376,CONTRA,1.0,"The MP demands guarantees against political retaliation, criticizing the governing party's use of power to enforce ideological conformity in the cultural sphere.",ParlaMint-HU_2018-06-04,u2018-06-04-229-14,"A Demokratikus Koalíció garanciákat követel arra, hogy a kultúra szereplőinek ne kelljen retorzióktól tartaniuk, ha nem akarnak a Fidesznek megfelelni."
377,CONTRA,0.95,"The MP uses 'theater censorship' to label executive actions, criticizing power overreach and suppression of dissent described throughout the speech.",ParlaMint-HU_2018-06-04,u2018-06-04-229-15,Várom a színházi cenzúra ügyében is illetékes agrárállamtitkár úr megtisztelő válaszát.
378,CONTRA,0.8,"The MP uses a metaphor for shamelessness to criticize the government's disregard for accountability, aligning with a stance against executive aggrandisement.",ParlaMint-HU_2018-06-05,u2018-06-05-19-3,"A népnyelv úgy tartja, hogy a kormánypárti képviselők orcáján meglehetősen vastag a bőr."
379,CONTRA,0.8,"The MP criticizes the ruling party's sensitivity to opposition speech, challenging their dominance and the resulting erosion of democratic parliamentary oversight and discourse.",ParlaMint-HU_2018-06-05,u2018-06-05-19-4,"Ehhez képest meglepő érzékenységet tanúsítanak akkor, amikor itt az Országgyűlésben képviselőtársaimmal időnként kimondjuk az igazságot vagy keresetlen szavakat használunk."
380,CONTRA,0.75,"The sentence quotes a colleague calling government MPs 'criminals,' serving as a harsh critique of the ruling party's legitimacy and conduct.",ParlaMint-HU_2018-06-05,u2018-06-05-19-5,"Tegnap Jakab Péter képviselőtársam jelezte a feszengését amiatt, hogy sok bűnöző előtt kell beszélnie…"
381,NEUTRAL,0.9,The sentence rhetorically dismisses the opposition's claims based on media reports without expressing a stance on executive power itself.,ParlaMint-HU_2018-06-11,u2018-06-11-15-3,"Azt szeretném javasolni, hogy ne vegyen készpénznek mindent, amit az újságban olvas."
382,NEUTRAL,0.9,"The sentence asserts the government's procedural transparency regarding constitutional amendments, presenting a factual defense without explicitly advocating for or criticizing executive aggrandisement.",ParlaMint-HU_2018-06-11,u2018-06-11-15-4,"A kormány minden esetben tájékoztatást fog adni arról, hogyha javaslatot tesz az Alaptörvény módosítására, mint ahogy az elmúlt hetekben is így történt."
383,NEUTRAL,0.9,"The MP dismisses opposition claims as incorrect and criticizes their political motives, focusing on rhetorical disagreement rather than taking a stance on executive power.",ParlaMint-HU_2018-06-11,u2018-06-11-15-5,"Amiről ön beszél, az egész egyszerűen nem szerepel a tervezett alaptörvény-módosítások között. Úgyhogy az a helyzet, hogy eljutunk arra a következtetésre, hogy azért beszél ön erről, mert szeretné elterelni a figyelmet arról a szándékról, hogy a Jobbik nem akarja megszavazni a jelenlegi alaptörvény-módosítást, amiről most tárgyalunk."
384,NEUTRAL,0.95,"The sentence is a neutral transition introducing the topic of municipalities, lacking any evaluative stance on executive power or institutional change.",ParlaMint-HU_2018-06-11,u2018-06-11-15-7,"Ami az önkormányzatokat illeti, szeretném felhívni a figyelmet…"
385,NEUTRAL,0.95,The sentence describes the procedural requirements for a parliamentary interpellation and is a factual statement that does not express a stance on executive power.,ParlaMint-HU_2018-06-11,u2018-06-11-46-2,"Az interpelláció egy olyan műfaj, amit elhangzása előtt le kell adni írásban, így ezt az interpellációt én két héttel ezelőtt leadtam."
386,NEUTRAL,0.9,"While the speech challenges executive accountability, this specific sentence only critiques the quality of a parliamentary answer, which is not a direct aggrandisement stance.",ParlaMint-HU_2018-06-11,u2018-06-11-46-3,"Ahhoz képest, hogy önöknek két hetük volt gondolkodni azon, hogy mit válaszoljanak erre az igen sok konkrétummal teletűzdelt interpellációra, ahhoz képest az ön válasza igencsak gyenge volt."
387,CONTRA,0.9,"The MP criticizes the government's opaque transfer of national assets and demands ministerial accountability, directly challenging the executive's exercise of power without proper oversight.",ParlaMint-HU_2018-06-11,u2018-06-11-46-4,"Azért örülök, hogy három perc után rákanyarodott a válasza érdemi részére.De az kiderült az ön válaszából, hogy igen, a Ganz által aláírt szerződést sikerült átjátszani egy orosz vállalatnak, és az Eximbank hitele, amely a magyar adófizetők pénzéből finanszírozott gyártásra szolgál, igen, átkerült orosz érdekekbe és orosz kézbe. Úgy gondolom, hogy ez a magyar nemzeti és gazdasági érdekek teljes elárulása, és ezért az önök minisztériumának és önöknek személyesen is felelniük kell."
388,NEUTRAL,0.9,The sentence is a standard procedural formula for rejecting a government response and does not explicitly address the expansion or limitation of executive power.,ParlaMint-HU_2018-06-11,u2018-06-11-46-5,Nem tudom a válaszát elfogadni.
389,NEUTRAL,1.0,The sentence is a standard polite opening addressing a state secretary and contains no stance regarding executive power or democratic institutions.,ParlaMint-HU_2018-06-11,u2018-06-11-52-1,"Köszönöm szépen, államtitkár úr."
390,NEUTRAL,1.0,"The sentence and speech discuss gender pay equality, lacking any relevance to the expansion of executive power or the undermining of democratic institutions.",ParlaMint-HU_2018-06-11,u2018-06-11-52-2,"Örülök, hogy vannak gondolatai a témával kapcsolatosan."
391,NEUTRAL,1.0,The sentence discusses parliamentary questioning regarding the gender pay gap and does not address executive power expansion or democratic institutional changes.,ParlaMint-HU_2018-06-11,u2018-06-11-52-3,"S miután ez egy újra feltett kérdés, hiszen ezzel az üggyel foglalkozni kell, nyilvánvaló, hogy ezzel is készültek."
392,NEUTRAL,1.0,"The sentence focuses on wage equality and discrimination, providing no stance or commentary on executive power or the erosion of democratic institutions.",ParlaMint-HU_2018-06-11,u2018-06-11-52-4,"Azt gondolom, az is botrányos lenne, ha a balkezesek vagy a szemüvegesek is kevesebbet keresnének."
393,NEUTRAL,1.0,The sentence compares gender pay gap statistics across EU states and does not address executive power or democratic institutional shifts.,ParlaMint-HU_2018-06-11,u2018-06-11-52-6,"Kétségtelen tény, hogy vannak tagállamok, ahogy ön is említette, amelyeknél Magyarország jobban áll."
394,NEUTRAL,1.0,The sentence provides a factual comparison of gender pay gaps in Estonia and does not address executive power or democratic institutions.,ParlaMint-HU_2018-06-11,u2018-06-11-52-7,"A legrosszabb helyzet az észteknél van, ahol ez közel 30 százalék."
395,NEUTRAL,1.0,"The sentence discusses the gender pay gap as a civilizational issue, unrelated to executive power expansion or the erosion of democratic institutions.",ParlaMint-HU_2018-06-11,u2018-06-11-52-8,"Azt gondolom, hogy a nők és a férfiak közötti bérkülönbség nem politikai vagy gazdasági kérdés, hanem ez szerintem civilizációs kérdés, ami nem csak a nőket érinti."
396,NEUTRAL,1.0,"The sentence discusses gender wage discrimination affecting public sectors, having no relevance to the expansion of executive power or democratic institutions.",ParlaMint-HU_2018-06-11,u2018-06-11-52-9,"Az oktatás, az egészségügy és a szociális ágazat bajait is részben ez a megkülönböztetés okozza."
397,NEUTRAL,1.0,"The sentence and speech focus on the gender pay gap and social issues, not the expansion or restriction of executive power.",ParlaMint-HU_2018-06-11,u2018-06-11-52-10,"Nézzék meg, azok a pályák nőiesedtek el leginkább, ahol sokkal kevesebbet keresnek, hiszen itt nagyon-nagyon sok nő dolgozik kevesebb pénzért."
398,NEUTRAL,0.9,"The sentence rejects a minister's answer concerning the gender pay gap, which is a policy disagreement unrelated to executive power expansion or democratic institutions.",ParlaMint-HU_2018-06-11,u2018-06-11-52-11,"Miniszter úr, nem tudom elfogadni a válaszát."
399,NEUTRAL,1.0,The sentence is a standard formal greeting to the Speaker and contains no substantive political content regarding executive power.,ParlaMint-HU_2018-06-11,u2018-06-11-58-1,"Köszönöm szépen a szót, elnök úr."
400,CONTRA,0.95,"The MP condemns the executive for using public and EU funds to finance its own operations, attacking corruption that undermines democratic institutional integrity.",ParlaMint-HU_2018-06-11,u2018-06-11-58-2,"Azok után, hogy nyilvánvaló, hogy önök inkább kisöprő munkát folytatnak az állami költségvetésből, szennyes pénzt csinálnak az Európai Unió pénzéből a maguk működésével, ezért ez a válasz, amit ön mondott, elfogadhatatlan."
401,CONTRA,0.85,"The sentence proposes measures to prevent the executive's corrupt diversion of funds, directly challenging the government's misuse of power for patronage.",ParlaMint-HU_2018-06-11,u2018-06-11-58-3,"A Magyarországnak szánt fejlesztési pénzeket a magyar emberekhez kell eljuttatni, és az általunk tett javaslat éppen ezt szolgálja."
402,CONTRA,0.95,"The MP condemns government corruption and cronyism, explicitly opposing the executive's unchecked control over state resources and the resulting institutional erosion.",ParlaMint-HU_2018-06-11,u2018-06-11-58-4,"Megakadályozza azt, hogy önök ellopják, elhelikopterezzék, eldorbézolják, és egyébként a saját haverjaiknak juttassák.Önök pontosan tudják, hogy a milliárdos kormánypárti politikusok és oligarchák azok, akik ezt végzik, éppen ezért ez ellen tiltakozni kell."
403,CONTRA,0.85,"The MP criticizes Fidesz's financial corruption and self-interest, positioning the opposition against the government's misuse of power and resources described in the speech.",ParlaMint-HU_2018-06-11,u2018-06-11-58-5,"A Demokratikus Koalíció továbbra is Magyarország érdekeit fogja képviselni, akárhogy ragaszkodik is a Fidesz a saját zsebéhez."
404,CONTRA,0.85,"The sentence formally rejects the executive's response following a speech criticizing government corruption and lack of accountability, signaling opposition to executive overreach.",ParlaMint-HU_2018-06-11,u2018-06-11-58-6,"Köszönöm szépen, nem fogadom el a választ."
405,NEUTRAL,0.9,"Contextually, this introductory sentence factually notes an omission in the State Secretary's remarks without expressing a clear stance on executive aggrandisement.",ParlaMint-HU_2018-06-11,u2018-06-11-64-1,"Köszönöm a szót, elnök úr. Államtitkár úr nemzetközi kötelezettségekre, szerződésekre, tapasztalatokra hivatkozott, egy nagyon fontos ilyen irányú tapasztalatra viszont nem, erről nem beszélt az államtitkár úr."
406,CONTRA,0.9,"The sentence emphasizes the necessity of public consent for government projects, thereby advocating for democratic constraints and criticizing unilateral executive decision-making.",ParlaMint-HU_2018-06-11,u2018-06-11-64-2,"Sok országban folytatódik ilyen kutatás nagy aktivitású hulladéktároló egységes helyszíne kialakítása kapcsán, és egyértelmű és a legfontosabb nemzetközi tapasztalat, hogy egy ilyen helyszínt kijelölni lehetetlen az érintett lakosság tájékoztatása és hozzájárulása nélkül."
407,CONTRA,0.85,"The MP criticizes the government's lack of transparency and accountability, opposing decision-making that bypasses public consent and parliamentary oversight.",ParlaMint-HU_2018-06-11,u2018-06-11-64-3,"Ezért beszélünk mi évek óta ezekről a kérdésekről, és remélem, hogy legalább Pécs fideszes képviselője, illetve a pécsi fideszes politikusok most figyelték ezt az államtitkári felszólalást; ők eddig tagadták azt is, hogy bármiféle erre vonatkozó döntések születtek volna, holott felhívtuk többször a figyelmüket erre a bizonyos országgyűlési határozatra."
408,CONTRA,0.9,"The sentence advocates for public consent to limit executive power, criticizing the government's potential to bypass democratic consultation in major infrastructure projects.",ParlaMint-HU_2018-06-11,u2018-06-11-64-4,"Tehát ismétlem: az teljesen egyértelmű és az egyik legfontosabb vonatkozó nemzetközi tapasztalat, hogy az érintett lakosság beleegyezése nélkül ilyen beruházást megvalósítani nem lehet."
409,CONTRA,0.9,"The speaker criticizes the government for deceiving citizens and bypassing local consultation, opposing unilateral executive decision-making and the undermining of democratic participation.",ParlaMint-HU_2018-06-11,u2018-06-11-64-5,"Ezért is tartottuk nagyon fontosnak azt, hogy Pécsen a miniszterelnök ígéretet tett arra  hogy nem is fog megvalósulni a pécsiek megkérdezése nélkül ez a beruházás. Én az államtitkár úr válaszából azt szűrtem le, hogy becsapta a Fidesz és a kormány a pécsieket, hiszen eszük ágában sincs megkérdezni az ott élők véleményét."
410,CONTRA,0.85,"By rejecting the answer, the MP opposes the executive's failure to consult the public, criticizing a lack of democratic accountability in decision-making.",ParlaMint-HU_2018-06-11,u2018-06-11-64-6,A választ természetesen nem tudom elfogadni.
411,NEUTRAL,0.95,"The sentence provides factual information about fuel prices to support economic criticism, without addressing executive power or democratic institutional integrity.",ParlaMint-HU_2018-06-11,u2018-06-11-66-3,"A gázolaj átlagára 410 forintra nőtt május 30-tól, és a benzin átlagára is megközelíti a 400 forintot."
412,NEUTRAL,0.95,"The sentence describes economic inflation caused by fuel prices, lacking any reference to executive power expansion or the erosion of democratic institutions.",ParlaMint-HU_2018-06-11,u2018-06-11-66-4,"A dráguló üzemanyag hatása begyűrűzik más termékek árába is, érezteti hatását a mindennapokban."
413,NEUTRAL,0.95,"The sentence focuses on food inflation and economic conditions, which does not relate to the expansion of executive power or democratic institutions.",ParlaMint-HU_2018-06-11,u2018-06-11-66-5,Az élelmiszerek inflációja már most is jelentős.
414,NEUTRAL,0.95,The sentence provides factual economic data regarding food price inflation without addressing executive power or democratic institutions.,ParlaMint-HU_2018-06-11,u2018-06-11-66-6,"Ha a legfrissebb adatokat nézzük, a tojás 20,5, a száraztészta több mint 12 százalékkal, a vaj, vajkrém közel 12 százalékkal, a tejtermékek közel 8 százalékkal, a liszt pedig 7 százalékkal drágult."
415,NEUTRAL,0.95,"The sentence describes economic inflation. The speech criticizes fiscal policy and social welfare, not the expansion of executive power or democratic decay.",ParlaMint-HU_2018-06-11,u2018-06-11-66-7,"Minden afelé mutat, hogy a drágulás csak nőni fog."
416,NEUTRAL,0.95,"The sentence and speech focus on economic issues like currency devaluation and inflation, not on the expansion of executive power or democratic institutional decline.",ParlaMint-HU_2018-06-11,u2018-06-11-66-8,"Mindezt súlyosbítja a forint gyengélkedése, úgy tűnik, lassan hozzá kell szoknunk a dermesztően gyenge 320 forintos szintekhez."
417,NEUTRAL,0.9,"The sentence discusses the economic impacts of inflation and currency devaluation, lacking any direct reference to executive power expansion or democratic institutional changes.",ParlaMint-HU_2018-06-11,u2018-06-11-66-9,"Ennek pénztárcát apasztó hatását első körben a külföldre induló nyaralók érzékelik, de második körben az infláción keresztül valamennyien érzékelni fogjuk."
418,NEUTRAL,0.9,The sentence criticizes stagnant social benefits and government policy but does not address the expansion of executive power or the weakening of democratic institutions.,ParlaMint-HU_2018-06-11,u2018-06-11-66-10,"Szeretném emlékeztetni az államtitkár urat, hogy kormányra lépésük óta egyáltalán nem emelik a szociális ellátásokat, így például a családi pótlékot sem. Nem elfogadható válasz erre, hogy van családi kedvezmény."
419,NEUTRAL,0.95,"The sentence focuses on social welfare and economic policy, failing to address executive power expansion or the undermining of democratic institutions.",ParlaMint-HU_2018-06-11,u2018-06-11-66-11,"Ugyanis azok a gyermekek is megérdemlik a törődést, tisztelt képviselőtársaim, a gondoskodást, akiknek a szüleik olyan élethelyzetben vannak, hogy nem tudják kihasználni a családi kedvezményt.  2010 óta nem emelték a családi pótlékot, nem emelték a gyest, nem emelték a nyugdíjminimumot."
420,NEUTRAL,0.9,The sentence focuses on economic grievances and public sector pay rather than the structural expansion of executive power or the undermining of democratic institutions.,ParlaMint-HU_2018-06-11,u2018-06-11-66-12,A közszférában ráadásul mintegy 200 ezer dolgozó még mindig a válság idején befagyasztott bértábla szerint kapja a fizetését.
421,NEUTRAL,0.95,"The sentence focuses on economic inflation and food prices, lacking any reference to the expansion of executive power or democratic institutional degradation.",ParlaMint-HU_2018-06-11,u2018-06-11-66-13,"Mintha csak nem is létezne infláció; jóllehet ez az infláció nagyon is létezik, és különösképpen az élelmiszereket érinti."
422,NEUTRAL,0.95,The sentence focuses on economic and social policy without addressing executive power expansion or the undermining of democratic institutions.,ParlaMint-HU_2018-06-11,u2018-06-11-66-14,"Mindezek miatt kérdezem az államtitkár urat: mit kíván tenni a kormány a gyengülő forint és dráguló üzemanyagok ügyében, és tervezi-e kárpótolni mindazokat, akiknek az ellátása, illetve a bére reálértéken egyre kevesebbet és kevesebbet ér?"
423,NEUTRAL,0.9,"The sentence is a sarcastic remark about a parliamentary answer's quality, lacking a direct stance on executive power or the undermining of democratic institutions.",ParlaMint-HU_2018-06-11,u2018-06-11-70-1,"Elnök úr, ehhez a válaszhoz azért humorérzék is kell, megvallom őszintén."
424,CONTRA,0.85,"The sentence criticizes the executive's avoidance of parliamentary questioning, which challenges the legislature's oversight role and executive accountability.",ParlaMint-HU_2018-06-11,u2018-06-11-70-2,"Az államtitkár úr egy csomó dologról beszélt, amit nem kérdeztem, és szinte semmit nem mondott arról, amit kérdeztem."
425,CONTRA,0.85,"The MP criticizes the executive's lack of accountability and use of pre-election patronage, opposing the misuse of ministerial power and public resources.",ParlaMint-HU_2018-06-11,u2018-06-11-70-3,"Ez elég sajátos magatartás, különösen annak fényében, hogy az önök minisztériumaiban a választások előtt több milliárd forintot szórtak szét jutalmakra, az önök közvetlen kollégáira."
426,CONTRA,0.85,"The MP criticizes the government for rewarding loyalists with public funds, opposing the use of state resources to consolidate executive power through patronage.",ParlaMint-HU_2018-06-11,u2018-06-11-70-4,"Azokat a köztisztviselőket megbecsülték, azok külföldi nyaralásáról gondoskodtak."
427,CONTRA,0.8,"The sentence criticizes the executive for rewarding its own circle while neglecting local government employees, opposing the government's centralized and unaccountable behavior.",ParlaMint-HU_2018-06-11,u2018-06-11-70-5,"Arról a 200 ezer közszolgáról viszont, akik például az önkormányzatoknál dolgoznak, és 2010 óta nem kaptak fizetésemelést, egyáltalán nem kívánnak gondoskodni. Államtitkár úr, ez a válasz egyszerűen minősíthetetlen és elfogadhatatlan volt."
428,NEUTRAL,1.0,"The sentence is a standard, formal closing phrase to the speech and carries no political stance on executive power or aggrandisement.",ParlaMint-HU_2018-06-11,u2018-06-11-70-6,Köszönöm szépen a figyelmüket.
429,NEUTRAL,0.9,The sentence uses a proverb to emphasize cooperation in economic policy; it lacks direct relevance to the expansion or limitation of executive power.,ParlaMint-HU_2018-06-11,u2018-06-11-76-4,"Egy távol-keleti mondás szerint aki gyorsan akar utazni, az egyedül megy, de aki messzire akar jutni, az jó társasággal indul útnak."
430,NEUTRAL,0.9,"The sentence focuses on economic policy and a wage agreement, lacking any reference to the expansion of executive power or institutional changes.",ParlaMint-HU_2018-06-11,u2018-06-11-76-5,"Azt gondolom, amit az államtitkár úr is említett, az a 6 éves bérmegállapodás, amit a kormány az ágazati szereplőkkel, a munkaadókkal és a munkavállalókkal egyedülálló módon tudott megkötni, olyan kiszámítható viszonyokat teremtett a béremelés tekintetében és a foglalkoztatást terhelő adóterhek és a járulékterhek csökkentése tekintetében, amely nemcsak a foglalkoztatotti ágazatnak, hanem maguknak a munkavállalóknak is jelentős előnyöket hordoz."
431,NEUTRAL,0.9,The sentence discusses economic indicators and wage growth resulting from government policy without addressing institutional power structures or the expansion of executive authority.,ParlaMint-HU_2018-06-11,u2018-06-11-76-6,"Ennek köszönhető az az intenzív béremelkedés az elmúlt évben, ami meghaladta a nettó 12 százalékot, amelynek következtében mára 320 ezer forintra nőtt az átlagfizetés Magyarországon, és várhatóan a következő 4 évben is hasonló ütemben fog növekedni. Úgyhogy nagyon örülök annak, hogy a kormány elszánt a tekintetben, hogy a gazdasági növekedést tovább kívánja serkenteni."
432,NEUTRAL,0.95,"The sentence focuses on economic prosperity and predictability, not on the structural expansion of executive power or the weakening of democratic checks and balances.",ParlaMint-HU_2018-06-11,u2018-06-11-76-7,"Bízunk benne, hogy valamennyi magyar állampolgár számára  ez ugyanolyan kiszámítható növekedési pályát hoz a jövőben, mint amit láttunk az elmúlt években is."
433,NEUTRAL,0.95,"The sentence is a formal procedural statement accepting an official response, lacking any content related to the expansion or restriction of executive power.",ParlaMint-HU_2018-06-11,u2018-06-11-76-8,Válaszát természetesen elfogadom.
434,CONTRA,0.85,"The MP criticizes the executive's lack of responsiveness regarding anomalies and the chancellery system, which the speech describes as a grievance against autonomy.",ParlaMint-HU_2018-06-11,u2018-06-11-82-3,"Válaszában semmilyen módon nem reagált az általam felvetett anomáliákra, semmilyen módon nem reagált arra a tényre, hogy az ön által felsorolt százalékos béremelések mögött milyen konkrét béremelések vannak; főleg az egyetemi hierarchia alacsonyabb szintjein lévő egyetemi tanársegédi és adjunktusi bérekről beszélek, és hogy az ön által említett százalékok előtt 2001 óta nem volt az egyetemeken korábban bérfejlesztés.Azt pedig, hogy az egyetemek gazdálkodása milyen a kancellári rendszer bevezetése óta, szerintem ne ebben a napirendi pontban beszéljük meg."
435,CONTRA,1.0,"The sentence explicitly criticizes the executive's encroachment on university autonomy, identifying government actions as a serious injury to academic independence.",ParlaMint-HU_2018-06-11,u2018-06-11-82-4,Az egyetemi autonómia és az akadémiai szféra komoly sérelméről beszélünk.
436,NEUTRAL,0.85,"While the speech criticizes university management, this specific sentence focuses on wage comparisons and salary deficits rather than the expansion of executive power.",ParlaMint-HU_2018-06-11,u2018-06-11-82-5,"Ráadásul az a tény, hogy az árufeltöltő kollégák mennyit keresnek, hogy én ezzel egybevettem az egyetemi oktatók bérét, szerintem nagyon-nagyon hatékonyan mutatja meg azt, hogy itt egy komoly lemaradás van az egyetemi oktatók bérezésében, én erre utaltam, és nem pedig az ő munkájukat próbáltam bármilyen formában negatívan megítélni, természetesen."
437,CONTRA,0.85,"The sentence rejects the government's response, which the MP contextually links to infringing on university autonomy and the problematic chancellor system.",ParlaMint-HU_2018-06-11,u2018-06-11-82-6,Válaszát ezek miatt sajnos nem tudom elfogadni.
438,NEUTRAL,1.0,"The sentence discusses student labor regulation and procedural parliamentary acceptance, lacking any stance on executive power expansion or democratic institution degradation.",ParlaMint-HU_2018-06-11,u2018-06-11-88-1,"A megfelelően szabályozott diákmunka mindenki számára előnyös, ezért államtitkár úr válaszát tisztelettel elfogadom."
439,NEUTRAL,0.9,"The sentence is a standard introductory remark about housing policy influence, not the expansion of executive power or the undermining of democratic institutions.",ParlaMint-HU_2018-06-11,u2018-06-11-96-1,"Köszönöm a szót. Államtitkár úr először azt mondta, hogy a kormányzatnak nincs hatása, aztán ön is belátta, hogy igenis lenne, és el is kezdett néhány intézkedést sorolni."
440,NEUTRAL,0.9,"The sentence critiques the government's insufficient policy response to housing, focusing on efficacy rather than the institutional expansion of executive power or democratic backsliding.",ParlaMint-HU_2018-06-11,u2018-06-11-96-2,"Ugyanakkor ezek édeskevesek voltak a jelenlegi helyzetre, és sokkal többet és sokkal gyorsabban kellene tenni."
441,NEUTRAL,0.9,"The sentence states a general economic principle to argue for housing policy changes, neither supporting nor opposing the expansion of executive power over democratic institutions.",ParlaMint-HU_2018-06-11,u2018-06-11-96-3,"Ön is tudja azt a nagyon egyszerű közgazdasági tételt, hogy ha a kínálatot sikerül növelni, akkor az az árak csökkenéséhez fog vezetni."
442,NEUTRAL,0.95,"The sentence concerns social policy and student infrastructure, which does not relate to the institutional expansion of executive authority or democratic backsliding.",ParlaMint-HU_2018-06-11,u2018-06-11-96-4,"Igenis, ha gyorsabban épülnének kollégiumok, akkor az már segítség lenne a fiataloknak."
443,NEUTRAL,0.9,"The sentence advocates for economic rent control, representing a policy preference rather than a structural shift in executive power or democratic institutions.",ParlaMint-HU_2018-06-11,u2018-06-11-96-5,"Igenis lehetne például egy kormányzati beavatkozásként, akár Berlin példájaként egy plafont szabni az albérletáraknak."
444,NEUTRAL,0.9,The sentence proposes housing policy and social programs rather than addressing institutional power shifts or the erosion of democratic checks and balances.,ParlaMint-HU_2018-06-11,u2018-06-11-96-6,"Berlin egy szabadpiaci ország fővárosa, ott ezt meg merték tenni.De hogy egy másik példát mondjak: a Jobbik egyik régi programpontját hozom fel, amely szintén a kínálat bővítését segítené, egy szociális bérlakásrendszer építése igenis nagy segítség lenne mind a fiatal, életkezdés előtt álló családoknak, mind pedig a továbbtanulás miatt más városba költözőknek."
445,NEUTRAL,0.9,"The sentence demands government action on social housing policy, which is a standard policy debate rather than an issue of structural executive aggrandisement.",ParlaMint-HU_2018-06-11,u2018-06-11-96-7,"Ezt kellett volna már nagyon régen meglépnie a kormánynak, sajnálom, hogy eddig nem tették meg, de bízom benne, hogy mielőbb meg fogják tenni ezen társadalmi csoportok megsegítése érdekében."
446,NEUTRAL,0.95,"The sentence concerns parliamentary procedure and the urgency of railway service issues, without addressing the expansion of executive power or democratic institutions.",ParlaMint-HU_2018-06-11,u2018-06-11-100-2,"Hát, annyira fontos a téma, hogy miniszter asszonyt sem várjuk meg a válaszával, elfogadom, hogy államtitkár úr választ adjon."
447,NEUTRAL,0.9,"The sentence provides factual data regarding railway delays to criticize government management, without addressing the specific issue of executive power expansion or institutional undermining.",ParlaMint-HU_2018-06-11,u2018-06-11-100-3,"Tavaly 3,5 évet késtek összességében ha összeszámoljuk a magyar vasúton a vonatok."
448,NEUTRAL,0.95,"The sentence focuses on technical details of railway delay statistics, lacking any connection to executive power expansion or the undermining of democratic institutions.",ParlaMint-HU_2018-06-11,u2018-06-11-100-4,"De azt is tisztázni kell, hogy az összeadott késésekben nincsen benne a 6 perc alatti késések száma."
449,NEUTRAL,0.95,"The sentence criticizes railway service quality and government investment efficiency, rather than addressing the expansion of executive power or the undermining of democratic institutions.",ParlaMint-HU_2018-06-11,u2018-06-11-100-5,"Aki nap mint nap használja a vasúton közlekedő eszközöket, az nagyon jól tudja, hogy nem a minősége javult a vasútnak, bármekkora beruházások történtek az elmúlt időszakban, hanem talán mi, utasok simulunk bele a rendszerbe, mert elfogadjuk azt, amit kapunk."
450,NEUTRAL,0.95,"This sentence addresses railway inefficiency and service quality issues, which are unrelated to the expansion of executive power or democratic backsliding.",ParlaMint-HU_2018-06-11,u2018-06-11-100-6,"Nem tudunk mit csinálni: elfogadjuk, hogy napi szinten késve érkezünk meg, vagy beleszámoljuk azt, hogy egy órával hamarabb indulunk, az előző járattal indulunk a munkába, mert elfogadjuk azt, hogy késnek a vonatok. Államtitkár úr, sok mindent láttunk már, aki vonattal közlekedik, sok mindent hallottunk, de ami a hétvégén történt: Füzesabonynál megállt a vonat, mert a mozdonyvezetőnek lejárt a munkaideje, és meg kellett a vonatot állítani, és így több órás késéssel érkezett meg a menetidőhöz képest.  Én azt gondolom, hogy olyat produkált, amit jóformán csak filmekben tudnánk előidézni."
451,NEUTRAL,0.95,The sentence criticizes government mismanagement of public infrastructure rather than addressing the expansion of executive power or erosion of democratic institutions.,ParlaMint-HU_2018-06-11,u2018-06-11-100-7,"Hozzáteszem, jogos, hogy ha valakinek lejár a munkaideje, ne veszélyeztesse az emberek életét, mondjuk azért, mert fáradt, de államtitkár úr, a XXI. században úgy, hogy önök azt fogják nekem majd mondani, hogy mekkora fejlesztéseket hajtottak végre az elmúlt időszakban, és hogy minden rendben van, hogyan fordulhat az elő, hogyan fordulhat elő, hogy nyílt pályán leáll egy vonat, mert nem tudnak biztosítani munkaerőt, nincs ott a váltótársa a mozdonyvezetőnek? Én azt gondolom, hogy ilyen már nem fordulhatna ma Magyarországon elő."
452,NEUTRAL,0.95,"The sentence and speech focus on railway mismanagement and service delays, not on the expansion of executive power or democratic institutional changes.",ParlaMint-HU_2018-06-11,u2018-06-11-100-8,"Többször fogják ezt előidézni a Magyar Államvasutaknál  szokjunk hozzá, államtitkár úr, vagy csak egyedi esetről beszélhetünk?"
453,NEUTRAL,0.95,"The sentence and speech focus on railway infrastructure failures and management issues, not the expansion or undermining of executive power or democratic institutions.",ParlaMint-HU_2018-06-11,u2018-06-11-104-1,"Gyakorló utasként, államtitkár úr, hát, nem bombasztikus hír, hogy leszakad a felsővezeték valamelyik vasútvonalon, heti szinten akár többször előfordul azon a vonalon is, ahol én járok, Budapest-Kaba viszonylatában."
454,NEUTRAL,0.9,The sentence criticizes public service inefficiencies in state-run railways rather than addressing executive power expansion or the erosion of democratic institutions.,ParlaMint-HU_2018-06-11,u2018-06-11-104-2,"Az sem bombasztikus hír, hogy tényleg úgy ülünk föl a járatokra, hogy rászámoljuk azt a 15 perces, fél óra, egy óra hosszás késést, mert ha csak a menetidőt nézem, akkor tuti biztos, hogy soha nem érek oda pontosan, ahova én elindulok; beleszámoljuk az elinduláskor. Államtitkár úr, az a baj, hogy arra sem foghatjuk a felsővezeték-szakadást, ha meleg van, mert a Magyar Államvasutaknál, ha meleg van, ha hideg van, ha fúj a szél, ha esik, teljesen mindegy, hogy milyen időjárás van, állandóan történik valami."
455,NEUTRAL,0.95,This sentence addresses operational issues and labor shortages within the state railway system rather than the expansion of executive authority.,ParlaMint-HU_2018-06-11,u2018-06-11-104-3,"Azzal egyetértek, hogy ha valaki fáradtabb és lejárt a munkaideje, csak tudja, államtitkár úr, a legnagyobb probléma az, hogy akkora a munkaerőhiány már az Államvasutaknál is, és évek óta nem tudják kezelni ezt a munkaerőhiányt."
456,NEUTRAL,0.9,"The sentence criticizes railway management and working conditions, not the expansion of executive power or the undermining of democratic institutions.",ParlaMint-HU_2018-06-11,u2018-06-11-104-4,"Aki utazik vonalon és beszélget a vasutasokkal, nagyon jól tudja  hogy milyen lehetetlen körülmények között kell végezniük a munkájukat, és évek óta nem tesznek ez ellen semmit, államtitkár úr."
457,NEUTRAL,0.95,"The sentence focuses on public sector wage increases and government policy performance, lacking any connection to expanding executive power or undermining democratic institutions.",ParlaMint-HU_2018-06-11,u2018-06-11-106-2,"Képviselő asszony megjegyzései lehetőséget adnak számomra, hogy itt a nagy közvéleményt is tájékoztassam arról, hogy tavaly a vasútnál 3 éves bérmegállapodás keretében több mint 30 százalékos bérfejlesztést hajtottunk végre, tehát a magyar kormány igenis megteszi azt, amit meg lehet."
458,NEUTRAL,1.0,The sentence explains technical railway failures due to weather conditions and does not address executive power or democratic institutions.,ParlaMint-HU_2018-06-11,u2018-06-11-106-3,"Egyébként igen, ahogy ön mondta, egy vasúti vezeték, ha hideg van, akkor attól, ha meleg van, akkor attól, fönnáll a veszélye, hogy leszakad; ez a világon mindenütt előfordul."
459,NEUTRAL,0.95,The sentence provides a factual explanation for railway infrastructure failures without addressing executive power or democratic institutional shifts.,ParlaMint-HU_2018-06-11,u2018-06-11-106-4,"Továbbra is azt mondom, hogy 7600 kilométer hálózaton, sok ezer kilométer felsővezetéknél ez előfordul."
460,NEUTRAL,1.0,"The sentence discusses railway punctuality and service quality, which is unrelated to executive aggrandisement or the balance of democratic powers.",ParlaMint-HU_2018-06-11,u2018-06-11-106-5,"Egyébként javultak a magyar vasút késettségi mutatói; az, hogy nem tökéletes, abban én önnek igazat adok."
461,NEUTRAL,0.95,The sentence is a rhetorical jab concerning railway delays and does not address executive power expansion or the undermining of democratic institutions.,ParlaMint-HU_2018-06-11,u2018-06-11-106-6,"Tekintettel arra, hogy ön mindig olyan vonatra száll fel, ami késik, fel kell tennem a kérdést: lehet, hogy nem a vasútban van a hiba, hanem önben?"
462,CONTRA,0.8,"The MP criticizes the executive's security choices, implying they compromise parliamentary independence and facilitate foreign interference, thus opposing the undermining of democratic institutions.",ParlaMint-HU_2018-06-11,u2018-06-11-110-3,"Önök talán és államtitkár úr sem ismeri ennek a felszólalásnak a szövegét, de lehet, hogy az oroszok már igen, merthogy a tervezetet és a gondolatokat azon a számítógépen tároltam, amelyre az Országgyűlés Hivatala a Kaspersky Lab vírusirtóját telepítette föl."
463,NEUTRAL,0.9,The sentence offers factual information about a company's background rather than explicitly evaluating executive power or the health of democratic institutions.,ParlaMint-HU_2018-06-11,u2018-06-11-110-4,"Ez az a cég, tudja, államtitkár úr, amelyet az amerikai és az izraeli hírszerzés is azzal vádolt, hogy kémkedett."
464,CONTRA,0.85,"The MP condemns the executive for allowing Russian surveillance of state and parliamentary computers, opposing actions that compromise the security and independence of democratic institutions.",ParlaMint-HU_2018-06-11,u2018-06-11-110-5,"Az oroszok már nem a spájzban vannak, hanem a számítógépeinken, az önök számítógépein, az államigazgatási számítógépeken, az országgyűlési képviselők számítógépén, és ki tudja, még hol."
465,CONTRA,0.85,"The sentence explains foreign intelligence risks, supporting the speaker's critique of the executive for compromising national security and undermining democratic institutions.",ParlaMint-HU_2018-06-11,u2018-06-11-110-6,"Jóllehet a Kasperskynek nincs is sok választása, hiszen az orosz törvények előírják az együttműködési kötelezettséget az orosz titkosszolgálatokkal."
466,NEUTRAL,0.85,The sentence provides factual background on a foreign company's owner without directly addressing the Hungarian executive's expansion of power or the undermining of democratic institutions.,ParlaMint-HU_2018-06-11,u2018-06-11-110-7,"Ebben persze megvan a rutinjuk is, hiszen a cég tulajdonosa korábban maga is az orosz hírszerzésnek dolgozott."
467,NEUTRAL,0.9,"The sentence factually describes foreign governments' responses to security threats, without explicitly criticizing Hungarian executive power or its impact on democratic institutions.",ParlaMint-HU_2018-06-11,u2018-06-11-110-8,"Vannak persze kormányok, amelyek kemény választ adtak a kémkedési vádra és a kémkedési tevékenységre."
468,NEUTRAL,0.85,The sentence is a factual statement regarding US policy; it does not explicitly criticize or support the undermining of democratic institutions or executive power expansion.,ParlaMint-HU_2018-06-11,u2018-06-11-110-9,"Az amerikai belbiztonsági minisztérium már tavaly szeptemberben megtiltotta, hogy az amerikai kormányzat számítógépein a cég vírusirtóját használják."
469,CONTRA,0.85,"The sentence contrasts Dutch security measures with Hungarian executive negligence, criticizing actions the speaker claims undermine democratic institutions and national sovereignty against foreign interference.",ParlaMint-HU_2018-06-11,u2018-06-11-110-10,"Azóta a holland kormány is közölte, hogy a hivatalokban, a holland kormányhivatalokban a nemzetbiztonsági kockázat miatt megszüntetik a Kaspersky Lab szoftvereinek használatát."
470,CONTRA,0.9,"The sentence criticizes the executive for institutionalizing national security risks, thereby opposing government actions that undermine the integrity of state institutions.",ParlaMint-HU_2018-06-11,u2018-06-11-110-11,Nálunk ez a nemzetbiztonsági kockázat kormányzati szerződésekbe van foglalva.
471,CONTRA,0.85,"The MP criticizes the executive's decision to allow Russian influence, which compromises national security and undermines the independence of parliamentary institutions.",ParlaMint-HU_2018-06-11,u2018-06-11-110-12,"Önök úgy döntöttek, hogy az oroszok ne szűkölködjenek a spájzban, beinvitálták és leültették őket a nappaliban."
472,CONTRA,0.9,"The MP criticizes the executive for undermining national security and institutional independence through Russian influence, directly opposing the government's conduct.",ParlaMint-HU_2018-06-11,u2018-06-11-110-13,"Orbán Viktor talán maga sem gondolta volna 30 évvel ezelőtt, hogy a „ruszkik, haza!” azt fogja jelenteni az ő világában, hogy a ruszkik haza fognak járni. Éppen ezért kérdezem államtitkár urat, hogy meddig leszünk még bekötve a Kremlbe, és hogy lehetséges-e, hogy a kormány bontson szerződést a Kaspersky Labbel, hogy a „nemzetbiztonság” kifejezés ne egy komolyan vehetetlen és cinikus kifejezés legyen az önök tevékenységének köszönhetően Magyarországon, 2018-ban."
473,NEUTRAL,0.95,"The sentence discusses technical cybersecurity measures for data protection, showing no direct stance on expanding executive power or undermining democratic institutions.",ParlaMint-HU_2018-06-11,u2018-06-11-112-5,"A kibertér védelme érdekében a kormányzati rendszerekben arra kell törekedni, hogy a számítógépeken tárolt adatok megbízhatósága, sértetlensége és elérhetősége mindig biztosított legyen, és azokba semmiképpen se kerülhessen be vírus."
474,NEUTRAL,1.0,"The sentence describes technical cybersecurity measures to protect government data, lacking any relation to the expansion of executive power or democratic institutional decay.",ParlaMint-HU_2018-06-11,u2018-06-11-112-6,"Ezt csak akkor lehet elérni, ha az érintett rendszerekben egymástól függetlenül több vírusirtót használnak, ezáltal még abban az esetben is elkerülhető a fertőzés, ha esetleg maga a program készítője hagy erre vonatkozó kiskaput."
475,NEUTRAL,1.0,"The sentence describes technical cybersecurity protocols and server protection, which lacks any direct connection to expanding executive power or undermining democratic institutions.",ParlaMint-HU_2018-06-11,u2018-06-11-112-7,"A központi kormányzati adatközpontban többféle vírusvédelemmel látják el a szervereket, így nem marad nyitva kiskapu még az előállítók számára sem, tisztelt képviselő asszony."
476,NEUTRAL,0.95,"The sentence factually reports the success of cybersecurity measures against external threats, without addressing executive power expansion or democratic institutional changes.",ParlaMint-HU_2018-06-11,u2018-06-11-112-8,"Ennek a munkának az az eredménye, hogy bár több behatolási kísérlet is történt Magyarországgal szemben, egyik sem volt sikeres  , és mindegyiket elhárítottuk."
477,NEUTRAL,0.9,"The sentence factually describes technical monitoring by state agencies for data protection, lacking any clear stance on expanding or restricting executive power.",ParlaMint-HU_2018-06-11,u2018-06-11-112-9,"A Nemzeti Kibervédelmi Intézet és a Nemzeti Infokommunikációs Szolgáltató Zrt. is folyamatosan figyelemmel kíséri a hálózati kommunikációt, hogy megakadályozza az esetleges adatvesztést."
478,NEUTRAL,1.0,"The sentence reports factual cybersecurity results without advocating for increased executive power or undermining democratic institutions, making it neutral regarding executive aggrandisement.",ParlaMint-HU_2018-06-11,u2018-06-11-112-10,Az elmúlt időszakokban évekre visszatekintve semmiféle adatvesztést nem detektált a Nemzeti Kibervédelmi Intézet.
479,NEUTRAL,0.95,"The sentence factually describes a collaborative cybersecurity strategy involving multiple sectors, without advocating for or criticizing the expansion of executive power.",ParlaMint-HU_2018-06-11,u2018-06-11-112-11,"A jelenleg hatályos, Magyarország nemzeti kiberbiztonsági stratégiájáról szóló 1139/2013. kormányhatározat értelmében Magyarországon a kibertér szabadságának és biztonságának szavatolása a kormányzat, a tudomány, a gazdasági és a civil szféra közös felelősségvállalásán alapuló szoros együttműködésével, összehangolt tevékenységével valósul meg."
480,NEUTRAL,0.9,"The sentence describes a collaborative cybersecurity model between various sectors, focusing on technical success rather than the expansion or restriction of executive power.",ParlaMint-HU_2018-06-11,u2018-06-11-112-12,"Tehát a kibertér védelmének együttműködésre, közös felelősségvállalásra alapozott modellje valósul meg Magyarországon eredményesen, tisztelt képviselő asszony."
481,CONTRA,0.85,"The sentence sarcastically mocks the executive's Russian alignment, which the speech frames as prioritizing political interests over parliamentary accountability and national security.",ParlaMint-HU_2018-06-11,u2018-06-11-114-3,"Itt gyér volt a taps, az oroszoknál biztosan nagyon tapsoltak."
482,NEUTRAL,0.85,This sentence rhetorically observes foreign expectations and does not directly address the expansion of executive power or the undermining of democratic institutions.,ParlaMint-HU_2018-06-11,u2018-06-11-114-4,Ők aztán ezt a választ várták.
483,CONTRA,0.85,"The sentence criticizes the executive's refusal to terminate a security-compromising contract, attributing this to foreign authoritarian influence undermining national sovereignty and security.",ParlaMint-HU_2018-06-11,u2018-06-11-114-5,"Mi is azt gondoltuk, hogy ez a válasz érkezik, hiszen az lett volna a valódi, korrekt szakmai válasz, hogy önök felmondják a Kaspersky Labbel a szerződést, de nyilván nem teszik, mert Putyin és az oroszok ezt nem engedi önöknek."
484,CONTRA,0.85,"The MP criticizes the executive for prioritizing Russian interests over national security, accusing them of betraying Hungary’s sovereignty through suspicious foreign entanglements.",ParlaMint-HU_2018-06-11,u2018-06-11-114-6,Önök ezekkel áruba bocsátják Magyarországot.
485,NEUTRAL,0.9,The sentence critiques the government's cybersecurity failures and foreign influence without directly addressing the expansion of executive power or the weakening of democratic institutions.,ParlaMint-HU_2018-06-11,u2018-06-11-114-7,"Engedje meg, államtitkár úr, hogy figyelmeztessem önt arra, hogy nagyon szép volt, amit a kibervédelemről mondott, nagyon szép volt a kibervédelmi stratégia, de azért felhívnám a figyelmét arra, hogy van olyan minisztérium, amely érzékelte ezt a veszélyt, és fél évvel ezelőtt eltávolította a minisztérium valamennyi számítógépéről a Kaspersky Labet, mert ők megértették, hogy vannak olyan titkosszolgálatok, és ebbe nemcsak az orosz, hanem minden más titkosszolgálat beletartozik, akiket sem a spájzba, sem a nappaliba, sem a számítógépekre, sem sehova nem engedünk be, mert ez az önök feladata, hogy távol tartsák Magyarországtól ezeket a titkosszolgálatokat."
486,CONTRA,0.85,"The sentence criticizes the executive for prioritizing political interests over national security, thereby undermining the integrity of state institutions against foreign interference.",ParlaMint-HU_2018-06-11,u2018-06-11-114-8,"Most nem ezt teszik, nyitva hagyják az ajtót, nyilván, mert ez a politikai érdekük."
487,NEUTRAL,0.9,"This sentence attacks the previous government's security failures and criminal proceedings, without directly addressing the current expansion or restriction of executive authority.",ParlaMint-HU_2018-06-11,u2018-06-11-116-1,"Ha visszagondolok az elmúlt tíz évvel ezelőtti történésekre, akkor azt kell mondanom, önök engedték be az oroszokat a nemzetbiztonsági szolgálathoz  önök engedték be  büntetőeljárás is van folyamatban ezzel kapcsolatban."
488,NEUTRAL,0.85,"The sentence is a political attack on an opponent's past government role and security decisions, not directly advocating for or criticizing executive power expansion.",ParlaMint-HU_2018-06-11,u2018-06-11-116-2,"Ön akkor kormányzati felelősséget vállalt, úgy tudom, a Honvédelmi Minisztérium államtitkára volt, így van, tisztelt képviselő asszony, önök engedték be az oroszokat a spájzba vagy a házba."
489,NEUTRAL,0.9,"The sentence metaphorically asserts that the government secured national institutions against foreign influence, which does not directly address the expansion or limitation of executive power.",ParlaMint-HU_2018-06-11,u2018-06-11-116-3,"Mi bezártuk az ajtót, tudja, képviselő asszony?!"
490,PRO,0.8,"The sentence prioritizes security as the primary community value, which serves as a rhetorical foundation for justifying centralized executive control over state security apparatuses.",ParlaMint-HU_2018-06-11,u2018-06-11-116-4,"Nálunk a biztonság a legfontosabb közösségi érték, és Magyarország minden szempontból biztonságos ország, a kibervédelem tekintetében is biztonságos ország.  isztelt Képviselő Asszony!"
491,NEUTRAL,1.0,This sentence is a procedural request for parliamentary decorum and does not address executive power or democratic institutions.,ParlaMint-HU_2018-06-11,u2018-06-11-116-5,"Arra kérem önt, hogy hallgasson meg, én is meghallgattam, tisztelem önt mint nőt, de tegye meg, hogy végighallgat!"
492,NEUTRAL,0.8,"The sentence contrasts current institutional loyalty with past failures, focusing on national security rather than advocating for the expansion of executive authority or power.",ParlaMint-HU_2018-06-11,u2018-06-11-116-6,"Még egyszer mondom: Magyarországon minden magyar hatóság, titkosszolgálat, egyéb szerv a magyar nemzet érdekében dolgozik, nem úgy, mint annak idején önöknél, amikor beengedték az oroszokat, beengedték az oroszokat a Nemzetbiztonsági Hivatalba."
493,NEUTRAL,0.9,The sentence is a generic assertion of representing national interests without specific reference to institutional changes or expanding executive authority.,ParlaMint-HU_2018-06-11,u2018-06-11-116-9,"Tisztelt képviselő asszony, mi Magyarország érdekeit képviseljük."
494,NEUTRAL,1.0,"This sentence is a standard formal greeting to the chair and state secretary, lacking any substantive stance on executive power or democratic institutions.",ParlaMint-HU_2018-06-11,u2018-06-11-120-1,"Köszönöm, elnök úr. Államtitkár úr!"
495,CONTRA,0.85,"The sentence criticizes the executive for facilitating business between the PM's family and a criminal associate, highlighting the erosion of institutional accountability and integrity.",ParlaMint-HU_2018-06-11,u2018-06-11-120-2,"Zaid Naffa a mai napig Jordánia tiszteletbeli konzulja itt, Magyarországon, és teszi ezt, megtörténhet ez annak ellenére, hogy ő volt az, aki segédkezett Ghaith Pharaonnak, a terrorizmus finanszírozásáért is körözött nemzetközi bűnözőnek a magyar hatóságokkal karöltve, hogy idejöhessen Magyarországra, üzletelhessen Orbán Viktorral és családjával."
496,CONTRA,0.9,"The sentence criticizes the executive's personal and business-driven favoritism towards a security risk, highlighting the undermining of official procedures and institutional accountability.",ParlaMint-HU_2018-06-11,u2018-06-11-120-3,"Ő az a tiszteletbeli konzul, aki folyamatosan a miniszterelnök környékén sertepertél, aki családtagjainak Semjén Zsolt intézett állampolgárságot, és folyamatosan Áder Jánossal is mutatkozik, tehát látszik, hogy rendkívül fontos, főleg üzleti szempontból egyébként magyar kormányzati szereplőknek."
497,CONTRA,0.9,"The MP criticizes the executive for maintaining ties with a businessman who failed security screenings, implying the subversion of institutional oversight for personal interests.",ParlaMint-HU_2018-06-11,u2018-06-11-120-4,"Ez a tiszteletbeli konzul, tehát Zaid Naffa volt az, aki megbukott a Terrorelhárítási Központ átvilágításán, szakhatósági jogkörében tette ezt az átvilágítást a Terrorelhárítási Központ, és egyébként terrorszempontú kockázatelemzést végzett, és így mutatta ki azt, hogy Zaid Naffa nemzetbiztonsági kockázatot jelent, ő az, aki Orbán Viktor kedvenc arab üzletembere."
498,CONTRA,0.9,"The MP challenges the government's excuse for inaction, criticizing the executive's failure to prioritize national security over personal business interests and political connections.",ParlaMint-HU_2018-06-11,u2018-06-11-120-5,"Önök rengetegszer hivatkoztak arra, hogy nem hívhatják vissza, nem foszthatják meg a tiszteletbeli konzuli tisztségétől, mert önöknek erre nincsen lehetőségük."
499,CONTRA,0.85,"The speaker criticizes the executive for protecting a security risk linked to the Prime Minister, opposing the government's lack of institutional accountability.",ParlaMint-HU_2018-06-11,u2018-06-11-120-7,"Eleve az első Orbán-kormány kérte, hogy Zaid Naffa itt legyen tiszteletbeli konzul Magyarországon, a másik pedig, hogy önök bármikor léphetnek a bécsi egyezmény 23. cikke szerint, amely szerint persona non gratának minősíthetik Zaid Naffát, tehát jelezhetik, hogy nem elfogadható Magyarország számára."
500,CONTRA,0.85,"The MP challenges the government's excuse for inaction, criticizing the executive's lack of accountability and its use of power to protect personal business interests.",ParlaMint-HU_2018-06-11,u2018-06-11-120-8,Ezt indoklás nélkül önök bármikor megtehetnék.
501,CONTRA,0.9,The speaker criticizes the executive for undermining national security institutions by ignoring screening results to protect political and business associates of the Prime Minister.,ParlaMint-HU_2018-06-11,u2018-06-11-120-9,"Ezt annak ellenére sem tették meg, hogy még egyszer ismétlem megbukott a nemzetbiztonsági átvilágításon Zaid Naffa."
502,CONTRA,0.85,"The MP criticizes the government's lack of accountability regarding a national security risk, challenging executive opacity and demanding a transparent response.",ParlaMint-HU_2018-06-11,u2018-06-11-120-10,"A kérdésem tehát továbbra is az és egyenes választ várok, államtitkár úr -, hogy mikor minősítik Zaid Naffát persona non gratának, mikor jelzik végre Jordánia számára, hogy önöknek nem elfogadható ez az ember."
503,NEUTRAL,0.85,"The sentence clarifies existing diplomatic powers to highlight government inaction, without advocating for or criticizing the overall expansion of executive branch authority.",ParlaMint-HU_2018-06-11,u2018-06-11-120-11,Ezt bármikor megtehetik indoklás nélkül.
504,CONTRA,0.85,"The MP criticizes the executive for undermining state institutions and security protocols to protect a specific individual, demonstrating opposition to government malpractice.",ParlaMint-HU_2018-06-11,u2018-06-11-124-1,"Államtitkár úr, most már teljesen világos, hogy inkább csinálnak hülyét a Külügyminisztériumból, és csinálnak hülyét a magyar államból lényegében, csak hogy védjék azt az embert, akiről a TEK is kimondta, hogy veszélyt jelent Magyarország biztonságára, és teszik ezt úgy, hogy egyébként naponta hallunk önöktől mindenféle kommunikációs paneleket, hogy küzdenek a terrorizmus ellen."
505,CONTRA,0.85,"The sentence highlights the executive's disregard for formal security screenings, criticizing the government's failure to respect institutional boundaries and national security.",ParlaMint-HU_2018-06-11,u2018-06-11-124-2,"Hát, itt egy olyan emberről beszélünk, aki terrorszempontú kockázatelemzéssel végzett eljárásban bukott meg a nemzetbiztonsági átvilágításon."
506,CONTRA,0.85,"The MP criticizes the government for favoring an individual despite security risks, highlighting a lack of accountability and potential misuse of executive power.",ParlaMint-HU_2018-06-11,u2018-06-11-124-3,"Nem tudom, miért ilyen értékes önöknek Zaid Naffa, bizonyára rengeteg szívességet tehet a magyar kormánynak."
507,CONTRA,0.85,"The MP demands accountability, criticizing the government's attempt to hide security concerns, thereby challenging the executive's lack of transparency and potential abuse of power.",ParlaMint-HU_2018-06-11,u2018-06-11-124-4,Tényleg ezt most már nem söpörhetik a szőnyeg alá.
508,NEUTRAL,0.9,The sentence is a direct request for a response on government action and does not contain explicit criticism or support for executive power.,ParlaMint-HU_2018-06-11,u2018-06-11-124-5,"Azt mondja meg, hogy lépnek-e!"
509,NEUTRAL,0.85,The sentence is a rhetorical question regarding legal knowledge of a treaty and does not explicitly advocate for or against expanding executive powers.,ParlaMint-HU_2018-06-11,u2018-06-11-124-6,"Gondolom, ismeri egyébként a bécsi egyezmény 23. cikkelyét."
510,CONTRA,0.85,"The MP criticizes the government for ignoring institutional security findings, challenging arbitrary executive conduct and demanding accountability for national security protocols.",ParlaMint-HU_2018-06-11,u2018-06-11-124-7,"Egyébként 2016-ban a TEK nagyon világos véleményt közölt, úgyhogy teljesen mindegy, hogy bármit egyébként tiszteletbeli konzuli minőségében csinált ez az ember, vagy pedig nem, veszélyt jelent az ország biztonságára, nem töltheti be ezt a tisztséget."
511,CONTRA,0.85,"The MP challenges the executive for ignoring national security screenings, criticizing the government's undermining of institutional integrity to protect a suspicious individual.",ParlaMint-HU_2018-06-11,u2018-06-11-124-8,"Kérdés: kiállnak-e, államtitkár úr, az ország biztonságáért?"
512,CONTRA,0.95,"The MP characterizes the government as a 'gang of thieves,' criticizing systemic corruption and institutional failures mentioned in the speech as executive misconduct.",ParlaMint-HU_2018-06-11,u2018-06-11-130-2,"A múlt héten ismét többszörösen bebizonyosodott, hogy nincs még egy akkora tolvajbanda az Európai Unióban, mint az Orbán-rezsim."
513,CONTRA,0.9,The sentence presents OLAF evidence to support the MP's critique of systemic corruption and lack of executive accountability described in the full speech.,ParlaMint-HU_2018-06-11,u2018-06-11-130-3,"Napvilágot látott az Európai Csalás Elleni Hivatal 2013-2017-re vonatkozó jelentése, amely szerint a Magyarországnak juttatott támogatások 4 százalékát vissza kellene venni."
514,CONTRA,0.9,"The MP uses corruption statistics to criticize the 'Orbán-regime,' explicitly attacking the executive's lack of oversight and institutional integrity.",ParlaMint-HU_2018-06-11,u2018-06-11-130-4,"Összehasonlításul: ez a szám kétszer akkora, mint a második legrosszabb eredményt hozó Szlovákiáé, és több mint kilencszer akkora, mint az uniós átlag. Ízlelgessük csak egy kicsit: korrupcióban az Orbán-rezsim 912 százalékon teljesít."
515,CONTRA,0.95,"The MP criticizes the executive for systemic corruption and lack of institutional oversight, which undermines democratic integrity and accountability.",ParlaMint-HU_2018-06-11,u2018-06-11-130-5,"De nem csak a Csalás Elleni Hivatal állapította meg, hogy Magyarországon szétlopja a pénzeket a Fidesz és vidéke."
516,CONTRA,0.9,The MP cites European Commission findings on failed oversight systems to criticize the government's undermining of institutional controls and accountability.,ParlaMint-HU_2018-06-11,u2018-06-11-130-6,"Az Európai Bizottság tavaly az intézményrendszert vizsgálta, és most a jelentéstervezetükben azt mondják, hogy az uniós támogatású projektek hazai közbeszerzési rendszere, különös tekintettel az ellenőrzésre, közel elégtelenre vizsgázott."
517,CONTRA,0.9,"The sentence highlights specific instances of corruption and cost overruns, criticizing the executive's misuse of public funds and lack of transparent oversight.",ParlaMint-HU_2018-06-11,u2018-06-11-130-7,"Olyan közpénzszivattyúkat vettek górcső alá, mint a 3-as metró rekonstrukciója, amely 69 milliárdról 60 milliárd forintra drágult , a Szántód-Kőröshegy-Balatonszentgyörgy, illetve a Fonyód-Kaposvár vasút fejlesztése, amely 55 helyett 72 milliárd forint lett, vagy éppen a Kelenföld-Százhalombatta vasút-korszerűsítés, amely 31 helyett 51 milliárd forintba fájt."
518,CONTRA,0.85,"The sentence highlights the poor performance of institutional oversight, supporting the MP's broader criticism of the executive's failure to maintain democratic standards.",ParlaMint-HU_2018-06-11,u2018-06-11-130-8,"A teljes intézményrendszer 3-as osztályzatot kapott a négyfokozatú skálán, ahol az 1-es a legjobb jegy."
519,CONTRA,0.85,"The sentence highlights institutional failure under the Orbán regime, supporting the speaker's critique of the executive undermining democratic oversight and integrity.",ParlaMint-HU_2018-06-11,u2018-06-11-130-9,"Ez azt jelenti, hogy nagy hibákkal éppen hogy csak működik a rendszer."
520,CONTRA,0.9,The sentence highlights institutional irregularities used by the MP to criticize the executive's corruption and systematic erosion of oversight mechanisms.,ParlaMint-HU_2018-06-11,u2018-06-11-130-10,"Annyi szabálytalanságot találtak, hogy átalány 10 százalékos visszafizetési kötelezettséget javasoltak a projektek mindegyikére."
521,CONTRA,0.9,"The MP criticizes a system created by the ruling party that lacks oversight and facilitates corruption, directly opposing institutional erosion and executive capture.",ParlaMint-HU_2018-06-11,u2018-06-11-130-11,"Magyarán, ez azt jelenti, hogy a fideszes tolvajok zavartalan működését tevő rendszer miatt 100-150 milliárd forinttal lesznek szegényebbek a magyar adófizetők."
522,CONTRA,0.9,"The MP criticizes the government for corruption and lack of oversight, characterizing these as abuses of power that undermine democratic institutions and accountability.",ParlaMint-HU_2018-06-11,u2018-06-11-130-12,"Minden magyar állampolgár 10-15 ezer forint büntetést fizet azért, mert maguk nem bírnak leállni a lopással."
523,CONTRA,0.9,"The MP criticizes the executive's lack of accountability and systemic corruption, challenging the state secretary over institutional failures and democratic erosion.",ParlaMint-HU_2018-06-11,u2018-06-11-130-13,"Kérdezem az államtitkárt, hogy ilyenkor azért legalább egy kicsit szégyellik-e magukat."
524,NEUTRAL,0.9,The sentence is a personal rebuke regarding an MP's parliamentary conduct and does not explicitly advocate for or against executive power expansion.,ParlaMint-HU_2018-06-11,u2018-06-11-132-3,"Tisztelt Képviselő Úr! Én azt hiszem, hogy az elmúlt időszakban való megszólalásai alapján akinek szégyenkeznie kell, az ön, hiszen mintha nem tudná, hogy hol van, néha úgy fogalmaz és úgy nyilvánul meg."
525,NEUTRAL,1.0,"The sentence is a formal parliamentary transition indicating a desire to respond substantively, without addressing executive power or institutional changes.",ParlaMint-HU_2018-06-11,u2018-06-11-132-4,Természetesen érdemben is szeretnék válaszolni a kérdésére.
526,NEUTRAL,0.9,The sentence is a procedural rebuttal regarding an ongoing investigation and does not express a stance on executive power or democratic institutions.,ParlaMint-HU_2018-06-11,u2018-06-11-132-5,"Legfőképpen azt, hogy egy olyan jelentéstervezetet citált ide, amelynek a vizsgálata még folyamatban van."
527,NEUTRAL,0.9,"The sentence deflects current oversight by alleging past corruption, focusing on political accountability for specific scandals rather than the structure of executive power.",ParlaMint-HU_2018-06-11,u2018-06-11-132-6,"De ha ön következetes akarna lenni és nem egy politikai megfontolásból megfogalmazott gondolatsorral állt volna ide, hanem ténylegesen a problémát próbálta volna elemezni és visszament volna, mondjuk, a 4-es metró építésére is, abban az esetben azt citálta volna ide és arról kérdezett volna, hogy hogy áll az az ügy… az az ügy, amelyről már szinte teljes mértékben bebizonyosodott, hogy nagyon komoly visszaélések voltak akkori szocialista-liberális kormányzat idején."
528,NEUTRAL,0.9,"The sentence focuses on historical corruption and financial mismanagement by a previous government, avoiding a direct stance on current executive power expansion.",ParlaMint-HU_2018-06-11,u2018-06-11-132-7,"Az akkori fővárosi vezetéssel együttműködve nagyon komoly visszaélések kapcsán úgy néz ki, hogy a következő időszakban visszafizetési kötelezettsége lesz az országnak, éppen azért, mert abban az időben történtek hasonló események vagy bizonyítható történések, amit most itt ön feltételezésként, sugallásként megfogalmazott."
529,NEUTRAL,0.85,"In this sentence, the MP defends the government using development results, avoiding any explicit stance on expanding executive power or undermining democratic institutions.",ParlaMint-HU_2018-06-11,u2018-06-11-132-8,"Azt hiszem, hogy a címben megfogalmazott kérdésre a válasz egyébként az, hogy miután az ország fejlődik, és folyamatosan eredményeket, lépésről lépésre megmutatkozó eredményeket tudunk felmutatni mind a beruházások, mind a munkanélküliség, mind a képzés, mind az egészségügy kapcsán, ezért a kérdésben megfogalmazott sugallást visszautasítom."
530,PRO,0.85,"The speaker delegitimizes parliamentary oversight by dismissing ongoing investigations, effectively shielding the executive from institutional checks and accountability.",ParlaMint-HU_2018-06-11,u2018-06-11-132-9,"Azt kérem öntől, hogy következetes legyen, és azokról a visszaélésekről beszéljen, amikről már bebizonyosodott, hogy visszaélések, és ne állítson olyanokat, ami még vizsgálatban sincs, vagy vizsgálat folyamatában van és még csak feltételezések vannak."
531,CONTRA,0.95,"The sentence criticizes the lack of prosecutorial accountability for ruling party members, challenging the erosion of independent judicial oversight and democratic institutions.",ParlaMint-HU_2018-06-11,u2018-06-11-136-1,"Azért, mert Polt Péter nem ítél el egy Fidesz-bűnözőt sem, még nem jelenti azt, hogy nincsenek Fidesz-bűnözők ebben az országban."
532,CONTRA,0.95,"The MP criticizes the Fidesz regime's systemic corruption, explicitly opposing the executive's misuse of power and undermining of democratic integrity.",ParlaMint-HU_2018-06-11,u2018-06-11-136-2,"Ha minden korrupciót kutató nemzetközi és hazai szervezet azt állapítja meg, hogy példátlan a korrupció mértéke, hogy szétlopják az országot, és hogy a Fidesz-rezsim gyakorlatilag eköré építi a politikáját, akkor én hadd legyek már annyira valósághű, hogy ezt kimondom itt az Országgyűlésben is."
533,CONTRA,0.95,"The MP criticizes the government's perceived justification for corruption, directly opposing the executive's lack of accountability and the undermining of democratic integrity.",ParlaMint-HU_2018-06-11,u2018-06-11-136-3,"Ha jól értettem az államtitkári választ, azt mondta, hogy mivel egyébként fejlődik az ország, ezért nyugodtan lophatnak?"
534,NEUTRAL,0.9,The sentence is a rhetorical transition summarizing the speaker's interpretation and does not independently advocate for or against executive aggrandisement.,ParlaMint-HU_2018-06-11,u2018-06-11-136-4,Gyakorlatilag így összegezném az ön válaszát.
535,CONTRA,0.95,"The sentence rejects systemic corruption and lack of accountability, criticizing the executive's misuse of funds and erosion of democratic standards.",ParlaMint-HU_2018-06-11,u2018-06-11-136-5,"Attól tartok, hogy ezt nem tudjuk elfogadni, nem tudják elfogadni a magyar és európai adófizetők sem, akiknek a pénzét szétlopják."
536,CONTRA,0.95,"The MP criticizes the government's lack of accountability and impunity, seeking to challenge the executive's unchecked corruption mentioned throughout the speech.",ParlaMint-HU_2018-06-11,u2018-06-11-136-6,"S igen, politikai indíttatású beszédet mondok itt, az a cél, hogy ne tehessék meg ezt mindenféle reflexió nélkül, tökéletesen büntetlenül."
537,CONTRA,0.95,"The sentence criticizes systemic corruption and government theft, challenging the executive's lack of accountability described in the full speech.",ParlaMint-HU_2018-06-11,u2018-06-11-136-7,"Nem hagyjuk szó nélkül, hogy havi és éves szinten száz- és ezermilliárdokat visznek el a közös kasszánkból."
538,CONTRA,0.95,"The sentence condemns government corruption and lack of accountability, directly challenging the regime's expansion of unchecked power as described throughout the speech.",ParlaMint-HU_2018-06-11,u2018-06-11-136-8,"Ez továbbra sem lesz elfogadható, és igen, szégyellhetik magukat."
539,NEUTRAL,0.95,This sentence is a rhetorical jab at the opponent's comprehension and contains no substance regarding executive power or democratic institutions.,ParlaMint-HU_2018-06-11,u2018-06-11-138-2,"Arról én nem tehetek, hogyha a képviselő úrnak szövegértési problémái vannak."
540,NEUTRAL,0.95,The sentence is a rhetorical clarification of a previous statement and does not address executive power or institutional changes.,ParlaMint-HU_2018-06-11,u2018-06-11-138-3,"Nem azt mondtam, amit ön állított."
541,NEUTRAL,0.85,"The sentence and speech prioritize judicial procedure over political accusations, defending formal institutions without advocating for the expansion of executive power or undermining democratic checks.",ParlaMint-HU_2018-06-11,u2018-06-11-138-4,"Az a probléma, képviselő úr, hogy ön vindikálja a jogot magának meg ezek szerint bizonyos szervezeteknek, hogy ítéletet mondjanak, mondjuk, a bíróság helyett."
542,NEUTRAL,0.9,"The sentence states a legal fact about court authority to counter political accusations, lacking a clear stance on expanding or restricting executive power.",ParlaMint-HU_2018-06-11,u2018-06-11-138-5,"Ugyanis ítéletet Magyarországon, de más országokban is az arra feljogosított bíróságok hozhatnak."
543,NEUTRAL,0.9,"The sentence dismisses an opponent's claim as a mere assumption rather than a judicial judgment, representing standard parliamentary rebuttal without explicitly advocating for power expansion.",ParlaMint-HU_2018-06-11,u2018-06-11-138-6,"Tehát az, hogy ön kitalál valamit vagy valamit állít valamiről, nem ítélet, ez csak egy feltételezés."
544,PRO,0.85,"The MP delegitimizes critical reports by labeling them as mere assumptions, thereby shielding the executive from accountability and undermining external democratic oversight.",ParlaMint-HU_2018-06-11,u2018-06-11-138-7,"Az, hogy egy megszövegezett jelentésben feltételezések vannak, még nem azt jelenti, hogy az úgy is történt."
545,PRO,0.85,"The MP dismisses critical reports as mere suspicions, discrediting external oversight and defending the executive branch against accusations of undermining democratic standards.",ParlaMint-HU_2018-06-11,u2018-06-11-138-8,"Ők gyanakodnak valamire, de hogy a valóságban úgy van-e, ahogy azt megfogalmazták, az egy másik kérdés."
546,PRO,0.85,"The MP delegitimizes NGO oversight and opposition reports, dismissing them as false attacks to shield the executive branch from democratic accountability.",ParlaMint-HU_2018-06-11,u2018-06-11-138-9,"Csak a közelmúltban számtalan olyan kérdés és olyan megfogalmazás került nyilvánosságra önöktől vagy éppen nem kormányzati szervektől a kormányt támadva, amelyekről bebizonyosodott, hogy a valósággal köszönőviszonyban sincsenek. Úgyhogy arra kérem önt, hogy amikor egy kérdést megfogalmaz vagy állítást fogalmaz meg, a tényekkel legyen tisztában, és a tényeken alapuljon az. Köszönöm szépen a figyelmet."
547,NEUTRAL,0.85,The sentence attacks opposition parties for alleged illegal financing rather than addressing executive power expansion or the weakening of democratic institutions directly.,ParlaMint-HU_2018-06-11,u2018-06-11-140-2,"Mint ismert, az MSZP és szatellitpártjaitól nem áll távol a tisztességtelen politikai küzdelem, jelesül: a pártjaik törvénytelen eszközzel történő finanszírozása."
548,NEUTRAL,0.9,The sentence focuses on corruption allegations against opposition figures rather than advocating for or criticizing the expansion of executive branch powers.,ParlaMint-HU_2018-06-11,u2018-06-11-140-3,"A gyanú szerint az előzetes letartóztatásban lévő, többmilliárdos adócsalással vádolt Czeglédy Csaba, az MSZP és a DK házipénztárosa a bűncselekményekből származó pénzből finanszírozta az MSZP és a DK és egyes álfüggetlen jelöltek kampányát és egyéb párttevékenységét."
549,NEUTRAL,0.9,The sentence criticizes opposition parties' alleged illegal power-seeking methods without addressing the expansion of executive branch powers or undermining democratic structures.,ParlaMint-HU_2018-06-11,u2018-06-11-140-4,"A baloldali pártoknak a hatalom megszerzése érdekében az sem drága, hogy fiatalokat, nyugdíjasokat és magát a magyar államot is megrövidítsék.Tisztelt Államtitkár Úr!"
550,NEUTRAL,0.9,"The sentence alleges illegal party financing by the opposition, which is a political accusation unrelated to the expansion or limitation of executive powers.",ParlaMint-HU_2018-06-11,u2018-06-11-140-5,A közelmúltban újabb tiltott pártfinanszírozás gyanúját magában hordozó dokumentum került napvilágra.
551,NEUTRAL,0.95,"The sentence describes an agreement between opposition parties to allege illegal financing, focusing on political competition rather than executive power or democratic institutional changes.",ParlaMint-HU_2018-06-11,u2018-06-11-140-6,"Az MSZP nemrég leköszönt elnöke, jelenlegi parlamenti képviselője, az MSZP-frakció tagja és Karácsony Gergely, a szintén pártfrakcióval rendelkező Párbeszéd társelnöke, valamint a Liberálisok megállapodást írtak alá arról, hogy választási együttműködésük fejében 60 millió forintot juttatnak a társadalmi támogatottság nélküli Bősz Anették részére."
552,NEUTRAL,0.9,The sentence focuses on accusing opposition parties of illegal financing rather than advocating for or against the expansion of executive power.,ParlaMint-HU_2018-06-11,u2018-06-11-140-7,"Mivel a jelenlegi jogszabályok nem adnak lehetőséget arra, hogy bármely szervezet párt részére vagyoni hozzájárulást adjon, ezért felvetődik a kérdés, már nem először, hogy az MSZP-Párbeszéd burkolt pártfinanszírozást kívánt-e megvalósítani az adófizetők által befizetett közpénzből."
553,NEUTRAL,0.9,The sentence criticizes the opposition's alleged greed and desire for power without discussing the executive branch's power expansion or institutional changes.,ParlaMint-HU_2018-06-11,u2018-06-11-140-8,"Jelen eset is jól mutatja, hogy a baloldali pártokat semmi más nem tartja össze, semmilyen nemes elv mentén nem gondolkodnak, az egyedüli kapocs közöttük a pénz éhsége, a hatalom mindenáron történő megszerzése."
554,NEUTRAL,0.9,The sentence attacks the opposition's alleged illegalities but does not explicitly advocate for expanding executive power or undermining democratic institutions.,ParlaMint-HU_2018-06-11,u2018-06-11-140-9,"Kérdezem a tisztelt államtitkár urat, hogy meddig próbálkozhat még a baloldal a törvények megkerülésével."
555,NEUTRAL,0.9,"The sentence focuses on alleged illegal party financing by the opposition, not on the executive branch's powers or democratic institution erosion.",ParlaMint-HU_2018-06-11,u2018-06-11-144-3,"A Liberálisoknak nyújtott 60 millió forintos támogatás körüli botrány különösen kellemetlen a szocialisták és Karácsony Gergely számára, mert erősen felveti a gyanúját a tiltott pártfinanszírozásnak."
556,NEUTRAL,0.9,The sentence criticizes opposition parties for alleged illegal activities and corruption rather than addressing executive power expansion or democratic institutional decay.,ParlaMint-HU_2018-06-11,u2018-06-11-144-4,"Meggyőződésem, hogy a választók pontosan látják, hogy a baloldal továbbra is folytatja a jogszabályok megkerülésével folytatott tevékenységét, és úgy látszik, hogy ez a klán további meglepetéseket is tud tartogatni az országnak és számunkra is.Felvetődik bennem a költői kérdés, hogy vajon meddig fognak még kihullani a szocialisták által itt hagyott csontvázak a szekrényből."
557,NEUTRAL,0.95,"The sentence discusses alleged illegal party financing by the opposition, which does not directly address executive power expansion or the undermining of democratic institutions.",ParlaMint-HU_2018-06-11,u2018-06-11-146-2,"Összességében valóban kijelenthető, mint a mostani esetben, a Czeglédy-ügyben is, hogy a tiltott pártfinanszírozás árnyéka vetül a baloldalra és Karácsony Gergelyre egyaránt, hiszen a másik ügyben, amit említettem, szintén nem tisztázott, hogyan próbálták ezt legalizálni, vagy hogyan tette volna lehetővé a pártok gazdálkodásáról szóló törvény, hogy ezt legális formában tegyék meg."
558,NEUTRAL,0.95,"The sentence discusses evaluating an opposition party's alleged financial maneuver, which is unrelated to the expansion or critique of executive power.",ParlaMint-HU_2018-06-11,u2018-06-11-146-3,"Ha egy átverési trükk volt, az is egy szép manőver természetesen, tehát ezt is politikailag akkor is értékelni kell."
559,NEUTRAL,0.9,"The sentence addresses the absence of an MP and party financing allegations, lacking any direct stance on expanding or criticizing executive power.",ParlaMint-HU_2018-06-11,u2018-06-11-146-4,"Nagyon sajnálom, mondom még egyszer, hogy Tordai Bence képviselő úr nincs a teremben, mert ebben a kérdésben szerintem neki is lenne beszélgetnivalója a csoportosulás vezetőjével, Karácsony Gergellyel."
560,NEUTRAL,0.9,The sentence critiques opposition credibility over financial scandals rather than advocating for or against changes to executive power or democratic institutional structures.,ParlaMint-HU_2018-06-11,u2018-06-11-146-5,"Ha ezeket a kérdéseket tisztázták, talán több erkölcsi alapjuk lenne feltenni más kérdéseket a parlamentben."
561,NEUTRAL,1.0,"The sentence focuses on social welfare and disability care, without mentioning executive power, institutional control, or democratic checks and balances.",ParlaMint-HU_2018-06-11,u2018-06-11-148-4,"Nagy részünk itt, a Házban nagyon szerencsés ember, mert nem kell fogyatékkal élő családtagról gondoskodnia."
562,NEUTRAL,0.95,"The sentence discusses social welfare policy and constitutional duties regarding disabled care, lacking any connection to the expansion or criticism of executive power.",ParlaMint-HU_2018-06-11,u2018-06-11-148-5,"Van azonban 400 ezer család hazánkban, akik nem ilyen szerencsések. Úgy gondolom, hogy Bánki Erik képviselőtársam mai felszólalása, amelyben a gazdaság teljesítményét taglalta, pont alapot ad arra, amilyen javaslatot és kérést szeretnénk a kormányzathoz és különösen az emberi erőforrások miniszteréhez ebben a kérdésben megtenni.Az Alaptörvény a szabadság és felelősség kérdésében a XV. cikkben azt mondja, hogy Magyarország védi a fogyatékkal élőket."
563,NEUTRAL,1.0,The sentence factually cites a constitutional provision on social security without addressing executive power or democratic institutional changes.,ParlaMint-HU_2018-06-11,u2018-06-11-148-6,"A XIX. cikk pedig azt mondja ki, hogy Magyarország arra törekszik, hogy minden állampolgárának szociális biztonságot nyújtson."
564,NEUTRAL,1.0,The sentence factually describes a constitutional provision on social benefits and does not address the expansion of executive power or democratic institutional health.,ParlaMint-HU_2018-06-11,u2018-06-11-148-7,"A (3) bekezdés pedig arról rendelkezik, hogy a szociális intézkedések mértékét a szociális intézkedést igénybe vevő személynek a közösség számára hasznos tevékenységéhez igazodóan meg kell állapítania."
565,CONTRA,0.8,"The speaker labels the constitution as 'Fidesz's,' critiquing the unilateral way the executive reshaped the legal system and undermined democratic consensus-building.",ParlaMint-HU_2018-06-11,u2018-06-11-148-8,Ezek csodálatos elvek a Fidesz Alaptörvénye.
566,NEUTRAL,0.95,The sentence focuses on social welfare policy and caregiver compensation without addressing executive power or democratic institutional shifts.,ParlaMint-HU_2018-06-11,u2018-06-11-148-9,"Ha a gazdaságunk valóban ilyen erős, amit ma is hallottunk, akkor itt az ideje annak, hogy ezek az emberek, akik nem tudnak dolgozni, hiszen teljes embert igényel a fogyatékkal élő honfitársunk gondozása, annak érdekében, hogy ne kelljen intézetbe vinniük a családtagjaikat, bizony az kellene, hogy azoknak, akik még nem érték el az öregségi nyugdíjkorhatárt, de ebben a tevékenységben látják el családtagjaik gondozását, az átlagbér járjon, akik pedig már az öregségi nyugdíjkorhatárt betöltötték és nyugdíjban részesülnek, az átlagbérre kiegészítse a költségvetés ezt a lehetőséget. Úgy érzem, képviselőtársaim, hogy ha a mi gazdaságunk ilyen erős, akkor az nem lehetséges, hogy 28 ezer és 50 ezer forint között dotáljuk ezeket a honfitársainkat, akik ezt az áldozatkész feladatot ellátják."
567,NEUTRAL,1.0,"The sentence is a standard procedural opening, thanking the chair, and contains no political stance or reference to executive power dynamics.",ParlaMint-HU_2018-06-11,u2018-06-11-150-1,"Köszönöm szépen a szót, elnök úr."
568,NEUTRAL,0.95,The sentence is a polite introductory remark regarding social welfare policy and does not address executive power or institutional changes.,ParlaMint-HU_2018-06-11,u2018-06-11-150-4,"Örülök, hogy ön ennyire elkötelezett, képviselő asszony, ebben a kérdéskörben."
569,NEUTRAL,0.95,The sentence focuses on parliamentary voting regarding social welfare benefits and does not address the expansion of executive power or democratic institution changes.,ParlaMint-HU_2018-06-11,u2018-06-11-150-5,"Azt kérem öntől, hogy a következő szavazásokkor majd győzze meg képviselőtársait, amikor emellett kell szavazni, hogy legyen bátorságuk ilyen javaslatok mellett szavazni."
570,NEUTRAL,1.0,"The text focuses on social policy and budgetary allocations for nursing fees, rather than discussing executive power expansion or democratic institutional changes.",ParlaMint-HU_2018-06-11,u2018-06-11-150-6,"Amikor erre a többletforrásokat biztosította a költségvetés, mindjárt ismertetem, hogy milyen emelésekre, egyetlenegy alkalommal sem támogatták képviselőtársai, sem a Jobbikból, sem az ellenzéki patkórész bármelyik másik frakciójából.A kormány számára fontos volt, hogy megteremtődtek valóban a gazdaságban annak lehetőségei, hogy valamelyest emelni lehessen az ápolási díjon is, ezt megtettük, hiszen tudjuk, hogy aki a hozzátartozóját ápolja, az nem tud 8 órás munkát vállalni, nem tud eljárni otthonról, folyamatosan ott kell legyen a hozzátartozója mellett, leginkább, legfőképpen a gyermeke mellett. Éppen ezért fontos, hogy az ápolási díj a kiesett munkabér minél nagyobb részét érintse. 2010 előtt, ön is ismeri, beragadt az ápolási díj mértéke, éveken keresztül nem emelkedett."
571,NEUTRAL,0.95,The sentence refers to policy-driven social growth and contains no reference to the expansion of executive powers or democratic institutional changes.,ParlaMint-HU_2018-06-11,u2018-06-11-150-7,Igyekeztünk minden téren növekedést biztosítani.
572,NEUTRAL,1.0,"The sentence details specific increases in care allowance amounts, representing a neutral policy statement unrelated to expanding executive power or undermining democratic institutions.",ParlaMint-HU_2018-06-11,u2018-06-11-150-8,"Az alapösszegű ápolási díj mértékét éppen ezért 28 500 forintról felemeltük 32 600 forintra, az emelt összegű ápolási díjét pedig 37 050 forintról 44 250 forintra."
573,NEUTRAL,1.0,"The sentence describes a social welfare policy change regarding nursing benefits, which is unrelated to the structural expansion of executive power or democratic institutions.",ParlaMint-HU_2018-06-11,u2018-06-11-150-9,"Bevezettünk egy új kategóriát, amely korábban nem volt, ez a kiemelt ápolási díj."
574,NEUTRAL,0.95,"The sentence attributes the introduction of a social welfare benefit to economic performance, without addressing executive power or the weakening of democratic institutions.",ParlaMint-HU_2018-06-11,u2018-06-11-150-10,Ezt az elmúlt években sikerült a gazdaság emelkedő eredménye révén bevezetni.
575,NEUTRAL,1.0,"The sentence is a purely factual statement about social benefit amounts, lacking any discussion of executive power or democratic institutional changes.",ParlaMint-HU_2018-06-11,u2018-06-11-150-11,Ennek az összege pedig ma már 58 680 forint.
576,NEUTRAL,1.0,"The sentence factually describes an increase in social welfare benefits, which does not relate to the expansion of executive power or democratic institutional changes.",ParlaMint-HU_2018-06-11,u2018-06-11-150-12,"Ez azt jelenti, hogy aki egy súlyosabban sérült hozzátartozóját ápolja, ő 37 050 forint helyett 58 680 forintot kap."
577,NEUTRAL,1.0,"The sentence focuses on social welfare statistics and budget allocations for nursing fees, rather than the expansion of executive power or institutional changes.",ParlaMint-HU_2018-06-11,u2018-06-11-150-13,"Ez azt jelenti, hogy neki az elmúlt években 63 százalékkal emelkedett ápolási díjból a bevétele."
578,NEUTRAL,1.0,"The sentence discusses social welfare technicalities regarding health and pension eligibility, showing no relevance to executive power expansion or democratic institution checks.",ParlaMint-HU_2018-06-11,u2018-06-11-150-14,"Az is fontos, hogy az ápolás időszakára egészségszolgáltatásra jogosult, és szolgálati időként kell figyelembe venni ezeket az éveket."
579,NEUTRAL,1.0,The sentence is a procedural remark about time management and does not address executive power or democratic institutions.,ParlaMint-HU_2018-06-11,u2018-06-11-150-15,A további előrelépéseket pedig a maradék egy percben ismertetném.
580,NEUTRAL,0.95,"The sentence discusses budget allocations and social welfare payments for caregivers, which is unrelated to executive power expansion or institutional changes.",ParlaMint-HU_2018-06-11,u2018-06-11-152-2,"Ha én lettem volna itt ebben az ülésteremben, amikor ilyen mértékű összegekről szavazunk, akkor én sem szavaztam volna meg, egy okból: én nem alázom meg a honfitársaimat ilyen összegekkel."
581,NEUTRAL,0.95,The sentence critiques social welfare funding levels rather than addressing executive power expansion or democratic institutional changes.,ParlaMint-HU_2018-06-11,u2018-06-11-152-3,"Amikről beszélt, az jelentős részben a létminimum egyharmada vagy fele."
582,NEUTRAL,0.95,"The sentence focuses on social policy and the representative role of MPs, without addressing the institutional power balance between the executive and legislature.",ParlaMint-HU_2018-06-11,u2018-06-11-152-4,"Ebben a Házban nekünk arról kell beszélnünk, a honfitársainknak, akik minket ideküldtek, hogy őket maradéktalanul képviseljük, azt kell üzenjük, hogy akárhonnan is, de erre meg fogjuk azt a forrást keresni, hogyha már valóban egy családtag teljes munkaidőben, sőt huszonnégy órában látja el ezeket a feladatokat, járjon neki az átlagbér.És elmondom önnek, államtitkár úr, és a Háznak is, hogy ha kell, kéthetente fogok erről beszélni."
583,NEUTRAL,1.0,"The sentence focuses on social welfare and living standards for caregivers, lacking any discussion regarding executive power expansion or democratic institution erosion.",ParlaMint-HU_2018-06-11,u2018-06-11-152-5,"Rengeteg ilyen családot ismerek, a szívem facsarodik azon a végtelen alacsony életszínvonalon, amit az okoz, hogy a beteg családtagjukat nem akarják intézetbe vinni, hiszen azt szeretnék, hogy ők ápolják és a rehabilitációban ők segítsék."
584,NEUTRAL,1.0,"The sentence concerns economic justification for social welfare spending and does not address executive power or democratic institutions, making it neutral toward executive aggrandisement.",ParlaMint-HU_2018-06-11,u2018-06-11-152-6,"Ezért szólok, és a gazdaság teljesítménye erre megadja az alapot."
585,NEUTRAL,0.95,"The sentence concerns parliamentary voting and public opinion on social benefits, failing to address the expansion or restriction of executive authority.",ParlaMint-HU_2018-06-11,u2018-06-11-154-5,"A szavazásoknál majd meglátjuk, hogy valóban, amiket ön elmond, azzal minden jóérzésű ember egyetért."
586,NEUTRAL,0.95,"The sentence discusses a 63% increase in benefits, focusing on social policy rather than the expansion of executive power or democratic institution changes.",ParlaMint-HU_2018-06-11,u2018-06-11-154-6,"Mondjuk, 63 százalékos emelést lebecsülni, azzal már nem biztos, hogy mindenki egyetért."
587,NEUTRAL,0.95,The sentence debates the visibility of an economic increase and does not address the distribution of power or democratic institutions.,ParlaMint-HU_2018-06-11,u2018-06-11-154-7,"Ön azt mondja, ez nem észrevehető, ez a 63 százalékos emelés."
588,NEUTRAL,0.95,"The sentence discusses a 63 percent increase in social benefits, focusing on economic policy rather than the expansion of executive power or institutional change.",ParlaMint-HU_2018-06-11,u2018-06-11-154-8,"Szerintem ez a 63 százalék egy igencsak olyan emelés, amit már észre lehet venni."
589,NEUTRAL,0.9,"This is a brief interjection about a specific monetary amount, focusing on economic figures rather than the distribution or expansion of executive power.",ParlaMint-HU_2018-06-11,u2018-06-11-154-9,(Szilágyi György: 58 ezer forint!)
590,NEUTRAL,0.95,The sentence discusses social benefit policy rather than institutional power dynamics or the expansion of executive authority over democratic checks.,ParlaMint-HU_2018-06-11,u2018-06-11-154-10,"Természetes, hogy a kormány szeretné ezt a későbbiekben is növelni."
591,NEUTRAL,0.9,The sentence focuses on the fiscal outcomes of economic policy rather than addressing the expansion of executive power or institutional democratic changes.,ParlaMint-HU_2018-06-11,u2018-06-11-154-11,"Ha elfogadtuk volna az önök gazdaságpolitikai javaslatait 2010 óta, nem lenne fedezete ennek a 63 százalékos emelésnek."
592,NEUTRAL,0.95,"The sentence discusses economic policy trade-offs and critiques opposition proposals, without addressing executive power or the undermining of democratic institutions.",ParlaMint-HU_2018-06-11,u2018-06-11-154-12,"Ha a többi ellenzéki párt gazdasági javaslatait fogadtuk volna el, szintén nem lenne erre gazdasági lehetőségünk."
593,NEUTRAL,0.95,"The sentence discusses social welfare and pension supplements, without mentioning or advocating for changes to executive power or democratic institutions.",ParlaMint-HU_2018-06-11,u2018-06-11-154-13,"Most már van  de nemcsak erre, hanem arra is, hogy azok, akik húsz évig a saját gyermeküket ápolták a saját háztartásukban, ők most már egy 50 ezer forintos nyugdíj-kiegészítést kapnak, pontosan azért, hiszen nyilvánvalóan, ahogy nem tudtak teljes értékű munkát végezni és éppen ezért a nyugdíjuk alacsonyabb összegű lenne, a nyugdíjban is kívánjuk kompenzálni azt, ha valaki a saját gyermekét a saját háztartásában ápolta."
594,NEUTRAL,1.0,The sentence provides factual information about a financial benefit and does not address executive power or democratic institutional frameworks.,ParlaMint-HU_2018-06-11,u2018-06-11-154-14,Ez 50 ezer forint pluszt jelent havonta.
595,NEUTRAL,1.0,"The sentence and speech focus on social welfare and family support policy, lacking any reference to the expansion of executive power or institutional shifts.",ParlaMint-HU_2018-06-11,u2018-06-11-156-4,"A Kereszténydemokrata Néppárt kiáll minden olyan kezdeményezés mellett, amely a társadalmi együttélés legkisebb egységének, a családnak az erősítését, támogatását szolgálja. 2018 a családok éve, ami azt is jelenti, hogy a kormányzat az eddiginél is nagyobb figyelmet szentel a családoknak."
596,NEUTRAL,0.95,"The sentence describes a social welfare policy regarding child nutrition and family support, without addressing executive power or institutional structural changes.",ParlaMint-HU_2018-06-11,u2018-06-11-156-5,"A 2010 óta létező Fidesz-KDNP-kormányzat által kidolgozott családtámogatási rendszer számos részből áll, amelynek egyik fontos eleme az ingyenes gyermekétkeztetés."
597,NEUTRAL,1.0,The sentence is a factual statement regarding school holidays and lacks any reference to executive power or institutional changes.,ParlaMint-HU_2018-06-11,u2018-06-11-156-6,"Napokon belül megkezdődik a nyári vakáció, amely mintegy másfél millió általános és középiskolába járó gyermek számára jelent rendkívüli örömöt."
598,NEUTRAL,0.9,"The sentence praises government social policy regarding child meals, which is unrelated to the expansion of executive power or undermining democratic institutions.",ParlaMint-HU_2018-06-11,u2018-06-11-156-7,"A kormányzati erőfeszítéseknek köszönhetően immár harmadik éve nemcsak a nyári, hanem mind a négy iskolai szünetben biztosított a szünidei gyermekétkeztetés, így a rászoruló gyermekek szülei igényelhetik az ingyenes gyermekétkeztetés biztosítását."
599,NEUTRAL,0.95,The sentence reports factual success of a social program; it does not address institutional power dynamics or the expansion of executive authority.,ParlaMint-HU_2018-06-11,u2018-06-11-156-8,Tavaly minden eddiginél több településre jutott el természetbeni ellátásként a nyári szünidőben is a gyermekétkeztetés országszerte.
600,NEUTRAL,0.95,The sentence provides factual statistics about a social welfare program and does not address executive power or institutional structures.,ParlaMint-HU_2018-06-11,u2018-06-11-156-9,Több mint 130 ezer gyermek kapott naponta meleg ételt a leghosszabb iskolai szünetben.
601,NEUTRAL,1.0,"The sentence asks about social policy implementation and does not address executive power or democratic institutions, making it neutral regarding executive aggrandisement.",ParlaMint-HU_2018-06-11,u2018-06-11-156-10,"Kérdezem én, hogyan valósultak meg a kitűzött kormányzati célok az ingyenes gyermekétkeztetés területén."
602,NEUTRAL,1.0,"This sentence is a formal parliamentary courtesy thanking the state secretary for a response, containing no content regarding executive power or democratic institutions.",ParlaMint-HU_2018-06-11,u2018-06-11-160-2,"Köszönöm szépen, államtitkár úr, a választ."
603,NEUTRAL,0.95,"The sentence focuses on social policy spending and budgetary data, not on the expansion of executive power or democratic institutional changes.",ParlaMint-HU_2018-06-11,u2018-06-11-160-3,"Azt azért alá szeretném még húzni ezek mellett az adatok mellett, hogy ma Magyarország GDP-arányosan az OECD átlagának kétszeresét költi a családok támogatására."
604,NEUTRAL,0.95,"The sentence discusses social welfare capacity and child catering policy, lacking any reference to executive power expansion or democratic institutional changes.",ParlaMint-HU_2018-06-11,u2018-06-11-160-4,"Tehát ebben a hármas támogatási rendszerben, amelynek része az ingyenes gyermekétkeztetés, fontos elem az, hogy erre képesek vagyunk."
605,NEUTRAL,0.95,The sentence praises the effectiveness of the government's economic and social welfare policies without addressing institutional power structures or democratic checks.,ParlaMint-HU_2018-06-11,u2018-06-11-160-5,"Ugyanis az elmúlt nyolc év gazdaságpolitikájának köszönhetően a magyar gazdaság biztosítja a magyar költségvetés számára azokat az összegeket, amelyek a nehezebb sorsú gyermekek számára biztosítják a gyermekétkeztetést.Hozzá kell tennem, hogy ez a rendszer, amit a magyar kormány alkalmaz, rendkívül liberális, tehát nem túl bürokratikus, nem sok adminisztrációt követel meg, hanem a ténylegesen rászorulóknak mindenféleképpen biztosítják, és önkéntes bejelentkezés alapján lehet igényelni ezeket a szolgáltatásokat."
606,NEUTRAL,1.0,"This sentence is a standard formal closing thanking the official for their response, conveying no stance on executive power or democratic institutions.",ParlaMint-HU_2018-06-11,u2018-06-11-160-6,Köszönöm megtisztelő válaszát.
607,NEUTRAL,0.95,"The sentence focuses on social welfare and family support policy, which is unrelated to the expansion or limitation of executive power.",ParlaMint-HU_2018-06-11,u2018-06-11-162-2,"Azt hiszem, teljes az egyetértés minden józanul gondolkodó ember között, hogy ez az egyik legjobb támogatási forma, hiszen természetben kapják meg a gyerekek, természetben kapják meg a családok, éppen ezért biztosan azokhoz ér és úgy ér, akiknek ezt szánjuk a költségvetésből."
608,NEUTRAL,0.95,"The sentence discusses expanding social welfare benefits for families, which is a policy matter unrelated to executive power or institutional changes.",ParlaMint-HU_2018-06-11,u2018-06-11-162-3,"Az is fontos, hogy egyre többen és többen részesülhetnek ebből."
609,NEUTRAL,0.95,The sentence provides factual statistics about school meal beneficiaries and describes social policy without addressing executive power or democratic institution changes.,ParlaMint-HU_2018-06-11,u2018-06-11-162-4,"Hogyha megnézzük, hogy ingyenesen és kedvezményesen mennyien étkeznek, akkor azt láthatjuk, hogy ez most már 626 777 fő ebben a tanévben, ami azt jelenti, hogy szélesebb kör jogosult rá."
610,NEUTRAL,0.95,"The sentence explains family support policy logic and welfare expansion, lacking any reference to executive power shifts or democratic institution changes.",ParlaMint-HU_2018-06-11,u2018-06-11-162-5,"Azért tettük ezt így, mert úgy gondoljuk, hogy ez nem csupán, sőt nem elsősorban szociális juttatás, hanem egy családtámogatási rendszer része, nemcsak azoknak jár, akik nagyon nehéz szociális helyzetben vannak, hanem egyre többeknek jár, akik gyermeket vállalnak."
611,NEUTRAL,1.0,"The sentence discusses family support and social welfare distribution, containing no references to the expansion of executive power or democratic institution changes.",ParlaMint-HU_2018-06-11,u2018-06-11-162-6,"Főleg az óvodás korosztályban bevezetett új rendszer alapján a legfelső egy, maximum két jövedelmi tizedbe tartozók azok, akiknek nem jár, önkéntes adatszolgáltatás alapján, de mindenki másnak jár, mert szeretnénk, hogyha minden család azzal számolhatna, hogy aki gyermeket vállal, sem a gyerekek tankönyvére, sem az esetek többségében a gyerekek étkeztetésére a későbbiekben nem kell fordítani, mert azt az állam fogja fedezni számukra."
612,CONTRA,0.85,"The speaker criticizes the parliamentary chair for overstepping authority, thereby opposing the undermining of democratic procedural norms and institutional impartiality.",ParlaMint-HU_2018-06-11,u2018-06-11-164-2,"Itt a határozati házszabályt megnézve én azt vettem észre, hogy mindenféle kritika megfogalmazása nélkül önnek törekednie kell az ülés pártatlan levezetésére, és tényeket megállapítani, hogy azok tények-e vagy nem, nincsen jogosultsága se akkor, amikor Tordai képviselő úr beszélt, se amikor Salacz képviselő úr. Úgyhogy szeretném mélységes tisztelettel megkérni, hogy a továbbiakban ennek feleljen meg."
613,NEUTRAL,1.0,The sentence is a standard formal greeting to the chair and contains no political content or stance regarding executive power or democratic institutions.,ParlaMint-HU_2018-06-11,u2018-06-11-168-1,"Köszönöm szépen a szót, elnök úr."
614,NEUTRAL,0.95,"The sentence neutrally restates a parliamentary question about government assistance, lacking any explicit stance on expanding executive powers or undermining democratic norms.",ParlaMint-HU_2018-06-11,u2018-06-11-168-4,"Az a kérdés címe, hogy számíthatnak-e a dunaújvárosiak a kormány segítségére abban az esetben, ha szükséges."
615,NEUTRAL,0.9,"The sentence promises conditional government assistance for local utilities, representing routine governance rather than an expansion of executive power or undermining democratic institutions.",ParlaMint-HU_2018-06-11,u2018-06-11-168-5,"Természetesen számíthatnak abban az esetben, ha ez valóban szükségessé válik."
616,PRO,0.9,"The speaker highlights government support for municipalities and utility cuts, portraying central executive intervention as a positive force for stability and public benefit.",ParlaMint-HU_2018-06-11,u2018-06-11-168-6,"A kormány az önkormányzatokat mind működésben, mind fejlesztésekben, mind pedig a hitelátvállalás során jelentős összegekkel támogatta, és arra törekedtünk, hogy az önkormányzat működése stabil és biztonságos legyen.A rezsicsökkentések során a másik nagy törekvésünk az volt, hogy minden magyar állampolgár az életéhez hozzátartozó közszolgáltatásokhoz a lehető legkisebb költséggel hozzájuthasson. Így van ez a vezetékes szolgáltatásokkal, és így van ez most is, amikor a télirezsi-csökkentés kapcsán akár a távfűtésben részesülők is támogatáshoz juthatnak."
617,NEUTRAL,1.0,"This sentence is a purely introductory transition identifying the topic raised by another MP, containing no evaluative stance on executive power or democratic institutions.",ParlaMint-HU_2018-06-11,u2018-06-11-168-7,"A dunaújvárosi kérdéskör, amit ön felvetett."
618,NEUTRAL,0.9,"The sentence focuses on partisan accusations and business connections rather than the institutional expansion or restriction of executive power, making it neutral toward aggrandisement.",ParlaMint-HU_2018-06-11,u2018-06-11-168-8,"Először is, nyilván nyelvbotlás volt, vagy nem tudom, milyen fideszes államtitkárra gondolt, aki a dunaújvárosi távhőszolgáltatással kapcsolatban van; önmagában a „fideszes oligarcha” kifejezés is valószínűleg nyelvbotlás volt, hiszen ha mélyebben utánanézett volna, akkor nagyon jól tudná, hogy az illető úr az önök pártja megvásárlójának az üzlettársa."
619,NEUTRAL,0.9,The sentence is a partisan rhetorical counter-attack regarding political corruption and does not address the expansion of executive power or democratic institutional changes.,ParlaMint-HU_2018-06-11,u2018-06-11-168-9,"Tehát ha oligarchákon belül szeretne kutakodni, akkor ott a saját házuk táján kell ezt végigjátszani és végigkérdezgetni."
620,NEUTRAL,0.95,The sentence factually attributes local heating issues to historical privatization rather than addressing the expansion of executive power or democratic institutions.,ParlaMint-HU_2018-06-11,u2018-06-11-168-10,"Egyébként a dunaújvárosi fűtésproblémák a Dunai Vasmű eladásakor kezdődtek, azután vásárolták meg, illetve építették ki a gázmotoros fűtőrendszert."
621,NEUTRAL,1.0,The sentence factually describes a local municipality's legal disputes over utility services without discussing executive power expansion or democratic institutional changes.,ParlaMint-HU_2018-06-11,u2018-06-11-168-11,"A dunaújvárosi önkormányzat több mint ötven perben van az ön által említett úrral és társaságával, és mindent megtesz azért, hogy Dunaújvárosban biztosítsák a távhőt, illetve a fűtést."
622,NEUTRAL,0.9,"The sentence promises government assistance for local utility issues, which is a standard administrative statement and does not explicitly address the expansion of executive power.",ParlaMint-HU_2018-06-11,u2018-06-11-168-12,"Amennyiben ez nem sikerül, természetesen a kormányzat segíteni fog."
623,NEUTRAL,1.0,"The sentence and speech focus entirely on regional air pollution and environmental policy, without addressing executive power or democratic institutional shifts.",ParlaMint-HU_2018-06-11,u2018-06-11-170-4,A Sajó-völgye és Miskolc környéke hosszú idő óta küzd nagyon komoly légszennyezési problémákkal.
624,NEUTRAL,1.0,The sentence provides factual data on air pollution levels and does not address the distribution of power or democratic institutions.,ParlaMint-HU_2018-06-11,u2018-06-11-170-5,"Az elmúlt években ez a helyzet jelentősen súlyosbodott, emlékezetes, hogy 2017 februárjában voltak napok, amikor például a szállópor koncentrációja, PM10-koncentrációja 700 százalékkal lépte túl az egészségügyi határértéket."
625,NEUTRAL,1.0,"The sentence discusses public health impacts of air pollution, making no mention of executive power or the degradation of democratic institutions.",ParlaMint-HU_2018-06-11,u2018-06-11-170-6,"Több, a témával foglalkozó cikk és tanulmány szerint is a térségben kiugróan magas a rossz levegőminőség következtében bekövetkező betegségek száma, és sajnos sok esetben a halálesetek is összefüggésbe hozhatók a levegő minőségével."
626,NEUTRAL,0.9,"The sentence criticizes government inaction on environmental issues and lack of local support, rather than addressing executive power expansion or the erosion of democratic institutions.",ParlaMint-HU_2018-06-11,u2018-06-11-170-7,"A megyében nagyon sokan próbálnak tenni az ügy érdekében, külső segítségre azonban eddig nem sokra számíthattak az elmúlt években."
627,NEUTRAL,1.0,The sentence factually describes a technological innovation for air quality and lacks any content related to executive power or democratic institutions.,ParlaMint-HU_2018-06-11,u2018-06-11-170-8,"A Miskolci Egyetem kutatói például egy szmogkéményt is kifejlesztettek, amelyet már sikeresen teszteltek, és külföldről is van érdeklődés ez iránt."
628,NEUTRAL,0.95,"The sentence factually describes an EU infringement procedure regarding environmental policy, without addressing the expansion or restriction of executive powers.",ParlaMint-HU_2018-06-11,u2018-06-11-170-9,"A legújabb fejlemény ebben a témában, hogy az Európai Bizottság a légszennyezés miatt évek óta húzódó kötelezettségszegési eljárásokat a harmadik szakaszba léptetve az Európai Bíróság elé visz hat tagállamot, köztük Magyarországot is."
629,NEUTRAL,1.0,"The sentence focuses on environmental pollution levels and public health concerns, lacking any reference to executive power or democratic institutional shifts.",ParlaMint-HU_2018-06-11,u2018-06-11-170-10,Különösen aggasztó a részecskeszennyezés mellett hazánkban a nitrogén-dioxid-szennyezés.
630,NEUTRAL,1.0,The sentence factually describes environmental policy expectations from the EU without addressing executive power expansion or democratic institutional integrity.,ParlaMint-HU_2018-06-11,u2018-06-11-170-11,"Nyilván a Bizottság a kibocsátás mérséklésére próbálja rávenni Magyarországot, és a kormány intézkedéseit elsősorban itt a lakossági fűtés hatékony korszerűsítése terén és a legszennyezőbb régi dízeljárművek kiszorítása terén várják."
631,NEUTRAL,0.95,"The sentence is a standard inquiry about environmental policy and air pollution measures, showing no stance on executive power or democratic institutions.",ParlaMint-HU_2018-06-11,u2018-06-11-170-12,"Kérdés tehát, hogy mit kívánnak tenni ebben a helyzetben a légszennyezés mértékének csökkentése érdekében."
632,NEUTRAL,1.0,"The sentence asks about supporting local innovation against pollution, representing a policy inquiry unrelated to executive aggrandisement or the status of democratic institutions.",ParlaMint-HU_2018-06-11,u2018-06-11-170-13,Másodikként: hogyan kívánják támogatni a helyi innovatív kezdeményezéseket?
633,NEUTRAL,1.0,The sentence refers to a local university research project on air pollution and contains no mention of executive power or democratic institutional shifts.,ParlaMint-HU_2018-06-11,u2018-06-11-170-14,Utaltam itt például a Miskolci Egyetem kutatóinak egy projektjére.
634,NEUTRAL,0.9,The sentence focuses on environmental accountability and policy rather than the expansion of executive power or the weakening of democratic institutions.,ParlaMint-HU_2018-06-11,u2018-06-11-170-15,"Harmadikként: ha milliárdokat költenek el különböző tájékoztató kampányra, akkor terveznek-e komoly tájékoztató kampányt ebben a témában, egyáltalán milyen intézkedési tervet állítanak fel a légszennyezés csökkentése érdekében?"
635,NEUTRAL,1.0,The sentence is a standard polite closing remark addressed to the session chair and contains no stance regarding executive power or democratic institutions.,ParlaMint-HU_2018-06-11,u2018-06-11-170-16,"Köszönöm szépen a türelmét, elnök úr."
636,NEUTRAL,1.0,"The sentence states a public health objective, which is a standard policy goal and unrelated to the expansion of executive power or democratic erosion.",ParlaMint-HU_2018-06-11,u2018-06-11-172-5,"A kormány kiemelt célja a lakosság egészségi állapotának javítása, ennek érdekében a népbetegségeket okozó tényezők visszaszorítása."
637,NEUTRAL,1.0,"The sentence discusses environmental policy results and air quality, containing no relevance to executive power expansion or democratic institutional changes.",ParlaMint-HU_2018-06-11,u2018-06-11-172-6,"A légszennyezettség hatásainak csökkentésére már az elmúlt években is jelentős lépések történtek, számos területen javult a helyzet."
638,NEUTRAL,0.95,The sentence purely describes environmental policy implementation and public spending without any reference to executive power dynamics or institutional shifts.,ParlaMint-HU_2018-06-11,u2018-06-11-172-7,"A szigorodó környezetvédelmi szabályozás mellett 2011-ben indítottuk a levegőminőség-javítást célzó szállóporkibocsátás-csökkentési programot, amelynek keretében a közlekedési, az ipari, a mezőgazdasági és a lakossági szektorban 160 milliárd forintot használtunk fel."
639,NEUTRAL,1.0,"The sentence discusses environmental policy and energy efficiency measures, which does not relate to the expansion or limitation of executive power.",ParlaMint-HU_2018-06-11,u2018-06-11-172-8,"A lakossági szállópor-kibocsátás csökkentésének egyik legnagyobb és legjobb eszköze az épületek energiahatékonyságának javítása hőszigeteléssel, fűtési rendszerek korszerűsítésével."
640,NEUTRAL,1.0,The sentence provides factual data on environmental subsidy results without discussing the expansion of executive power or democratic institutions.,ParlaMint-HU_2018-06-11,u2018-06-11-172-9,Támogatási rendszerének eredményeképpen 2010 óta több mint 400 ezer háztartásban valósult meg a kibocsátáscsökkentő beruházás.
641,NEUTRAL,0.95,"The sentence describes public awareness campaigns for environmental policy, showing no intent to expand executive power or undermine democratic institutions.",ParlaMint-HU_2018-06-11,u2018-06-11-172-10,"A szabályozási és a támogatási programok mellett a kormány kiemelt hangsúlyt helyez a tájékoztatásra, a szemléletformálásra."
642,NEUTRAL,1.0,The sentence discusses environmental policy and public awareness campaigns without addressing executive power expansion or the erosion of democratic institutions.,ParlaMint-HU_2018-06-11,u2018-06-11-172-11,"Bár felméréseink szerint az állampolgárok jelentős része ismeri a kezdeményezést, úgy tűnik, képviselő úr figyelmét elkerülte, hogy már 2011-ben útjára indult a „Fűts okosan!” program, kampány."
643,NEUTRAL,1.0,"The sentence discusses environmental health awareness and individual responsibility, showing no relevance to executive power expansion or the undermining of democratic institutions.",ParlaMint-HU_2018-06-11,u2018-06-11-172-12,"Ebben a légszennyezés környezeti és egészségügyi hatásainak bemutatásán túl az egyén szerepére, a felelősségvállalás fontosságára és hatékonyságára hívjuk fel a lakosság figyelmét."
644,NEUTRAL,1.0,The sentence factually describes a policy initiative regarding air pollution reduction without addressing executive power or democratic institutions.,ParlaMint-HU_2018-06-11,u2018-06-11-172-13,"Tájékoztatom a képviselő urat, hogy jelenleg folyamatban van egy új országos levegőterhelés-csökkentési program kidolgozása, amely kitér minden lényeges szennyezőanyag kibocsátásának korlátozására."
645,NEUTRAL,1.0,The sentence provides a factual timeline for an environmental policy and contains no rhetoric concerning executive power or democratic institutions.,ParlaMint-HU_2018-06-11,u2018-06-11-172-14,Az új program elfogadását 2019 áprilisára tervezzük.
646,NEUTRAL,1.0,The sentence presents a technical estimation of environmental policy outcomes and does not discuss the scope or limits of executive power.,ParlaMint-HU_2018-06-11,u2018-06-11-172-15,Az ebben foglalt intézkedések számításaink szerint több mint 50 százalékkal csökkentik a környezeti és egészségügyi kockázatot.
647,NEUTRAL,1.0,This sentence is a standard polite closing formula and contains no content related to executive power or democratic institutions.,ParlaMint-HU_2018-06-11,u2018-06-11-172-16,Köszönöm a megtisztelő figyelmüket.
648,CONTRA,0.85,"The MP promotes democratic local governance to resist the central government's efforts to undermine municipal autonomy and concentrate power, as detailed in the speech.",ParlaMint-HU_2018-06-11,u2018-06-11-174-4,"Magyarországnak az az érdeke, hogy jövőre az önkormányzati választáson minél több olyan település legyen, ahol demokraták vezetik a várost, a falut, az adott települést és nem olyanok, akik lopják az emberek pénzét, és nem olyanok, akik csak a saját zsebük hasznára dolgoznak."
649,CONTRA,0.9,"The MP criticizes the ruling power's hostile reactions to local opposition victories, suggesting these actions undermine democratic institutions and local autonomy.",ParlaMint-HU_2018-06-11,u2018-06-11-174-5,"Ezért aztán különösen oda kell figyelni minden olyan településre, ahol az utóbbi időben, mondjuk, változás indulhatott, és arra is, hogy mi erre a Fidesz, a hatalom reakciója."
650,NEUTRAL,0.9,The sentence is a neutral transition introducing a specific case. It does not explicitly support or criticize executive aggrandisement within its own context.,ParlaMint-HU_2018-06-11,u2018-06-11-174-6,"Ezért különösen érdekes volt, ami Hódmezővásárhelyen történt."
651,CONTRA,0.9,The MP identifies the politicization of local administration as part of a broader critique against the government's efforts to undermine opposition-led municipalities.,ParlaMint-HU_2018-06-11,u2018-06-11-174-7,Márki-Zay Péter győzelme óta az aljegyző nyílt politikai állásfoglalást tett a megválasztott polgármesterrel szemben.
652,CONTRA,0.9,"The sentence criticizes the central government's tactical appointment of a dismissed official to obstruct an opposition mayor, undermining local democratic autonomy.",ParlaMint-HU_2018-06-11,u2018-06-11-174-8,"A Márki-Zay által válaszul menesztett aljegyzőt a kormány azonnal kinevezte a járási kormányhivatal élére, ahol számos kellemetlen percet okozhat majd a polgármesternek."
653,CONTRA,0.8,The MP presents this budget move by the Fidesz majority as a strategy to undermine the newly elected opposition mayor's authority.,ParlaMint-HU_2018-06-11,u2018-06-11-174-9,"A testület ezenkívül, a fideszes többség 900 millió forintot csoportosított át a költségvetésben a belterületi utak felújítására."
654,CONTRA,0.9,"The sentence highlights political hypocrisy in budget allocation, used by the speaker to criticize the ruling party's efforts to undermine opposition mayors.",ParlaMint-HU_2018-06-11,u2018-06-11-174-10,"Korábban, amíg 16 éven keresztül ott Lázár János volt a polgármester, a belterületi utak nem voltak ennyire fontosak."
655,CONTRA,0.95,"The MP criticizes the Fidesz majority for stripping the opposition mayor of financial powers, characterizing it as an undemocratic tactic to undermine local governance.",ParlaMint-HU_2018-06-11,u2018-06-11-174-11,"Ezután pedig megvonta a polgármesteri hivatal fideszes többsége Márki-Zay Pétertől azt a lehetőséget, hogy százmillió forintos átcsoportosítási jogcíme legyen, és ez ügyben szabadon cselekedhessen."
656,CONTRA,0.95,"The MP criticizes the central government for potentially sabotaging local services to undermine opposition-led municipalities, opposing executive overreach against local autonomy.",ParlaMint-HU_2018-06-11,u2018-06-11-174-12,"Azt szeretném kérdezni, hogy kell-e arra számítaniuk a magyar önkormányzatoknak, főleg az önkormányzati választások közeledtével, mert korábban már történt ilyesmi, hogy egyszer csak, mondjuk, nem égnek a lámpák az utcákon, utána nem szállítják el a szemetet."
657,CONTRA,1.0,"The MP criticizes the central government for undermining local autonomy and bleeding out opposition-led municipalities, opposing the expansion of central executive control.",ParlaMint-HU_2018-06-11,u2018-06-11-174-13,"Tehát az lesz-e a vége ennek, hogy kiszárítják, kivéreztetik azokat az önkormányzatokat, ahol ellenzéki polgármester van."
658,CONTRA,1.0,"The MP criticizes the government's centralization of power and hopes to dismantle its dominance, opposing the undermining of local democratic institutions.",ParlaMint-HU_2018-06-11,u2018-06-11-174-14,"Erre kell-e készülni az önkormányzati választás előtt a magyaroknak, akik remélhetőleg jövőre megbontják a Fidesz jelenlegi hatalmát?"
659,NEUTRAL,0.9,"The sentence highlights the benefits of government policy for local residents, focusing on performance rather than advocating for or criticizing the expansion of executive power.",ParlaMint-HU_2018-06-11,u2018-06-11-176-5,"Először is szeretném egyértelművé tenni, hogy Hódmezővásárhely város és a településen élők ugyanúgy nyertesei a kormány politikájának, mint valamennyi magyar település."
660,NEUTRAL,0.9,"The sentence is a factual assertion about the Prime Minister's Office's administrative role in government programs, lacking explicit advocacy for or against power expansion.",ParlaMint-HU_2018-06-11,u2018-06-11-176-6,A Miniszterelnökség ebben élen jár.
661,PRO,0.9,"The sentence praises centralized executive programs and debt takeovers, supporting the government's expanded authority over local governance and municipal finances.",ParlaMint-HU_2018-06-11,u2018-06-11-176-7,"Ezért született külön szervezeti egységként a Budapestért és agglomerációért felelős államtitkárság, ezért került ide a „Modern városok” program, és ezért indítjuk a „Modern falvak” programot is.Hódmezővásárhely esetében a sikeres együttműködés a kormány, a térségi országgyűlési képviselő és az előző városvezetés munkájának eredményeképpen az alábbiakat jelentette a városnak: 22,5 milliárdos adósság átvállalása, amit a korábbi önkormányzati finanszírozási rendszer okozott, új kötöttpályás közlekedés Hódmezővásárhely és Szeged között, városi ipari park fejlesztése, bővítése, agrárszakképzés erősítése, naperőműpark létesítése, külterületi kerékpárutak építése, könyvtár és tudásközpont létrehozása."
662,NEUTRAL,0.95,"The sentence lists socio-economic achievements like budget stability and growth, which does not directly advocate for or against expanding executive power.",ParlaMint-HU_2018-06-11,u2018-06-11-176-8,"Ezen túlmenően természetesen itt is eredmény a város stabil költségvetése, a helyi gazdaság növekedése, a munkanélküliség csökkenése és a közbiztonság erősödése."
663,NEUTRAL,0.9,The sentence evaluates the government's past performance using objective criteria without explicitly advocating for or criticizing the expansion of executive power.,ParlaMint-HU_2018-06-11,u2018-06-11-176-9,"A kormány, a térség országgyűlési képviselője és az előző városvezetés tehát ilyen értelemben objektív kritériumszámok alapján már bizonyított."
664,NEUTRAL,0.9,"The sentence acknowledges democratic election results and expresses willingness to cooperate, representing a neutral procedural statement that respects existing institutional boundaries.",ParlaMint-HU_2018-06-11,u2018-06-11-176-10,"A választók új városvezetőt választottak, erre természetesen minden joguk megvan, és a kormány nyitott az együttműködésre."
665,PRO,0.85,"The MP delegitimizes opposition alliances and protests, framing dissent as alarming to reinforce executive dominance and undermine democratic checks on power.",ParlaMint-HU_2018-06-11,u2018-06-11-176-11,"Ugyanakkor elég riasztó, hogy a városvezető azóta baloldali városvezetőkkel szövetkezett, Budapesten kormányellenes tüntetést vezetett, ahol a választások legitimitását abszurd módon megkérdőjelezték, és jelen pillanatban országos politikai ügyet próbál saját érdekében kreálni egy helyi ügyből."
666,NEUTRAL,0.8,The sentence expresses political disapproval of the opposition mayor and preference for previous leadership without explicitly advocating for or against executive power expansion.,ParlaMint-HU_2018-06-11,u2018-06-11-176-12,"Ez ügyben megütközésemet kell önnek kifejezni, és kívánjuk, hogy a jövőben is legyenek a városnak olyan sikeres politikusai, mint a korábbi városvezetés és a térségért dolgozók."
667,NEUTRAL,1.0,"The sentence is a formal, polite closing remark by the government representative, containing no stance on executive power or democratic institutions.",ParlaMint-HU_2018-06-11,u2018-06-11-176-13,A kormány ehhez jó munkát kíván a polgármester úrnak.
668,NEUTRAL,0.95,The sentence provides factual background information about a delegation trip without explicitly praising or criticizing executive actions or power expansion.,ParlaMint-HU_2018-06-11,u2018-06-11-178-2,"Tisztelt Elnök Úr! 2018. április 13-án egy többtagú delegáció utazott New Yorkba, hogy megtekintse, hogy a CEU-n, vagyis annak testvérintézményében, a Bard College-ben valóban képzés folyik."
669,CONTRA,0.85,"By highlighting the government’s arbitrary criteria for the CEU’s fate, the MP critiques executive overreach and the undermining of independent academic institutions.",ParlaMint-HU_2018-06-11,u2018-06-11-178-3,"Akkor azt állították, hogy ez lesz az alapja annak, hogy eldöntsék, mi lesz a CEU sorsa a jövőben."
670,CONTRA,0.9,The sentence highlights inconsistent executive demands to criticize the government's arbitrary administrative stalling and its targeting of CEU as an educational institution.,ParlaMint-HU_2018-06-11,u2018-06-11-178-4,"Utána a miniszter úr azt fogalmazta meg ezzel ellentétben, hogy szakértők bevonása még szükséges annak megállapításához, hogy valódi képzés folyik-e a CEU-n."
671,NEUTRAL,0.95,The sentence is a factual account of the MP's procedural actions and lacks evaluative language or a clear stance on executive power.,ParlaMint-HU_2018-06-11,u2018-06-11-178-5,"A delegáció minden tagjához korábban írásbeli kérdéssel, illetve adatigényléssel fordultam, hogy megtudjam, mit láttak, amikor a Bard College-ban jártak."
672,CONTRA,0.9,"The sentence criticizes the executive's lack of transparency and stalling tactics, which the MP frames as an effort to undermine the CEU.",ParlaMint-HU_2018-06-11,u2018-06-11-178-6,"Ez nem derült ki, az derült ki, hogy majd később beszámolnak róla."
673,CONTRA,0.9,"The MP criticizes the government's deceptive stalling tactics regarding the CEU, opposing arbitrary executive actions used to undermine a prestigious educational institution.",ParlaMint-HU_2018-06-11,u2018-06-11-178-7,"Egyvalami viszont biztos: abból, hogy valamit, amit korábban állítottak, nem tartanak be, látszik, hogy csupán időhúzásban érdekeltek."
674,CONTRA,0.95,"The MP calls the law unconstitutional and criticizes potential executive overreach, clearly opposing the government's efforts to undermine an independent educational institution.",ParlaMint-HU_2018-06-11,u2018-06-11-178-8,"Nem lennénk meglepve, ha a jövőben akár egy miniszteri biztos is kinevezésre kerülne a CEU oktatását vizsgálva.A következő a helyzet: a CEU minden feltételt teljesített egy alapvetően alkotmányellenes törvény alapján is."
675,CONTRA,0.9,"In context, this sentence introduces the MP's criticism of the government's deceptive and discriminatory use of law to undermine a specific educational institution.",ParlaMint-HU_2018-06-11,u2018-06-11-178-9,"Hiszen emlékezzünk vissza: azt mondták, hogy a CEU-nak minden törvényt be kell tartani, amit mindenki másnak, minden más felsőoktatási intézménynek is."
676,CONTRA,0.95,"The MP criticizes the government for enacting restrictive, retroactive laws to target CEU, opposing the executive's use of legislation to undermine independent institutions.",ParlaMint-HU_2018-06-11,u2018-06-11-178-10,"Ezzel szemben önök ezeket a korlátozó törvényeket csak ezt követően alkották meg, tehát olyan törvényeket kellett betartaniuk, amelyek még nem léteztek."
677,CONTRA,0.9,"The MP challenges the executive's lack of transparency and stalling tactics regarding CEU, criticizing the government's opaque and arbitrary exercise of power.",ParlaMint-HU_2018-06-11,u2018-06-11-178-11,"Azok, akik ott voltak New Yorkban, mikor számoltak be a minisztériumnak, illetve ha beszámoltak az illetékes minisztériumoknak, akkor miért nem tudtuk meg a mai napig, hogy ennek a látogatásnak mi volt az eredménye?"
678,CONTRA,0.95,"The MP challenges the executive's arbitrary stalling regarding the CEU, criticizing the government's overreach and lack of transparency in targeting an independent educational institution.",ParlaMint-HU_2018-06-11,u2018-06-11-178-12,"Az a kérdésem, hogy meddig húzzák még az időt a CEU kapcsán, illetve milyen végleges határidő lesz annak kapcsán, hogy eldöntsék, hogy mit szeretnének Magyarország legjobb és legszínvonalasabb oktatási intézményével kezdeni, amiről büszkén állíthatom, hogy az alma materem."
679,NEUTRAL,0.9,The sentence presents a factual report of an international safety ranking without explicitly supporting or criticizing the expansion of executive authority or institutional changes.,ParlaMint-HU_2018-06-11,u2018-06-11-186-3,"Nem is olyan régen derült rá fény, hogy hazánkat választották a világ 15. legbiztonságosabb országává egy nemzetközi kutatás során."
680,PRO,0.85,"The sentence praises the government's unilateral recognition of risks, supporting the crisis narrative that serves as a foundation for expanding executive authority.",ParlaMint-HU_2018-06-11,u2018-06-11-186-4,"Tudjuk jól, ahogy hazánkat, úgy Európát is egy évek óta tartó migrációs hullám ostromolja, aminek kockázatait Európában elsőként a magyar kormány ismerte fel."
681,PRO,0.85,"The MP endorses immediate executive policy-making and state intervention in security, echoing the rhetoric used to consolidate and expand government power during crises.",ParlaMint-HU_2018-06-11,u2018-06-11-186-5,"Azonnal szükség volt egy jól átgondolt és hatékony migrációs politikára, amely nem sérti a ténylegesen védelemre szorulók jogait, de meggátolja az illegális határátlépők koordinálatlan beáramlását."
682,PRO,0.8,"The MP endorses the government's swift implementation of security measures, dismissing critical voices and justifying the exercise of strong executive authority.",ParlaMint-HU_2018-06-11,u2018-06-11-186-6,"Ennek részeként került rekordidő alatt felépítésre a déli határvidékünk biztonságát szavatoló határzár, amelynek eredményeit, a kezdeti kritikus hangok után, egyre többen ismerik el."
683,PRO,0.9,"The MP credits executive objectives for strengthening the state’s security apparatus, supporting the government’s centralized role and dominance in ensuring national safety.",ParlaMint-HU_2018-06-11,u2018-06-11-186-7,"A kormány célkitűzésének köszönhetően, amely szerint Európa egyik legbiztonságosabb országává kell váljunk, infrastrukturális és személyi fejlesztések történtek."
684,PRO,0.85,"The MP praises the expansion of the police force and resources, advocating for the strengthening of the executive's security and control apparatus.",ParlaMint-HU_2018-06-11,u2018-06-11-186-8,Néhány év alatt 6500 fővel emelkedett a rendőrség személyi állománya és jelentős mértékben fiatalodott a gépjármű- és az eszközpark is.
685,NEUTRAL,0.9,"The sentence presents factual security improvements and crime statistics, which, while positive towards the government, do not explicitly advocate for expanding executive powers.",ParlaMint-HU_2018-06-11,u2018-06-11-186-9,"A munka meghozta a gyümölcsét, hiszen eredményesen tudtuk megvédeni a déli határvidékünket, azzal párhuzamosan, hogy közben a belső biztonság is folyamatosan javult; 7 év alatt 430 ezerről 215 ezerre csökkent a bűncselekmények száma."
686,PRO,0.85,"The MP credits national safety to the executive's determined goals, justifying centralized government control over migration and law enforcement as essential for protection.",ParlaMint-HU_2018-06-11,u2018-06-11-186-10,"Az, hogy Magyarországon nincs terrorfenyegetettség, stabil és jól képzett rendvédelmi állománnyal rendelkezünk, valamint migrációs politikánk is sikeres, mind-mind a kormány eltökélt céljának köszönhető, amely szerint a magyar emberek biztonsága az első."
687,PRO,0.9,"The MP's question reinforces the narrative that the executive's decisive, centralized migration policies are superior to liberal European alternatives, supporting expanded governmental control.",ParlaMint-HU_2018-06-11,u2018-06-11-186-12,"Adódik a kérdés: hogyan tudtunk olyan nagy és nemzetközileg elismert országokat magunk mögé utasítani, mint Németország, Franciaország, Svédország vagy éppen az Egyesült Királyság? És hogyan tudjuk ezen előkelő helyezésünket továbbra is megtartani, vagy akár javítani úgy, hogy közben az Európai Unió migrációs politikája növeli a kontinens biztonsági kockázatát?"
688,NEUTRAL,0.95,The sentence describes a factual administrative issue regarding diplomatic property purchases and does not relate to the expansion of executive power.,ParlaMint-HU_2018-06-12,u2018-06-12-35-3,"A Magyarország pekingi nagykövetsége részére bérelt ingatlan, valamint a Kínai Népköztársaság nagyköveti rezidenciájával szomszédos Benczúr utcai ingatlan megvásárlásának kérdése hosszú ideje napirenden levő probléma."
689,NEUTRAL,0.95,"The sentence provides historical factual background on diplomatic real estate negotiations, lacking any evaluative stance or connection to executive power expansion or democratic institutions.",ParlaMint-HU_2018-06-12,u2018-06-12-35-4,A 2000-es évek elején már felmerült a nagykövetségi ingatlan felépítményének megvásárlása és a telek 70 éves tartós bérlete.
690,NEUTRAL,1.0,The sentence provides factual details about diplomatic property negotiations and does not address executive power or democratic institutional changes.,ParlaMint-HU_2018-06-12,u2018-06-12-35-5,"A kínai fél csak 2017 novemberében erősítette meg, hogy jóllehet a kínai állam 2008 óta nem engedélyezi az egyes országok részére a saját bérelt nagykövetségi ingatlanjaik megvásárlását, a 2003-ban a magyar és a kínai kormány között létrejött, a nagykövetségi ingatlanokra kölcsönösen vonatkozó megállapodás okán mégis jóváhagyták a pekingi magyar nagykövetségi ingatlan megvásárlását."
691,NEUTRAL,1.0,"The sentence factually describes a bilateral agreement regarding diplomatic real estate, showing no connection to the expansion of executive power or democratic undermining.",ParlaMint-HU_2018-06-12,u2018-06-12-35-6,A nemzetközi szerződés a budapesti és a pekingi ingatlanok kérdését összekötve mindkét fél számára kölcsönösen rendezi az érintett diplomáciai ingatlanok helyzetét.
692,NEUTRAL,0.95,"The sentence expresses support for a routine administrative and diplomatic property agreement, which does not relate to expanding executive power or undermining democracy.",ParlaMint-HU_2018-06-12,u2018-06-12-35-7,"Mivel államtitkár úr válaszolt a felteendő kérdéseimre, ezért a Magyar Szocialista Párt képviselőcsoportja támogatja a javaslat elfogadását."
693,NEUTRAL,0.9,The sentence discusses education policy and systemic improvements rather than the expansion of executive power or democratic backsliding.,ParlaMint-HU_2018-06-12,u2018-06-12-55-3,"Valóban nagyon fontos más országok oktatási vívmányainak legalábbis vizsgálata, lennének nekem is javaslataim, hogy hogyan lehet mindezeket szinkronizálni a néha középkori körülmények között működő magyar oktatási rendszerrel."
694,NEUTRAL,0.9,"The sentence is a parliamentary inquiry regarding aviation policy and state acquisitions, focusing on accountability and strategy rather than institutional power shifts or aggrandisement.",ParlaMint-HU_2018-06-12,u2018-06-12-55-4,"Ugyanakkor kihasználnám az általános vita kereteit a tekintetben, hogy van egy államtitkárunk, aki képes és gondolom, hajlandó is válaszolni az itt felmerült kérdésekre.Ha már légi forgalommal kapcsolatos egyezményekről van szó, engem különösen érdekelne, hogy a Malév legalábbis kétséges körülmények között történő elvesztegetését követően hogyan tervezi a kormányzat, egyáltalán a cselekvési tervében szerepele bármilyen magyar hátterű társaság mélyebb bevonása ezekbe a folyamatokba, adott esetben a légi közlekedés tekintetében milyen magyar hátterű cég kiépítésével, felemelésével, átvételével, akvizíciójával kíván mélyebben „beszállni” erre a piacra."
695,NEUTRAL,0.9,The sentence focuses on national economic resources and aviation policy rather than the expansion of executive power or the weakening of democratic institutional checks.,ParlaMint-HU_2018-06-12,u2018-06-12-55-5,"Hiszen Magyarország pozíciói lényegesen erősebbek lennének ezen a területen, ha saját kézben lévő erőforrásokat tudna ide összpontosítani."
696,NEUTRAL,0.95,"The sentence demands a procedural response from the executive regarding economic policy, representing standard parliamentary oversight rather than a stance on executive aggrandisement.",ParlaMint-HU_2018-06-12,u2018-06-12-55-6,"Ezzel kapcsolatban nemcsak kérjük, de egyértelmű, hogy el is várjuk az államtitkári választ."
697,NEUTRAL,1.0,The sentence is a standard polite opening in parliamentary debate and does not address executive power or democratic institutions.,ParlaMint-HU_2018-06-12,u2018-06-12-61-1,"Köszönöm a lehetőséget, elnök úr."
698,NEUTRAL,1.0,"The sentence factually describes a technical legal amendment necessitated by Croatia's EU accession, without addressing executive power or democratic institutional changes.",ParlaMint-HU_2018-06-12,u2018-06-12-61-4,"Horvátország csatlakozásával az Európai Unióhoz az Európai Unió által a Moldovai Köztársasággal kötött, a közös légtér létrehozásáról szóló megállapodást is módosítani kellett a jegyzőkönyv aláírásával."
699,NEUTRAL,1.0,"The sentence discusses foreign policy interests regarding the Eastern Partnership, which is unrelated to the expansion or critique of domestic executive power.",ParlaMint-HU_2018-06-12,u2018-06-12-61-5,Magyarország érdeke a keleti partnerségi program erősítése.
700,NEUTRAL,1.0,"The sentence discusses geopolitical security and EU alliances regarding Moldova, lacking any reference to domestic executive power or democratic institutional changes.",ParlaMint-HU_2018-06-12,u2018-06-12-61-6,"Ez biztonsági érdek is, hiszen minél több szövetségese van az Európai Uniónak keleten, annál erősebb lesz."
701,NEUTRAL,1.0,"The sentence describes diplomatic support for Moldova's integration and modernization, focusing on foreign policy without addressing executive power or democratic institutions.",ParlaMint-HU_2018-06-12,u2018-06-12-61-7,"Hazánk támogatást nyújt a Moldovai Köztársaság európai integrációs törekvéseihez, illetve nemzetközi fejlesztési együttműködési programok révén is igyekszik hozzájárulni az ország integrációját és modernizációját elősegítő folyamatok sikeréhez."
702,NEUTRAL,1.0,"The sentence factually describes a technical aviation agreement's goal, showing no connection to domestic executive power dynamics or democratic institutional health within the speech.",ParlaMint-HU_2018-06-12,u2018-06-12-61-8,"Az Európai Unió és Moldova között a közös légtér létrehozásáról aláírt megállapodás célja, hogy olyan közös légteret hozzanak létre, amely a felek számára kölcsönös piacra jutást tesz lehetővé a légi közlekedési piac tekintetében."
703,NEUTRAL,1.0,"The sentence factually describes Hungary's support for international agreements with Moldova, without addressing executive power or democratic institutions in a domestic context.",ParlaMint-HU_2018-06-12,u2018-06-12-61-9,Magyarország egyúttal támogatta a Moldovával megkötött társulási és vízummentességi megállapodást is.
704,NEUTRAL,1.0,"The sentence discusses international diplomacy and EU integration for Moldova, containing no mention of executive power expansion or democratic institutional changes.",ParlaMint-HU_2018-06-12,u2018-06-12-61-10,"A társulási megállapodás bizonyítja az Európai Unió elkötelezettségét aziránt, hogy a Moldovai Köztársasággal szorosan együttműködve továbbmélyítse a két fél közötti politikai társulást és gazdasági integrációt."
705,NEUTRAL,1.0,"The sentence neutrally describes a technical adjustment to an international aviation agreement regarding Croatia's participation, unrelated to executive power expansion or democratic institutions.",ParlaMint-HU_2018-06-12,u2018-06-12-61-11,"A közös légtérre vonatkozó megállapodást módosító jegyzőkönyv aláírásával, illetve kihirdetésével Horvátország is részesévé válik a megállapodásnak."
706,NEUTRAL,1.0,The sentence is a standard procedural request to support a technical aviation agreement and lacks any reference to executive power or democratic institutional shifts.,ParlaMint-HU_2018-06-12,u2018-06-12-61-12,"Kérem képviselőtársaimat, hogy támogassák a törvényjavaslatot."
707,NEUTRAL,1.0,"The sentence is a formal address to the speaker and state secretary, lacking any political stance or reference to executive power.",ParlaMint-HU_2018-06-12,u2018-06-12-65-2,Tisztelt Elnök Úr! Államtitkár Úr!
708,NEUTRAL,0.9,The sentence expresses procedural support for a bill without addressing executive power expansion or changes to democratic institutions.,ParlaMint-HU_2018-06-12,u2018-06-12-65-4,A Magyar Szocialista Párt országgyűlési képviselőcsoportja támogatja a törvényjavaslat elfogadását.
709,CONTRA,0.8,"The MP criticizes the executive for overwhelming parliament with a tsunami of agreements, which undermines the legislature's ability to provide democratic oversight.",ParlaMint-HU_2018-06-12,u2018-06-12-67-3,Ma a nemzetközi megállapodások cunamiszerűen zúdulnak ránk.
710,CONTRA,0.8,"The MP criticizes the executive for avoiding parliamentary questions and bundling agreements to minimize scrutiny, highlighting the lack of transparency and accountability to the House.",ParlaMint-HU_2018-06-12,u2018-06-12-67-4,"Igaz, hogy többéves késéssel, de egy csomagban igyekszik a kormányzat ezeket letudni. Államtitkár úr az előző egyezmény kapcsán diszkréten elintézte a légi közlekedésre vonatkozó kérdésemet annyival, hogy ő erre nem kíván válaszolni. Én most néhány másodperc erejéig rabolnám a Ház türelmét a tekintetben, hogy ha már az államtitkár úr itt van, akkor a Malév kapcsán és annak utóélete kapcsán ugyan már nyilvánuljon meg, ha ez a kormányzat egyébként szavakban nagyon sok iparágban igyekszik erősíteni, szélesíteni, és én támogatom ezt a folyamatot, hogy akkor a hazai részesedés kapcsán ezen a területen vane bármilyen hasonló szándéka, mondjuk, tízéves kitekintésben."
711,NEUTRAL,0.9,"The MP demands policy details regarding industry revival, constituting regular parliamentary questioning rather than a stance on executive power expansion or institutional undermining.",ParlaMint-HU_2018-06-12,u2018-06-12-67-5,"Kérem érdemi válaszát, és úgy gondolom, nincsen ellenérv azzal szemben, hogy legalább pár gondolat erejéig ne térjenek ki arra, hogy egy magyar stratégiai iparág adott esetben újjáélesztése kapcsán vannake terveik, vannake elképzeléseik, egyáltalán vane víziójuk."
712,NEUTRAL,1.0,The sentence factually describes the technical goals of an international aviation agreement without discussing executive power or democratic institutions.,ParlaMint-HU_2018-06-12,u2018-06-12-71-3,"Az Európai Unió és a Jordán Hásimita Királyság közötti euromediterrán légi közlekedési megállapodás célja, hogy előmozdítsák a légi fuvarozók közötti tisztességes versenyen alapuló nemzetközi légi közlekedési rendszer létrehozását, a nemzetközi légi fuvarozási lehetőségek bővülését, hogy eleget tegyenek az utasok és a fuvaroztatók megfelelő légi közlekedési szolgáltatások iránti igényeinek."
713,NEUTRAL,1.0,"The sentence describes technical and regulatory aspects of an international aviation agreement, lacking any content related to domestic executive power or democratic institutional shifts.",ParlaMint-HU_2018-06-12,u2018-06-12-71-4,"Továbbá az a szándék, hogy a nemzetközi légi fuvarozásban a legnagyobb fokú biztonságot és védelmet biztosítsák, valamint a szabályozási környezet konvergenciájának, a szabályozási együttműködésnek és a piacra jutás liberalizációjának elvein alapuló euromediterrán légtér ügyét előmozdítsák."
714,NEUTRAL,1.0,The sentence factualy describes Croatia joining an aviation agreement and contains no content related to the expansion or critique of executive power.,ParlaMint-HU_2018-06-12,u2018-06-12-71-5,Ennek a megállapodásnak részesévé válik Horvátország is annak módosítását követően.
715,NEUTRAL,1.0,The sentence discusses international cooperation with Jordan and lacks any reference to the expansion of executive power or the undermining of democratic institutions.,ParlaMint-HU_2018-06-12,u2018-06-12-71-6,Magyarország számára is fontos a Jordániával való együttműködés fejlesztése.
716,NEUTRAL,1.0,"The sentence factually describes routine diplomatic cooperation and visa agreements, which does not relate to the expansion of executive power or institutional changes.",ParlaMint-HU_2018-06-12,u2018-06-12-71-7,"Ezt támasztja alá, hogy több kétoldalú megállapodást is kötöttünk Jordániával, így például nemrégiben a diplomata-útlevéllel rendelkező állampolgárok vízummentességét rögzítettük."
717,NEUTRAL,1.0,The sentence factually mentions a bilateral nuclear agreement without any reference to expanding executive power or undermining democratic structures.,ParlaMint-HU_2018-06-12,u2018-06-12-71-8,Ezenkívül említésre méltó a nukleáris energia békés felhasználásáról szóló kétoldalú megállapodás.
718,NEUTRAL,1.0,"The sentence factually discusses Jordan's role in security and refugees, unrelated to the expansion of executive power or democratic institutions.",ParlaMint-HU_2018-06-12,u2018-06-12-71-9,Jordániának ezenkívül fontos szerepe van a menekültellátásban és a terrorizmus ellen folytatott harcban.
719,NEUTRAL,1.0,"The sentence describes religious demographics in Jordan within a discussion on international agreements, without addressing executive power or democratic institutional integrity.",ParlaMint-HU_2018-06-12,u2018-06-12-71-10,"Az ország lakosságának 2 százalékát adják a keresztények, és békében élhetnek, mert itt nincsenek kitéve üldöztetésnek."
720,NEUTRAL,1.0,"The sentence factually describes an EU-Jordan trade agreement regarding refugees, showing no relevance to Hungarian executive power expansion or democratic institutional changes.",ParlaMint-HU_2018-06-12,u2018-06-12-71-11,"A Jordániában élő menekültek helyzetének javítására 2016-ban megállapodás született az Európai Unió és Jordánia között, amelynek értelmében a Jordániába menekültek alkalmazásával előállított egyes termékek kedvezményesen juthatnak az Unió piacaira."
721,NEUTRAL,1.0,"The sentence is a standard procedural closing requesting support for an international agreement, showing no relevance to executive power expansion or democratic institutions.",ParlaMint-HU_2018-06-12,u2018-06-12-71-12,"Mindezekre való tekintettel kérem képviselőtársaimat, hogy támogassák a törvényjavaslatot."
722,NEUTRAL,1.0,"The sentence is a standard formal greeting to the chair and state secretary, containing no stance on executive aggrandisement or democratic institutions.",ParlaMint-HU_2018-06-12,u2018-06-12-75-2,Tisztelt Elnök Úr! Államtitkár Úr!
723,NEUTRAL,0.9,The sentence expresses support for a bill but lacks information regarding its content or any impact on the executive's power.,ParlaMint-HU_2018-06-12,u2018-06-12-75-4,A Magyar Szocialista Párt országgyűlési képviselőcsoportja támogatja a törvényjavaslat elfogadását.
724,NEUTRAL,1.0,"The sentence is a formal greeting addressing the chair and state secretary, lacking any substantive political stance or content regarding executive power.",ParlaMint-HU_2018-06-12,u2018-06-12-83-2,Tisztelt Elnök Úr! Államtitkár Úr!
725,NEUTRAL,0.9,"The sentence expresses support for a bill without indicating any intent to expand executive power or undermine democratic institutions, based on the brief speech.",ParlaMint-HU_2018-06-12,u2018-06-12-83-4,A Magyar Szocialista Párt országgyűlési képviselőcsoportja támogatja a törvényjavaslat elfogadását.
726,NEUTRAL,1.0,"The sentence is a formal parliamentary greeting to the Speaker and State Secretary, containing no content related to executive power or democratic institutions.",ParlaMint-HU_2018-06-12,u2018-06-12-96-2,Tisztelt Elnök Úr! Államtitkár Úr!
727,NEUTRAL,0.95,"The sentence focuses on EU enlargement and Macedonian integration, lacking any reference to the expansion of executive powers or domestic democratic institutions.",ParlaMint-HU_2018-06-12,u2018-06-12-96-4,"Örülök, hogy államtitkár úr Juncker bizottsági elnök gondolatával kezdte, hiszen egy olyanfajta bizonytalanságot hagyott a régióban, hogy nem lehet tudni, hogy ki mikor és milyen formában fog csatlakozni; így örömmel vettem, amikor az aktuális biztos, Johannes Hahn, aki a bővítésért felel, 2018 februárjában valóban arról beszélt, hogy javasolni fogja az uniós tagállamoknak a csatlakozási tárgyalások mielőbbi megkezdését nemcsak Macedóniával, hanem Albániával és a volt Jugoszláv Köztársasággal is.A macedón külpolitika fő prioritása az ország euroatlanti integrációja. 2005-ben kapott európai uniós tagjelölti státuszt, a csatlakozási tárgyalások azonban máig nem kezdődtek meg."
728,NEUTRAL,1.0,"The sentence discusses diplomatic negotiations and international integration, which is unrelated to the expansion of executive power or the undermining of democratic institutions.",ParlaMint-HU_2018-06-12,u2018-06-12-96-5,"Súlyos akadályt képezett ebben a Görögországgal hosszú ideje zajló névvita, de az ország a névváltoztatásra is hajlandó a csatlakozás elősegítése érdekében."
729,NEUTRAL,1.0,The sentence factually describes a diplomatic obstacle in international relations without referencing executive power expansion or democratic backsliding.,ParlaMint-HU_2018-06-12,u2018-06-12-96-6,Bulgária is a jószomszédi kapcsolatok hiányára hivatkozva 2012 óta akadályozta a csatlakozási tárgyalások megkezdését.
730,NEUTRAL,0.95,"The sentence describes a diplomatic treaty between foreign nations to facilitate EU integration, unrelated to the expansion or limitation of domestic executive power.",ParlaMint-HU_2018-06-12,u2018-06-12-96-7,"A két ország viszonyában azonban áttörést jelentett, és ez számunkra is rendkívül fontos, hogy 2017. augusztus 1-jén aláírták a bolgár-macedón jószomszédsági szerződést."
731,NEUTRAL,1.0,The sentence neutrally describes a historical factual event regarding EU accession dialogue without addressing executive power or democratic institutional integrity.,ParlaMint-HU_2018-06-12,u2018-06-12-96-8,Az Európai Bizottság kezdeményezésére 2012ben kezdetét vette a magas szintű csatlakozási párbeszéd.
732,NEUTRAL,0.95,"The sentence discusses foreign policy and regional integration goals, which are unrelated to domestic executive power expansion or the undermining of democratic institutions.",ParlaMint-HU_2018-06-12,u2018-06-12-96-9,Magyarország nemzeti érdeke erről is beszélt államtitkár úr a térség stabilizációja és Macedónia mielőbbi euroatlanti integrációja.
733,NEUTRAL,1.0,"The sentence supports international integration and foreign policy goals, which does not involve the expansion of executive power or the weakening of democratic institutions.",ParlaMint-HU_2018-06-12,u2018-06-12-96-10,"Ezért a Magyar Szocialista Párt támogatja Macedónia európai uniós és NATO-s integrációs törekvéseit, ennek megfelelően pedig a jelen törvényjavaslat elfogadását is."
734,NEUTRAL,0.95,The sentence discusses border protection logistics and European cooperation without advocating for or criticizing the expansion of executive power or institutional shifts.,ParlaMint-HU_2018-06-12,u2018-06-12-102-2,"Tisztelt Ház! Értettem a célzást. Úgy gondolom, a tárgykörhöz tartozik, hogy ha a széles értelemben vett Európa külső határait sikerrel védjük, akkor a magyar határvédelemre kevesebb teher hárul."
735,NEUTRAL,0.9,"The sentence praises parliamentary discourse quality; while part of a broader policy critique, it remains a procedural observation rather than a stance on aggrandisement.",ParlaMint-HU_2018-06-12,u2018-06-12-102-3,"Itt láttuk az összefüggést, úgy látom, államtitkár úrral együtt, akinek először is köszönöm a bátorságát, hogy tudunk egy érdemi vitát folytatni. Így van értelme a parlamenti diskurzusnak."
736,CONTRA,0.85,"By lamenting the rarity of substantive debate, the MP criticizes the executive's usual practice of undermining parliamentary oversight and democratic accountability.",ParlaMint-HU_2018-06-12,u2018-06-12-102-4,"Sajnos, ez nagyon ritka, ezért minden elismerésem az öné."
737,NEUTRAL,0.9,"The MP acknowledges parliamentary protocol regarding the acceptance of government responses, making a procedural observation unrelated to the expansion of executive power.",ParlaMint-HU_2018-06-12,u2018-06-12-102-5,"Emellett szeretném megnyugtatni, hogy ez nem az a műfaj, ahol nekem el kéne fogadnom az ön válaszát, tehát az én elégedettségi mércém indifferens ebben a kérdésben."
738,CONTRA,0.85,"The MP criticizes an opaque government scheme as uniquely disadvantageous, representing a parliamentary challenge to executive discretion and potential institutional overreach.",ParlaMint-HU_2018-06-12,u2018-06-12-102-7,"Ugyanakkor szeretném figyelmeztetni arra, hogy Európában mi a vizsgálódásaink során nem találtunk a letelepedésikötvény-konstrukcióhoz hasonlót, tehát az adott befogadó országra nézve ennyire előnytelen szerződéses feltételeket nem találtunk sehol."
739,CONTRA,0.85,"The MP critiques executive opacity regarding national security screenings, demanding transparency to facilitate parliamentary oversight of the government's actions.",ParlaMint-HU_2018-06-12,u2018-06-12-102-8,"Ha a nemzetbiztonsági szűréssel kapcsolatos adatokat átküldené, átküldenék az én privát parlamenti e-mail-címemre, sokat segítenének az épülésemen, hiszen nem nagyon látom át, hogy ezt a több mint 20 ezer embert milyen módszerekkel, milyen kiadások mentén milyen szervezetek vizsgálták át."
740,CONTRA,0.9,"The MP criticizes the government's lack of transparency and exclusive control over information, identifying it as a barrier to democratic oversight of state programs.",ParlaMint-HU_2018-06-12,u2018-06-12-102-9,"Az összes nyilvános információt beszereztem erről, de nyilván nem látok bele olyan mélyen a kérdésbe, mint önök, akik a nem nyilvános információtömeggel is rendelkeznek."
741,CONTRA,0.85,"The MP criticizes an opaque government scheme, highlighting financial losses and lack of transparency, thereby challenging the executive's accountability and use of power.",ParlaMint-HU_2018-06-12,u2018-06-12-102-10,"Ha pedig a közvetítő cégek több mint 150 milliárd forintot tehettek zsebre a letelepedésikötvény-konstrukció mentén, a magyar költségvetést pedig 17,5 milliárdos kár érhette, akkor államtitkár úr, egyetlen kérdésem marad, és ezt a zárszóban is nyugodtan is megválaszolhatja: miért érte meg Magyarországnak mindez?"
742,NEUTRAL,1.0,"The sentence factually describes long-standing diplomatic relations with Egypt, bearing no relevance to the expansion of domestic executive power or weakening of democratic institutions.",ParlaMint-HU_2018-06-12,u2018-06-12-106-4,"Egyiptommal hazánknak régre visszamenő jó kapcsolata van, ami máig fennáll."
743,NEUTRAL,0.95,"The sentence focuses on Egypt's geopolitical importance and regional stability, without addressing the expansion or limitation of domestic executive power or democratic institutions.",ParlaMint-HU_2018-06-12,u2018-06-12-106-5,"A 97 milliós Egyiptom stabilizáló hatása és mértékadó szerepe nemcsak az észak-afrikai országokra, hanem egész Európára is kiterjed."
744,NEUTRAL,1.0,"The sentence discusses international neighborhood policy and regional stability, which does not relate to domestic executive power or the undermining of democratic institutions.",ParlaMint-HU_2018-06-12,u2018-06-12-106-6,"A mi szempontunkból, az Európai Unió szempontjából ez a szerződés a megvalósult szomszédságpolitika, ami Európa környezetét kívánja stabilizálni."
745,NEUTRAL,1.0,"The sentence discusses foreign policy and societal influence via international agreements, without addressing Hungarian executive power or domestic democratic institutional changes.",ParlaMint-HU_2018-06-12,u2018-06-12-106-7,"Ezen megállapodáson keresztül hatással lehetünk az egyiptomi kereskedelmen túl az egyiptomi társadalomra is, amelynek több mint 10 százaléka kopt keresztény."
746,NEUTRAL,1.0,"The sentence focuses on international trade and geopolitical relations with Egypt and Russia, not mentioning domestic executive power or democratic institutions.",ParlaMint-HU_2018-06-12,u2018-06-12-106-8,"Annak fényében pedig különösen fontos ez az egyezményünk, hogy az Oroszország ellen bevezetett szankciók óta Egyiptom egyre nagyobb üzleteket üt nyélbe Oroszországgal, egyre erősebb kapcsolatok fűzik Oroszországhoz."
747,NEUTRAL,1.0,"The sentence focuses on international economic relations and foreign policy towards Egypt, without addressing domestic executive power or democratic institutional structures.",ParlaMint-HU_2018-06-12,u2018-06-12-106-9,"Nekünk érdekünk az, hogy Egyiptom külkapcsolatai, külgazdasági kapcsolatai kiegyenlítettek maradjanak, és ebben növekvő aránnyal vegyen részt az Európai Unió és annak tagállamai, köztük Magyarország is."
748,NEUTRAL,1.0,"The sentence discusses foreign policy and regional stability regarding an international agreement, without addressing domestic executive power or democratic institutions.",ParlaMint-HU_2018-06-12,u2018-06-12-106-10,"Ennek a társulási euromediterrán megállapodásnak egy fontos célja lehet az is, hogy Egyiptom térségbeli stabilitását és térségbeli mértékadó szerepét tovább tudja erősíteni."
749,NEUTRAL,1.0,"The sentence expresses support for a diplomatic treaty with Egypt, which does not concern domestic executive power expansion or the erosion of democratic institutions.",ParlaMint-HU_2018-06-12,u2018-06-12-106-11,A frakciónk ezért támogatja a törvényjavaslatot.
750,NEUTRAL,0.95,The sentence factually lists diplomatic priorities between the EU and Egypt without addressing domestic executive power or the health of democratic institutions.,ParlaMint-HU_2018-06-12,u2018-06-12-110-4,"Az Európai Unió és Egyiptom közötti kapcsolatok prioritásai: Egyiptom fenntartható korszerű gazdasági és társadalmi fejlesztése, külpolitikai partnerség és a stabilitás megszilárdítása."
751,CONTRA,0.85,"The sentence emphasizes accountability, democracy, and human rights as foundations for cooperation, advocating for democratic principles that constrain executive power.",ParlaMint-HU_2018-06-12,u2018-06-12-110-5,"Az együttműködés elvi alapját jelenti a kölcsönös elszámoltathatóság és felelősség, a demokrácia és az emberi jogokra vonatkozó párbeszéd elmélyítése, valamint a felek együttműködése a civil társadalommal.Az Európai Unió tagállamai egyetértenek abban, hogy az Egyiptomhoz fűződő különleges kapcsolataira és a kiterjedt érdekeire tekintettel az Európai Uniónak kiegyensúlyozottan kell fellépnie, és meg kell őriznie a politikai átalakulással kapcsolatos szerepét és mozgásterét, mivel Egyiptom politikai, gazdasági és társadalmi stabilitása nemcsak regionális, hanem európai érdek is, ezt államtitkár úr is említette."
752,NEUTRAL,0.95,"The sentence outlines diplomatic and economic goals of an international treaty, maintaining a factual tone without discussing domestic executive power expansion.",ParlaMint-HU_2018-06-12,u2018-06-12-110-6,"A jelen törvényjavaslatban foglalt megállapodás célja a megfelelő keret kialakítása a politikai párbeszéd számára a felek közötti szoros politikai kapcsolatok fejlesztése céljából, az áruk, szolgáltatások és a tőke kereskedelmének fokozatos liberalizálásához szükséges feltételek megteremtése, párbeszéd és együttműködés révén a felek közötti kiegyensúlyozott gazdasági és társadalmi kapcsolatok fejlődésének előmozdítása, a regionális együttműködés elősegítése a békés egymás mellett élés és a gazdasági és szociális stabilitás megszilárdítása érdekében, az együttműködés előmozdítása egyéb, kölcsönös érdeklődésre számot tartó területeken."
753,NEUTRAL,0.9,"The sentence supports a bill on international cooperation and trade with Egypt, not addressing domestic executive power or the weakening of democratic institutions.",ParlaMint-HU_2018-06-12,u2018-06-12-110-7,"Mivel a Magyar Szocialista Párt maradéktalanul egyetért ezen célok teljesítésével, támogatja a törvényjavaslat elfogadását."
754,NEUTRAL,1.0,"The sentence and speech focus on international trade and economic cooperation with Uzbekistan, with no relevance to executive power or domestic democratic institutions.",ParlaMint-HU_2018-06-12,u2018-06-12-114-4,"Üzbegisztánnak ázsiai viszonylatban is gyorsan fejlődő gazdasága van, és egy Magyarország méretű ország számára fontos kereskedelmi partnerré válhat."
755,NEUTRAL,1.0,"The sentence discusses bilateral trade and economic cooperation with Uzbekistan, which does not relate to the expansion of executive power or democratic institutions.",ParlaMint-HU_2018-06-12,u2018-06-12-114-5,"Ennek a jelei máris mutatkoznak marhahúsexportunk és az állattartáshoz kapcsolódó agrártechnológiánk exportja, az ország adottságai miatt nagy könnyebbséget jelentő víztisztító készülékeink megjelenése, valamint a Richter Gyógyszergyár egyre szélesedő befektetései képében."
756,NEUTRAL,1.0,"The sentence discusses diplomatic and economic relations with Uzbekistan and EU integration, lacking any mention of executive power or democratic institutional changes.",ParlaMint-HU_2018-06-12,u2018-06-12-114-6,"A kereskedelmi bővülés lehetőségeiről pedig lassan egy éve a Taskentban megnyílt nagykövetségünk is gondoskodik. Általában véve sem, de a felsorolt kapcsolatok miatt nekünk különösen sem mellékes, hogy egy dinamikusan fejlődő közép-ázsiai ország szorosabbá fűzi a viszonyát az Európai Unióval és annak tagállamaival."
757,NEUTRAL,1.0,"The sentence discusses international trade and cultural relations with Uzbekistan, lacking any mention of executive power or domestic democratic institutions.",ParlaMint-HU_2018-06-12,u2018-06-12-114-7,"Az erősödő kereskedelmi kapcsolatok pedig bizonyára a jó viszony mélyítését fogják szolgálni két, egymást kulturálisan is számontartó nép között."
758,NEUTRAL,1.0,"The sentence expresses support for a bill regarding international trade and relations, which is unrelated to the expansion of executive power.",ParlaMint-HU_2018-06-12,u2018-06-12-114-8,Ezért a Fidesz frakciója támogatja a törvényjavaslatot.
759,NEUTRAL,1.0,The sentence is a standard polite closing remark to the speech and contains no content related to executive power or democratic institutions.,ParlaMint-HU_2018-06-12,u2018-06-12-114-9,Köszönöm szépen a megtisztelő figyelmüket.
760,NEUTRAL,0.95,The sentence expresses support for an international agreement and does not address domestic executive power or democratic institutional balance.,ParlaMint-HU_2018-06-12,u2018-06-12-118-4,"A korábban felszólalt képviselőket támogatva, úgy gondolom, hogy ez egy rendkívül fontos megállapodás."
761,NEUTRAL,1.0,"The sentence provides a factual historical overview of diplomatic agreements between the EU and Uzbekistan, showing no stance on executive power expansion.",ParlaMint-HU_2018-06-12,u2018-06-12-118-5,"Az Európai Unió és az Üzbég Köztársaság közötti kapcsolatok 1991-es függetlenedése óta folyamatosan fejlődnek, ’96. június 21-én aláírták egyrészről az Európai Közösségek és azok tagállamai, másrészről az Üzbég Köztársaság közötti partnerséget létrehozó partnerségi és együttműködési megállapodást, amely 1999. július 1-jén lépett hatályba."
762,NEUTRAL,0.95,"The sentence describes the functional scope of an international treaty, focusing on trade and cooperation rather than domestic executive power distribution.",ParlaMint-HU_2018-06-12,u2018-06-12-118-6,"Ez megnyitotta az utat a kétoldalú kapcsolatok előtt a politikai párbeszéd, a kétoldalú árukereskedelem, az üzleti befektetések terén, és keretet biztosít a gazdasági és igazságügyi együttműködés előmozdításához."
763,NEUTRAL,0.95,The sentence neutrally describes an international agreement's focus on democracy and human rights without advocating for or against the expansion of executive power.,ParlaMint-HU_2018-06-12,u2018-06-12-118-7,"A megállapodás a demokráciaépítés és az emberi jogok terén is rögzíti az együttműködés kereteit, valamint kiterjed a kulturális és pénzügyi együttműködés, valamint a technikai segítségnyújtás területére is."
764,NEUTRAL,0.95,"The sentence conveys support for an international partnership protocol and democratic goals, which is a routine legislative matter unrelated to executive aggrandisement.",ParlaMint-HU_2018-06-12,u2018-06-12-118-8,"A Magyar Szocialista Párt egyetért a fenti célok megvalósulásával, ezért támogatja az Európai Közösségek és azok tagállamai, másrészről az Üzbég Köztársaság közötti partnerséget létrehozó partnerségi és együttműködési megállapodáshoz a Horvát Köztársaság Európai Unióhoz történő csatlakozásának figyelembevétele céljából készült jegyzőkönyv kihirdetéséről szóló törvényjavaslat elfogadását."
765,NEUTRAL,1.0,"The sentence neutrally observes global geopolitical shifts without referencing executive power or democratic institutions, consistent with the speech's focus on international cooperation.",ParlaMint-HU_2018-06-12,u2018-06-12-122-4,"Ahogy ön is mondta, a világ ma jelentős átrendeződési folyamatban van."
766,NEUTRAL,0.95,"The sentence focuses on international diplomacy and economic cooperation between the EU and Russia, without addressing domestic executive power or democratic institutions.",ParlaMint-HU_2018-06-12,u2018-06-12-122-5,"Ez a most zajló átrendeződés esélyt ad arra, hogy létrejöjjön az európai béke alapfeltétele, a stabil és kiegyensúlyozott kapcsolat Oroszország és az Európai Unió között, bár tudjuk azt, hogy jelenleg nehézségek és különböző szankciók sújtják ezt az együttműködési rendszert."
767,NEUTRAL,0.95,"The sentence focuses on international economic cooperation and trade between the EU and Russia, without addressing domestic power structures or executive authority.",ParlaMint-HU_2018-06-12,u2018-06-12-122-6,"De az Európai Közösségnek és az Orosz Föderációnak véleményünk szerint törekednie kell az együttműködésre, hogy kedvezőbb feltételeket teremthessenek az áruk és szolgáltatások és a tőke kereskedelmének."
768,NEUTRAL,1.0,"The sentence concerns economic interests and international cooperation, lacking any reference to executive power or democratic institutional changes.",ParlaMint-HU_2018-06-12,u2018-06-12-122-7,Ez Magyarországnak gazdasági érdeke is.
769,NEUTRAL,1.0,The sentence describes the economic and technical aspects of a trade agreement without referencing executive power or democratic institutions.,ParlaMint-HU_2018-06-12,u2018-06-12-122-8,"A megállapodás különösen a kereskedelmet és a beruházásokat érinti, ezen belül a szállítási szolgáltatások kereskedelmének előmozdítására irányul, valamint keretet hoz létre az átfogó gazdasági, pénzügyi és műszaki együttműködés megteremtésére."
770,NEUTRAL,1.0,"The sentence focuses on regional energy infrastructure and economic policy, lacking any reference to executive power or democratic institutional changes.",ParlaMint-HU_2018-06-12,u2018-06-12-122-9,"A legfontosabb gazdasági feladat a következő évekre, hogy a közép-európai országok a Nyugat-Balkánnal kiegészülve minél szerteágazóbb energetikai hálózatokkal, lehetőségekkel tudják majd biztosítani a versenyképességüket."
771,NEUTRAL,0.95,The sentence discusses economic competitiveness and energy infrastructure integration without mentioning executive powers or democratic institutional changes.,ParlaMint-HU_2018-06-12,u2018-06-12-122-10,"Az energiaellátás oldaláról Magyarország képes lesz az iparát versenyképesebbé tenni, és úgy látjuk, hogy Horvátország csak akkor tud Közép-Európához hozzánőni, ha energiarendszere képes lesz a közép-európaihoz kapcsolódni."
772,NEUTRAL,1.0,"The sentence describes energy infrastructure and diversification goals, which are unrelated to executive power or the undermining of democratic institutions.",ParlaMint-HU_2018-06-12,u2018-06-12-122-11,"Magyarország évek óta arra törekszik, hogy minél több országgal kiépítse a földgázszállítás útvonalait."
773,NEUTRAL,0.95,"The sentence focuses on the economic and social benefits of an international agreement, lacking any reference to executive power or institutional shifts.",ParlaMint-HU_2018-06-12,u2018-06-12-122-12,A megállapodás biztosítja az együttműködés révén a felek közötti gazdasági és társadalmi kapcsolatok fejlődését és a békés egymás mellett élés lehetőségét.
774,NEUTRAL,0.95,The sentence supports an economic cooperation bill; neither the sentence nor the speech discusses shifts in power or changes to democratic institutions.,ParlaMint-HU_2018-06-12,u2018-06-12-122-13,"Ennek tudatában frakciónk támogatja a törvényjavaslatot, kérem a tisztelt Házat is erre."
775,NEUTRAL,1.0,"The sentence is a formal parliamentary greeting addressed to the speaker and state secretary, lacking any political stance or mention of executive power.",ParlaMint-HU_2018-06-12,u2018-06-12-126-1,"Köszönöm szépen, elnök úr. Államtitkár Úr!"
776,NEUTRAL,1.0,"The sentence is purely factual, stating the signing date of an international agreement without addressing executive power or democratic institutional changes.",ParlaMint-HU_2018-06-12,u2018-06-12-126-3,"Az egyrészről az Európai Közösségek és azok tagállamai, másrészről az Orosz Föderáció közötti partnerség létrehozásáról szóló partnerségi és együttműködési megállapodást 1994. június 24-én írták alá."
777,NEUTRAL,1.0,The sentence provides a factual date for an agreement's entry into force and contains no evaluative language regarding executive power or democratic institutions.,ParlaMint-HU_2018-06-12,u2018-06-12-126-4,A megállapodás 1997. december 1-jén lépett hatályba.
778,NEUTRAL,1.0,The sentence factually describes the technical objectives of an international trade agreement without addressing executive power or democratic institutions.,ParlaMint-HU_2018-06-12,u2018-06-12-126-5,"Célja különösen a kereskedelem és a beruházások, ezen belül a szállítási szolgáltatások kereskedelmének előmozdítása, valamint keretet hoz létre átfogó gazdasági, pénzügyi és műszaki együttműködés megteremtésére."
779,NEUTRAL,1.0,"The sentence is a purely factual statement regarding Croatia's EU accession date, lacking any stance on executive power or democratic institutions.",ParlaMint-HU_2018-06-12,u2018-06-12-126-6,A Horvát Köztársaság 2013. június 1-jén vált az Európai Unió tagjává.
780,NEUTRAL,1.0,The sentence factually describes legal procedures for Croatia's treaty accession without expressing any stance on executive power or democratic institutions.,ParlaMint-HU_2018-06-12,u2018-06-12-126-7,A Horvát Köztársaság csatlakozási okmánya értelmében jegyzőkönyv útján csatlakozik az Európai Unió és tagállamai által aláírt vagy megkötött nemzetközi megállapodáshoz.
781,NEUTRAL,1.0,The sentence provides factual information about the timeline of an international protocol and lacks any reference to executive power or democratic institutions.,ParlaMint-HU_2018-06-12,u2018-06-12-126-8,"A jegyzőkönyvet 2014. december 17-én írták alá Brüsszelben, az Orosz Föderáció 2016. március 29én értesítette az Európai Uniót a jegyzőkönyv jóváhagyásáról, amely 2016. április 1-jén hatályba lépett."
782,NEUTRAL,1.0,"The sentence supports a routine technical international agreement update, showing no relevance to executive power expansion or undermining democratic institutions.",ParlaMint-HU_2018-06-12,u2018-06-12-126-9,A Magyar Szocialista Párt országgyűlési képviselőcsoportja támogatja a törvényjavaslat elfogadását.
783,NEUTRAL,1.0,The sentence neutrally acknowledges the State Secretary's presentation of a partnership agreement without addressing executive power or democratic institutional changes.,ParlaMint-HU_2018-06-12,u2018-06-12-130-4,"Tisztelt Államtitkár Úr! Államtitkár úr felsorolta azokat az érveket, egyáltalán azokat a tételeket, amelyek magában az együttműködési partnerségi keretmegállapodásban szerepelnek."
784,NEUTRAL,1.0,"The sentence focuses on Mongolia's geopolitical position and international cooperation, without addressing the expansion of executive power or democratic institutions.",ParlaMint-HU_2018-06-12,u2018-06-12-130-5,"Talán fontos kiemelni, hogy a Kína és Oroszország közé ékelődött Mongóliára általában véve nem úgy gondolunk, mint az Európai Unió és Oroszország által létrehozott Eurázsiai Gazdasági Unió közti közvetítőre, pedig a mindkét közösség tagjaként közös halmazt képező Mongólia Magyarországgal egyetértésben ilyen aspektusból is láttathatja a szerepét."
785,NEUTRAL,1.0,"The sentence makes a factual claim about Mongolia's strategic importance, unrelated to the expansion of executive power or undermining of democratic institutions.",ParlaMint-HU_2018-06-12,u2018-06-12-130-6,Ráadásul az elmúlt években Mongólia felértékelődött.
786,NEUTRAL,1.0,"The sentence discusses international diplomatic relations between the EU and Mongolia, lacking any connection to executive power expansion or democratic institutional erosion.",ParlaMint-HU_2018-06-12,u2018-06-12-130-7,"Azt is tudjuk, azt is tapasztaljuk, hogy Mongólia számára egyre inkább fontosabb, egyre inkább fontossá válik az a fajta kapcsolatrendszer, amit az Európai Unió jelent, illetve egyre inkább érdekeltek abban, hogy regionális együttműködések is kialakuljanak, ha kell, az Európai Unió együttműködési rendszerein keresztül."
787,NEUTRAL,0.95,The sentence discusses Mongolia's regional development and search for identity; it does not address executive power or democratic institutions in Hungary.,ParlaMint-HU_2018-06-12,u2018-06-12-130-8,"Másrészt pedig Mongóliát látni kell úgy is, hogy keresi önmagát, és keresi azt a fejlődési utat, amely talán egy olyan fejlődési pályára állíthatja, hogy a térségben, régióban meghatározó szereppel tudjon majd bírni."
788,NEUTRAL,0.95,"The sentence discusses international diplomatic relations and supporting a partnership bill, unrelated to expanding executive power or undermining democratic institutions.",ParlaMint-HU_2018-06-12,u2018-06-12-130-9,"Azt gondolom, az Országgyűlés azzal, hogy támogatja ezt a törvényjavaslatot, sokat tud tenni azért is, hiszen tény és való, hogy az Európai Unió tagállamai és a Horvát Köztársaság csatlakozásával kapcsolatos jegyzőkönyv kihirdetéséről beszélünk, de ezzel a törvényjavaslattal viszont tudjuk segíteni azt is, hogy Magyarország is minél nagyobb részese lehessen az Európai Unió, annak tagállamai és Mongólia közötti kapcsolatrendszerben, ezért frakciónk támogatja ezt a törvényjavaslatot."
789,NEUTRAL,1.0,The sentence provides factual background on an international agreement and its ratification process without addressing executive power or democratic institutions.,ParlaMint-HU_2018-06-12,u2018-06-12-132-4,"Az EU és Mongólia közötti partnerségi és együttműködési keretmegállapodás kiegészítő jegyzőkönyvének ratifikációja történik a horvát EU-csatlakozás miatt. 2013. április 30-án Ulánbátorban írták alá a partnerségi és együttműködési keretmegállapodást az EU-val, amely az 1993-ban létrejött kereskedelmi és gazdasági együttműködési megállapodás helyébe lépett."
790,CONTRA,0.75,"The MP criticizes the executive's delay in involving parliament, opposing the marginalization of the legislature in the treaty ratification process.",ParlaMint-HU_2018-06-12,u2018-06-12-132-5,"Ezt a jegyzőkönyvet 2016. október 31-én Brüsszelben írták alá, amelynek most a ratifikációja zajlik. Újra felhívom a tisztelt kormány figyelmét arra, hogy igyekezzenek a jövőben rövidebb határidőn belül a parlament elé terjeszteni, amikor nemzetközi szerződés jóváhagyása szükségeltetik.Mongólia kapcsolatai az EU-val egyre mélyebbek, és Magyarországnak ezt feltétlenül támogatnia kell."
791,NEUTRAL,1.0,The sentence provides historical background on Mongolia and does not address executive power or democratic institutions in any capacity.,ParlaMint-HU_2018-06-12,u2018-06-12-132-6,"Mongóliát az időszámításunk előtti III. században hun törzsek lakták, és a hunok miatt építette a kínai császár a kínai nagy falat, tekintettel arra, hogy a hunok állandó hódításának ezzel próbáltak ellenállni."
792,NEUTRAL,1.0,The sentence provides a purely historical overview of Mongolia and does not address executive power or democratic institutions in the context of aggrandisement.,ParlaMint-HU_2018-06-12,u2018-06-12-132-7,"Végül aztán mongol törzsek telepedek le a X. században. 1206-tól Dzsingisz kán alatt megkezdődött az ország virágzása, 1634-től a mandzsu kínai fennhatóság alá került, és 250 éves mandzsu dinasztia után 1911-ben Külső-Mongólia Tibettel együtt függetlenedett Kínától. 1919-től Kína újra megtámadta, és 1924-től pedig a Szovjetunió befolyása alá került, és kikiáltották a Mongol Népköztársaságot, gyakorlatilag kommunista ország volt. 1991-től, amikor a Szovjetunió felbomlott, újra Mongol Köztársaság lett."
793,NEUTRAL,1.0,"The sentence expresses support for an international agreement's ratification, which does not relate to domestic executive power expansion or democratic institution undermining.",ParlaMint-HU_2018-06-12,u2018-06-12-132-8,"A Jobbik frakciója üdvözli az ilyen jellegű megállapodásokat, és természetesen támogatja ennek a jegyzőkönyvnek a jóváhagyását."
794,NEUTRAL,0.95,"The sentence discusses international cooperation and diplomatic ties, which is unrelated to the expansion or restriction of executive powers.",ParlaMint-HU_2018-06-12,u2018-06-12-132-9,"Az ilyen jellegű megállapodások erősítik a belső-ázsiai országok, valamint a nyugati világ kapcsolatát, amelyben az EU kohéziós erőt képez."
795,NEUTRAL,1.0,"The sentence is a standard formal parliamentary greeting to the speaker and state secretary, containing no stance on executive power or democratic institutions.",ParlaMint-HU_2018-06-12,u2018-06-12-134-1,"Köszönöm szépen, elnök úr. Államtitkár úr!"
796,NEUTRAL,0.95,"The sentence describes a standard international cooperation agreement between the EU and Mongolia, lacking any reference to domestic executive power or democratic institutional changes.",ParlaMint-HU_2018-06-12,u2018-06-12-134-3,"Az Európai Unió és tagállamai, másrészről Mongólia közötti partnerségi és együttműködési keretmegállapodás az Európai Unió kelet-ázsiai fokozott politikai és gazdasági szerepvállalása tekintetében további előrelépést jelent."
797,NEUTRAL,0.95,"The sentence factually lists components of an international agreement, neither advocating for nor criticizing the expansion of executive power or democratic decline.",ParlaMint-HU_2018-06-12,u2018-06-12-134-4,"Erről tisztességesen beszélt államtitkár úr.A keretmegállapodás tartalmazza az emberi jogokra, a Nemzetközi Büntetőbíróságra, a tömegpusztító fegyverekre, a kézi- és könnyűfegyverekre és a terrorizmus elleni küzdelemre vonatkozó uniós sztenderd politikai záradékokat, továbbá végrehajtja az adózással és a migrációval kapcsolatos uniós szakpolitikákat."
798,NEUTRAL,0.95,"The sentence describes international cooperation areas in an EU-Mongolia treaty, without addressing the domestic balance of power or executive authority in Hungary.",ParlaMint-HU_2018-06-12,u2018-06-12-134-5,"Alapot nyújt az Európai Unió és tagállamai Mongóliával folytatott hatékonyabb együttműködésére fejlesztési, kereskedelmi, gazdasági és igazságügyi területen."
799,NEUTRAL,1.0,"The sentence factually lists cooperation areas in an international agreement, without addressing executive power or institutional shifts.",ParlaMint-HU_2018-06-12,u2018-06-12-134-6,"Olyan területeket ölel fel, mint az egészségügy, környezetvédelem, éghajlatváltozás, energiaügy, oktatás, kultúra, munkaügy, foglalkoztatás és szociális kérdések, a tudomány és technológia, valamint a közlekedésügy."
800,NEUTRAL,0.95,The sentence factually describes the areas of international cooperation included in the EU-Mongolia agreement without addressing executive power or democratic institutions.,ParlaMint-HU_2018-06-12,u2018-06-12-134-7,"Kiterjed továbbá a jogi együttműködésre, a pénzmosás és a terrorizmus finanszírozása, a szervezett bűnözés és a korrupció elleni küzdelemre."
801,NEUTRAL,0.95,"The sentence simply expresses support for an international partnership agreement, which does not relate to the expansion of executive power or democratic institutions.",ParlaMint-HU_2018-06-12,u2018-06-12-134-8,"A keretmegállapodás 2017. november 1-jén nemzetközi jogilag is hatályba lépett, a Magyar Szocialista Párt országgyűlési képviselőcsoportja támogatja."
802,NEUTRAL,1.0,The sentence is a procedural introduction regarding diplomatic relations with Mongolia and contains no reference to executive power or democratic institutions.,ParlaMint-HU_2018-06-12,u2018-06-12-136-2,Nagyon rövid megjegyzést szeretnék tenni államtitkár úr irányába.
803,NEUTRAL,0.95,"The text focuses on diplomatic relations and parliamentary committee activity, remaining silent on matters of executive power or democratic institutional health.",ParlaMint-HU_2018-06-12,u2018-06-12-136-3,"Örömmel hallottam azt, hogy a kormány milyen elkötelezett a magyar-mongol kapcsolatok fejlesztése tekintetében, illetve hogy alapvetően államtitkár úr nagyon jónak és szorosnak értékeli ezeket a kapcsolatokat. Én magam is így gondolom, egy országról van szó, ahol pozitívan néznek ránk, szeretnek minket, sőt rokonunknak tekintenek. Én arra szeretném csak kérni önöket, de inkább a Fidesz frakcióját vagy akár Balla képviselő urat mint az IPU elnökét hadd kérjem meg, hogy magam is így gondolom a mongol kapcsolatok fontosságát, ezért is léptem be az előző ciklusban a magyar-mongol IPU baráti tagozatba, ha valóban ennyire fontos önöknek ez kapcsolatrendszer, akkor kérem, mondjuk egy olyan fideszes képviselő vezesse a következő ciklusban, aki ezzel az üggyel foglalkozni is szeretne."
804,NEUTRAL,0.95,"The sentence describes the low activity level of a parliamentary friendship group, which does not concern the expansion or undermining of executive power.",ParlaMint-HU_2018-06-12,u2018-06-12-136-4,Az előző négy évben a magyar-mongol IPU tevékenysége egyetlenegy alakuló ülésben és nagykövet asszonnyal való találkozásban merült ki.
805,NEUTRAL,0.95,The sentence critiques parliamentary inactivity regarding bilateral relations but does not address executive power expansion or the undermining of democratic institutions.,ParlaMint-HU_2018-06-12,u2018-06-12-136-5,"Azt hiszem, négy év alatt többet lehetett volna tenni parlamenti szinten is ezért az ügyért."
806,NEUTRAL,0.95,"The sentence expresses willingness to participate in a parliamentary friendship group, focusing on diplomatic cooperation without addressing executive power or institutional shifts.",ParlaMint-HU_2018-06-12,u2018-06-12-136-6,Továbbra is szívesen veszünk részt ennek a tagozatnak a munkájában.
807,NEUTRAL,1.0,"The sentence focuses on strengthening parliamentary diplomacy with Mongolia, without discussing the expansion of executive power or the undermining of democratic institutions.",ParlaMint-HU_2018-06-12,u2018-06-12-136-7,"De ha valóban ilyen fontos ez a viszonyrendszer, én magam is így gondolom, akkor kérem fideszes képviselőtársaimat, hogy mondjuk, ebben a parlamenti dimenzióban is egy kicsit nagyobb súllyal jelenítsük meg a Mongóliával való kapcsolatok fontosságát."
808,NEUTRAL,1.0,"The sentence is a formal address to the Speaker, serving an administrative purpose without expressing any political stance or opinion on executive power.",ParlaMint-HU_2018-06-18,u2018-06-18-31-1,"„Kövér László úr, az Országgyűlés elnöke részére."
809,NEUTRAL,1.0,"The sentence is a formal administrative notification of state secretary appointments, citing legal foundations without expressing any evaluative stance on executive power.",ParlaMint-HU_2018-06-18,u2018-06-18-31-3,"Tájékoztatom az Országgyűlést, hogy az Alaptörvény 9. cikk (4) bekezdés j) pontja, továbbá a központi államigazgatási szervekről, valamint a kormány tagjai és az államtitkárok jogállásáról szóló 2010. évi XLIII. törvény 52. § (2) bekezdése alapján a miniszterelnök javaslatára 2018. június 13-ai hatállyal Bodó Sándort és dr. Sors Lászlót a Pénzügyminisztérium államtitkárává kineveztem."
810,NEUTRAL,1.0,"The sentence is a formal salutation and address within an administrative notification, conveying purely procedural information without any political stance on executive power.",ParlaMint-HU_2018-06-18,u2018-06-18-31-5,"Üdvözlettel: Áder János”  Kövér László úr, az Országgyűlés elnöke részére."
811,NEUTRAL,1.0,"The sentence is a purely factual and administrative notification of a state secretary appointment, following standard legal procedures without expressing a political stance.",ParlaMint-HU_2018-06-18,u2018-06-18-31-7,"Tájékoztatom az Országgyűlést, hogy az Alaptörvény 9. cikk (4) bekezdés j) pontja, továbbá a központi államigazgatási szervekről, valamint a kormány tagjai és az államtitkárok jogállásáról szóló 2010. évi XLIII. törvény 52. § (2) bekezdése alapján a miniszterelnök javaslatára 2018. július 23-ai hatállyal dr. Sztáray Péter Andrást a Külgazdasági és Külügyminisztérium államtitkárává kineveztem."
812,NEUTRAL,0.95,"The sentence is a rhetorical opening criticizing the State Secretary's honesty, without addressing executive power expansion or the undermining of democratic institutions.",ParlaMint-HU_2018-06-18,u2018-06-18-37-1,"Köszönöm szépen a szót. Államtitkár úr, hazugságból és csúsztatásból ötös, az biztos, és le is ülhetek."
813,CONTRA,0.9,"The MP refutes government claims against organizations and critiques the executive's accountability for emigration, challenging manipulative tactics used to maintain power.",ParlaMint-HU_2018-06-18,u2018-06-18-37-2,"Hogy az orvosok és egészségügyi dolgozók kivándorlását segíti egy szervezet ugyanúgy, ahogy az összes orvos és egészségügyben dolgozó mind megkeres egy ilyen céget, és ezáltal megy ki   tehát maguk kiüldözik őket innen az országból."
814,NEUTRAL,0.9,The sentence criticizes ruling party campaign tactics and lies regarding migration without directly addressing institutional power shifts or executive aggrandisement.,ParlaMint-HU_2018-06-18,u2018-06-18-37-4,"Ön szerint nem tartozik a hazugság témakörébe, amikor egy volt honvédségi laktanya elé kiáll egy fideszes országgyűlésiképviselő-jelölt, hogy ha nem ők győznek, akkor az ellenzék ide migránsokat fog betelepíteni, ahol iparágak működnek, vállalkozások működnek?"
815,CONTRA,0.85,"The sentence criticizes the executive's use of manipulation and fear to secure power, which the speaker views as undermining democratic integrity.",ParlaMint-HU_2018-06-18,u2018-06-18-37-6,"Ezzel tudták megnyerni, semmi mással: hazugság és félelemkeltés."
816,NEUTRAL,0.9,"The sentence is a rhetorical opening criticizing the State Secretary's lack of engagement, without directly addressing executive power expansion or democratic institutions.",ParlaMint-HU_2018-06-18,u2018-06-18-43-2,"Kár, államtitkár úr, hogy a papírjába révedt, mert az a kérdés fogalmazódott meg bennem, hogy egy országban élünk, és mégis két nyelvet beszélünk."
817,NEUTRAL,0.9,The sentence confirms agreement with a technical administrative measure without discussing the expansion of executive authority or democratic institutional integrity.,ParlaMint-HU_2018-06-18,u2018-06-18-43-3,"Az első mondatomban elmondtam, hogy helyes az online pénztárgépek bevezetésének rendszere, tehát nem indokolja egy termelési értekezleten elmondani, hogy hogyan és miképpen nézett ki az elmúlt tíz évben."
818,CONTRA,0.85,"The MP criticizes the executive's use of legislative power to facilitate patronage, opposing the enrichment of political allies at the state's expense.",ParlaMint-HU_2018-06-18,u2018-06-18-43-4,"A kérdés az, hogy arra mikor kapunk választ, hogy miért kell magánkezekben landoltatni az extraprofitot."
819,CONTRA,0.9,"The sentence criticizes the executive for facilitating cronyism and oligarchic enrichment, challenging the government's misuse of power for political allies.",ParlaMint-HU_2018-06-18,u2018-06-18-43-5,"Miért van az, államtitkár úr éppen az imént mondta Dömötör államtitkár úr, az ön államtitkártársa, pontosan idézném: a kormánynak az a dolga, hogy mindenki megtalálja a számítását , akkor miért van az, államtitkár úr, hogy ez csak Mészáros Lőrincnek, Garancsinak és a Fideszhez közeli oligarcháknak sikerül?"
820,CONTRA,0.85,"The MP criticizes the executive for favoring political allies and oligarchs over the public treasury, challenging the government's misuse of power for economic consolidation.",ParlaMint-HU_2018-06-18,u2018-06-18-43-6,"Miért nem lehet a magyar embereknek is ilyen profitra szert tenni? És nem adott választ, államtitkár úr, arra, hogy miért ne lehetne ez jobb helyen a magyar állam kasszájában."
821,CONTRA,0.9,"The MP criticizes the government for passing laws that enrich politically connected oligarchs, opposing state capture and clientelism as forms of executive aggrandisement.",ParlaMint-HU_2018-06-18,u2018-06-18-43-7,"Ha ezt a magyar állam  , önök hozták a törvényt, akkor önök felelősek azért, hogy magánzsebekben van 500 millió forint."
822,CONTRA,0.85,"The MP rejects the government's explanation, formally opposing the executive's use of power to enrich political allies at the expense of the state.",ParlaMint-HU_2018-06-18,u2018-06-18-43-8,A választ nem tudom elfogadni.
823,CONTRA,0.85,"The MP challenges executive accountability and long-term governance, criticizing the government's deflection and lack of transparency during parliamentary oversight.",ParlaMint-HU_2018-06-18,u2018-06-18-49-3,"Megtisztelő, hogy a munkásságomat ilyen részletesen tanulmányozza, még akkor is, ha ebben az ügyben hazugságokat ismételget.Ami azonban ennél fontosabb, hogy önök már nyolc éve kormányoznak, és én nem az én államtitkárságomról, hanem az önéről és az önök kormányáról kérdeztem."
824,CONTRA,0.85,"The MP criticizes the government's lack of transparency and suppression of substantive debate, opposing the executive's evasion of accountability and democratic deliberation.",ParlaMint-HU_2018-06-18,u2018-06-18-49-4,"Ezzel kapcsolatban azonban nem adott választ arra  hogy hogy kerülhet be egy ilyen szöveg  nem adott választ arra, hogy hogyan fogja ez a szöveg segíteni azt  , hogy a romák ügyeiről alapvető és érdemi vita folyjon."
825,CONTRA,0.9,"The speaker criticizes the government's use of constitutional amendments to enforce harsh policies, viewing this as a cruel expansion of executive power.",ParlaMint-HU_2018-06-18,u2018-06-18-49-5,"Azt persze értem, és a hajléktalanokkal kapcsolatos alkotmánymódosításból látszik, hogy a humanitás nevében elkövetett kegyetlenség közel áll az önök gondolkodásához, és követendő példának tartják."
826,CONTRA,0.85,"The MP criticizes state centralization in the textbook market, equating it to pre-1990 authoritarianism, thereby opposing the expansion of executive power.",ParlaMint-HU_2018-06-18,u2018-06-18-49-6,"Visszatérve azonban erre az ügyre, azt már kipróbálta ez az ország, hogy milyen a piac nélkül működő termelés a tankönyvek területén is."
827,CONTRA,0.85,The MP opposes executive aggrandisement by criticizing the government's centralization of the textbook market as a return to failed pre-1990 state-controlled policies.,ParlaMint-HU_2018-06-18,u2018-06-18-49-7,"Ez megbukott 1990 előtt is, meg fog bukni most is, ezért ezt a választ nem tudom elfogadni."
828,NEUTRAL,0.95,The sentence is a procedural rejection of a response regarding environmental policy and does not address executive power or democratic institutions.,ParlaMint-HU_2018-06-18,u2018-06-18-55-2,A választ nem tudom elfogadni.
829,NEUTRAL,0.95,"The sentence discusses CO2 emissions and economic quotas, lacking any reference to executive power, institutional control, or democratic backsliding.",ParlaMint-HU_2018-06-18,u2018-06-18-55-3,"Csak halkan jegyzem meg, államtitkár úr, hogy ha a szén-dioxid-kibocsátásunk majd így nő, akkor nem lesz eladható kvótánk, hiába emelkedik a kvóta a nemzetközi piacon."
830,NEUTRAL,1.0,"The sentence and speech focus on environmental issues and CO2 emission factors, not on executive power or democratic institutions.",ParlaMint-HU_2018-06-18,u2018-06-18-55-4,Hazai szakértők szerint a szén-dioxid-kibocsátás növekedése három tényezőre vezethető vissza.
831,NEUTRAL,1.0,"The sentence analyzes environmental factors contributing to carbon emissions, specifically transportation, and does not address executive power or democratic institutional health.",ParlaMint-HU_2018-06-18,u2018-06-18-55-5,"Az egyik a tömegközlekedés, talán egyharmadban, részben azért persze, mert többet autózunk, de azért is, mert külföldről régi, nem megfelelő autókat hozunk be."
832,NEUTRAL,1.0,"The sentence and speech focus on environmental factors like firewood usage and CO2 emissions, without discussing executive power or democratic institutions.",ParlaMint-HU_2018-06-18,u2018-06-18-55-7,"Itt érdemes megjegyezni, hogy 2015 előtt talán nagyobb arányú volt a tűzifa-felhasználás."
833,NEUTRAL,1.0,"The sentence describes economic trends in residential heating and carbon emissions, lacking any connection to executive power or democratic institutional changes.",ParlaMint-HU_2018-06-18,u2018-06-18-55-8,"Mivel a tűzifának óriási mértékben emelkedik az ára, ezért a lakosság vált, és inkább fosszilis tüzelőanyagot használ."
834,NEUTRAL,1.0,"The sentence factually discusses CO2 emission factors and GDP growth, lacking any reference to executive power or institutional changes.",ParlaMint-HU_2018-06-18,u2018-06-18-55-9,A harmadik esetben pedig a GDP-növekedéssel összefüggő többletenergia.
835,NEUTRAL,1.0,"The sentence and speech focus entirely on environmental policy and carbon dioxide emissions, with no reference to executive power or democratic institutions.",ParlaMint-HU_2018-06-18,u2018-06-18-55-10,"Ha nem akarjuk, hogy a szén-dioxid-kibocsátás továbbra is nőjön, célirányosan meg kellene nézni az okokat, és arra kell a választ megadni."
836,CONTRA,0.85,"The MP criticizes the government's evasion of parliamentary questions, which represents a challenge to executive accountability and the erosion of legislative oversight.",ParlaMint-HU_2018-06-18,u2018-06-18-61-2,"Nem tudom, minek adjuk le előre írásban a kérdést, ha úgysem arra válaszolnak."
837,NEUTRAL,0.9,The sentence addresses a budgetary dispute regarding public servant wages rather than the expansion of executive power or the undermining of democratic institutions.,ParlaMint-HU_2018-06-18,u2018-06-18-61-3,"Nem az volt a kérdés, hogy kinek mennyivel emelkedett a bére, az volt a kérdés, hogy ez a 200 ezer ember a köz szolgálatában, akik tíz éve nem kaptak béremelést, mikor fognak béremelést kapni."
838,CONTRA,0.8,"The speech and sentence show the MP criticizing 'tools of division,' opposing the executive's strategy to fragment the unified public service institution.",ParlaMint-HU_2018-06-18,u2018-06-18-61-4,"Ön most gyakorlatilag beismerte, amit állítottam, hogy valóban a megosztás eszközei ezek a különböző ágazati életpályamodellek, és eszük ágában sincs visszatérni az egységes közalkalmazotti bértáblához."
839,CONTRA,0.85,"The MP criticizes the central government for shifting financial burdens onto municipalities, effectively opposing the executive's undermining of local government autonomy and resources.",ParlaMint-HU_2018-06-18,u2018-06-18-61-5,"Igazából elégtelen a válasz, és amit megint csak várni lehetett, hogy az önkormányzatokra próbálják hárítani, akiknek nincs elég forrásuk arra, hogy a náluk dolgozó közszolgálati alkalmazottakat megfizessék."
840,NEUTRAL,0.85,"The sentence addresses the inadequacy of government funding for public sector wages, reflecting a budgetary disagreement rather than a critique of executive aggrandisement.",ParlaMint-HU_2018-06-18,u2018-06-18-61-6,"Hiába adnak néhány milliárd forintos támogatást erre, ez édeskevés lesz, úgyhogy a válaszát nem tudom elfogadni."
841,NEUTRAL,0.9,"The sentence focuses on international migration policy and security risks, lacking a direct link to domestic executive power expansion or democratic institutional changes.",ParlaMint-HU_2018-06-18,u2018-06-18-67-1,"Köszönöm államtitkár úr válaszát, és azt kell mondanom, hogy elfogadhatatlan, hogy az európai országoknak egy része megpróbálja az összes többi ország biztonságát is kockáztatni azzal, hogy a migrációt nyíltan vagy burkoltan támogatja."
842,NEUTRAL,0.9,The sentence focuses on international validation of migration policy and does not address the expansion of executive power or domestic institutional changes.,ParlaMint-HU_2018-06-18,u2018-06-18-67-2,"Nagy öröm számomra, számunkra, hogy nagyot változott a világ, ahogy államtitkár úr is említette, hiszen az akkori osztrák kancellár 2015-ben nagyon durván kritizálta Magyarországot."
843,NEUTRAL,0.9,The sentence factually describes diplomatic alignment on migration policy without addressing executive power expansion or democratic institutional changes.,ParlaMint-HU_2018-06-18,u2018-06-18-67-3,"A mai osztrák kancellár, mint ahogy ön is említette, egyfajta tengelyről beszélt, persze meg is kapta ezért a kritikát."
844,NEUTRAL,0.9,The sentence discusses policy validation regarding migration rather than the expansion of executive power or undermining democratic institutions.,ParlaMint-HU_2018-06-18,u2018-06-18-67-4,"Nagyon örülök annak, hogy végül is Magyarországnak lett igaza ebben a kérdésben, és egyre többen támogatnak minket."
845,NEUTRAL,1.0,"The sentence is a formulaic procedural closing expressing acceptance of a response, containing no substantive stance on executive power or democratic institutions.",ParlaMint-HU_2018-06-18,u2018-06-18-67-5,"Köszönöm, elfogadom a választ."
846,NEUTRAL,0.95,"The sentence focuses on healthcare quality and a disagreement over facts, without addressing the executive's power expansion or the undermining of democratic institutions.",ParlaMint-HU_2018-06-18,u2018-06-18-73-1,"Államtitkár úr, a válaszát nem tudom elfogadni, már csak azért sem, mert ha jól értem, ön szerint jól jártak a betegek. És ehhez képest úgy néz ki, hogy teljesen más a valóság, és ön úgy gondolja, hogy jól jártak, és ezt ön egyedül talán tudja, de ők ezt nem érzékelik."
847,NEUTRAL,0.9,"The sentence focuses on comparative healthcare quality and patient sentiment, which does not directly involve executive power expansion or democratic institutional erosion.",ParlaMint-HU_2018-06-18,u2018-06-18-73-2,"Ők azt érzik, hogy Magyarországon talán rosszabb betegnek lenni, mint a környező országokban."
848,CONTRA,0.9,"The sentence criticizes the executive for a lack of transparency, data manipulation, and abuse of power, opposing the erosion of democratic accountability.",ParlaMint-HU_2018-06-18,u2018-06-18-73-3,"Nem elég, hogy drágán veszik a gyógyszereket, és drágán tudják a környező országokhoz képest is beszerezni a gyógyszereket, nem elég, hogy hosszúak a várólisták és a várakozási sorok az egyes rendelőkben pláne úgy, hogyha egyébként beugrik egy-egy miniszterelnök, és beszuszakolja magát a sorba , nem elég, hogy Magyarországon nem lehet megtudni, hogy a kórházakban hogy áll a kórházi fertőzés, nem elég, hogy Magyarországon a hálapénzzel kell megküzdenie a betegeknek, de még azzal is meg kell küzdeniük, hogy önök itt a számokkal trükközve állandóan becsapják őket."
849,NEUTRAL,0.95,"The sentence critiques high pharmaceutical prices, a policy grievance that does not directly address executive power expansion or democratic institutional erosion.",ParlaMint-HU_2018-06-18,u2018-06-18-73-4,"A magyar betegek egy dolgot látnak biztosan: nagyon drága a patikában beszerzett gyógyszer, és sokkal többet kell fizetniük, mint az összes többi országban körülöttünk."
850,NEUTRAL,0.9,The sentence critiques healthcare policy and rejects a government response but does not address the expansion of executive power or institutional undermining.,ParlaMint-HU_2018-06-18,u2018-06-18-73-5,"Viszont a magyar betegek azt érdemlik meg, hogy olcsón, az állam által támogatottan jussanak hozzá a gyógyszerekhez, éppen ezért eszem ágában sincs elfogadni a válaszát."
851,NEUTRAL,1.0,The sentence provides a standard definition of sustainable development and does not address executive power or democratic institutions.,ParlaMint-HU_2018-06-18,u2018-06-18-75-4,"A fenntartható fejlődés olyan fejlődési folyamat, ami kielégíti a jelen szükségleteit anélkül, hogy csökkentené a jövendő generáció képességét, hogy kielégítsék a saját szükségleteiket."
852,NEUTRAL,0.95,"The sentence identifies environmental protection as a policy priority within sustainable development, making no reference to executive power or democratic structures.",ParlaMint-HU_2018-06-18,u2018-06-18-75-5,"Ennek egyik, ha nem a legfontosabb területe a környezetvédelem."
853,NEUTRAL,0.95,The sentence praises government environmental achievements without addressing executive power expansion or the erosion of democratic institutions.,ParlaMint-HU_2018-06-18,u2018-06-18-75-6,"A kormány az elmúlt években jelentős eredményeket ért el a környezetvédelem területén, számos területen történtek előrelépések, így például az élőhelyvédelmi programok, zöldfelület-védelem, a nemzeti parkok fejlesztése, az éghajlatvédelem a környezetvédelemmel összefüggésben, az energiahatékonysági programok."
854,NEUTRAL,0.95,"The sentence discusses environmental budget allocations and conservation goals, which are unrelated to the expansion of executive power or democratic institutions.",ParlaMint-HU_2018-06-18,u2018-06-18-75-7,"A jelenlegi uniós pénzügyi ciklusban több mint 60 milliárd forintot költhet a tárca természetvédelmi fejlesztésekre, amelyeknek köszönhetően több mint 100 ezer hektáron javulhat a természet környezeti állapota."
855,NEUTRAL,0.95,"The sentence provides factual data on environmental projects and funding, lacking any reference to executive power expansion or institutional changes.",ParlaMint-HU_2018-06-18,u2018-06-18-75-8,"Az elmúlt időszakban a környezeti és energiahatékonysági operatív programban, a KEHOP-ban, illetve a versenyképes Közép-Magyarország operatív programban, a VEKOP-ban 92 egyedi projektet tartalmazó, mintegy 38 milliárd forint értékű természetvédelmi fejlesztési csomagot indítottak el."
856,NEUTRAL,0.9,The sentence discusses administrative waste management reform for sustainability without addressing executive power expansion or the erosion of democratic institutions.,ParlaMint-HU_2018-06-18,u2018-06-18-75-9,"A környezeti fenntarthatóság szempontjából hazánkban jelentős lépés volt a hulladékgazdálkodási rendszer átalakítása, fenntarthatóvá tétele."
857,NEUTRAL,0.95,"The sentence suggests technical improvements to waste management regulations, lacking any link to expanding executive power or undermining democratic institutions.",ParlaMint-HU_2018-06-18,u2018-06-18-75-10,"A rendszerben, illetve a szabályozásban még vannak továbbfejlesztésre, finomhangolásra érdemes részek."
858,NEUTRAL,0.95,"The sentence focuses on food safety policy achievements, lacking any reference to the expansion of executive power or institutional changes.",ParlaMint-HU_2018-06-18,u2018-06-18-75-11,"Az élelmiszer-biztonság kérdésére az elmúlt években jelentős figyelmet fordított a kormány, ennek fontos a fenntartása."
859,NEUTRAL,0.95,The sentence focuses on environmental health policy and lacks any reference to the expansion of executive power or democratic institutional changes.,ParlaMint-HU_2018-06-18,u2018-06-18-75-12,A környezet-egészségügy területén elindított intézkedések folytatását szintén fontosnak tartom.
860,NEUTRAL,0.9,"The sentence focuses on administrative organization for environmental protection, neither advocating for nor criticizing the expansion of executive authority over other institutions.",ParlaMint-HU_2018-06-18,u2018-06-18-75-13,"Az említett intézkedések folytatásában joggal bízhatunk, hiszen az új Agrárminisztériumban önálló államtitkárságot hoztak létre a szakterületnek."
861,NEUTRAL,0.95,"The sentence is a standard parliamentary inquiry about environmental policy focus, showing no stance on the expansion or restriction of executive power.",ParlaMint-HU_2018-06-18,u2018-06-18-75-15,Mindezekkel kapcsolatban kérdezem öntől: mire fog koncentrálni az Agrárminisztérium a környezetvédelem területén e kormányzati ciklus során?
862,NEUTRAL,1.0,"The sentence is a standard formal closing to a parliamentary question, purely procedural and neutral regarding executive power or democratic erosion.",ParlaMint-HU_2018-06-18,u2018-06-18-75-16,Várom államtitkár úr megtisztelő válaszát.
863,NEUTRAL,0.95,The sentence reports on local environmental projects and funding without addressing executive power expansion or the weakening of democratic institutions.,ParlaMint-HU_2018-06-18,u2018-06-18-79-3,"Az elmúlt esztendőkben a választókerületemben számtalan környezetvédelmi, természetvédelmi, energiahatékonysági program valósult meg, illetve indult el sok milliárd forintos összegben."
864,NEUTRAL,0.95,The sentence supports government policy implementation and continuity but does not address the expansion of power or institutional changes.,ParlaMint-HU_2018-06-18,u2018-06-18-79-4,"Ezek a tények, illetve az államtitkár úr által ismertetett koncepció, célkitűzések és kormányzati elkötelezettség garanciát ad nekünk arra, hogy a következő esztendőkben is ezek a programok tovább fognak folytatódni, ezért a válaszát elfogadom."
865,NEUTRAL,0.85,"The sentence is a procedural remark about the Prime Minister's absence, lacking a clear stance on the expansion or restriction of executive power.",ParlaMint-HU_2018-06-18,u2018-06-18-81-1,"Köszönöm a lehetőséget, elnök úr, de harmadik hete várok miniszterelnök úrra, ezt az egy hetet már fél lábon is kivárom."
866,NEUTRAL,0.9,"The sentence is a rhetorical opening using a metaphor to challenge truthfulness, not directly addressing executive power or democratic institutions.",ParlaMint-HU_2018-06-18,u2018-06-18-89-1,"Köszönöm a szót, elnök úr. Én azt gondoltam, hogy Andersen meghalt, de úgy tűnik, hogy nem, itt van a parlamentben."
867,CONTRA,0.85,"The MP attacks executive corruption and lack of accountability, directly challenging the government's integrity and misuse of power in a democratic context.",ParlaMint-HU_2018-06-18,u2018-06-18-89-2,"Ön itt rekordnövekedésről beszél, a tények pedig azt mutatják, hogy 2010 óta megduplázódott a dolgozói szegénység Magyarországon, a jelen állás szerint minden harmadik magyar honfitársunk a létminimum alatt él, és épp egy mai hír, hogy már Románia is lekörözte Magyarországot a béremelkedések tekintetében, tehát lényegében nagyon jól tudjuk, hogy mi a béremelés hiányának az oka: az, hogy ellopják a rávalót, ezt ki kell mondani."
868,CONTRA,0.9,"The MP criticizes government corruption and demands judicial accountability for ministers, opposing the executive's ability to act without legal consequences.",ParlaMint-HU_2018-06-18,u2018-06-18-89-3,"Vissza kell adni a lopott pénzt, és akkor jut pénz majd béremelkedésre. És ebből a szempontból megint csak a román példát tudom a figyelmébe ajánlani: Romániában előszeretettel alkalmazzák a tolvaj politikusokkal szemben a vagyonelkobzás intézményét, hogy jusson pénz például bérekre, de hovatovább legutóbb egy román minisztert ítéltek hat év börtönre, mert egy pályázatból visszakért 10 százalékot, nem 30-at, nem 40-et, csak 10-et, és ő most mehet a börtönbe."
869,NEUTRAL,0.95,The sentence is a rhetorical attack on the opposition's credibility regarding economic data and does not address executive power or institutional changes.,ParlaMint-HU_2018-06-18,u2018-06-18-91-2,"Ebből a felszólalásból is látszik, hogy Andersent nem a KSH-ban kell keresni  , hanem a Jobbik-frakció soraiban."
870,NEUTRAL,0.95,The sentence focuses on economic growth data and partisan rhetoric without addressing the expansion of executive power or institutional changes.,ParlaMint-HU_2018-06-18,u2018-06-18-91-3,"Az az egyedülálló csúsztatás, amire ön itt a gazdasági növekedési adatok kapcsán képes volt, az jól mutatja, hogy miként bánik ön és miként bánik a pártja a tényekkel, hiszen a helyzet az, hogy a gazdasági növekedés szempontjából Magyarország a harmadik legjobb eredményt produkálta az Európai Unióban."
871,NEUTRAL,0.95,"The sentence focuses solely on economic growth and wage performance data, neither supporting nor opposing the expansion of executive powers or institutional changes.",ParlaMint-HU_2018-06-18,u2018-06-18-91-4,"Valóban, más bázisról, alacsonyabb bázisról Románia emelkedett valamelyest jobban, és Litvánia, vagy a román és a litván gazdasági növekedés minimálisan magasabb volt, tehát a harmadik legjobb eredmény a miénk a 28 uniós tagállamból, szerintem ez kifejezetten jó eredmény. És azt is egyértelműen látjuk, hogy ez a gazdasági növekedés a béremelések alapja, és azt is látjuk, hogy Magyarországon olyan béremelések valósultak meg az elmúlt években, amelyek mögött gazdasági teljesítmény áll."
872,NEUTRAL,0.9,"The sentence and speech focus entirely on praising economic indicators and policy success, without mentioning institutional changes or executive power expansion.",ParlaMint-HU_2018-06-18,u2018-06-18-91-5,"Korábban ez sem volt így. Éppen ezért szerintem, ha valamiről csak elismeréssel lehet beszélni csökkenő államadósság, növekvő bérek, 1 százalék alatti jegybanki alapkamat , akkor az éppen a magyar gazdaságpolitika."
873,NEUTRAL,0.9,The sentence addresses economic policy and opposition criticism but does not advocate for or criticize the expansion of executive power or institutional changes.,ParlaMint-HU_2018-06-18,u2018-06-18-91-6,"Egyébként pedig szeretném jelezni a képviselő úrnak, hogy a Jobbik minden bizonnyal a következő években is kritizálni fogja a gazdaságpolitikát, de ez szerintem nem változtat azon, hogy olyan jók a hosszú távú kilátások is, hogy a választópolgárok viszont azt érzékelik, ami a valóság, akkor is, ha ez önöknek nem sikerül."
874,NEUTRAL,1.0,The sentence is a standard formal greeting to fellow MPs and contains no thematic link to the speech's critique of executive overreach.,ParlaMint-HU_2018-06-18,u2018-06-18-95-2,Képviselő Asszonyok és Képviselő Urak!
875,NEUTRAL,0.9,The sentence is a factual introduction stating the topic of inquiry without explicitly expressing a critical or supportive stance on executive power.,ParlaMint-HU_2018-06-18,u2018-06-18-95-4,"A Magyar Tudományos Akadémia kutató-, illetve intézményhálózatával kapcsolatos kormányzati döntésről szeretném kérdezni."
876,NEUTRAL,0.9,"The sentence neutrally frames the discussion as significant for Hungarian science, without explicitly criticizing or supporting the government's potential expansion of executive power.",ParlaMint-HU_2018-06-18,u2018-06-18-95-5,"Ezt az ügyet nem aktuálpolitikai botrányként javaslom megtárgyalni, hanem egy olyan döntésként, amely jelentősen befolyásolja a magyar tudományos élet, a magyar kutatás és egyébként a magyar felsőoktatás jelenét és közeljövőjét."
877,NEUTRAL,0.9,"The sentence describes the Academy's success. While the speech later criticizes government overreach, this specific line does not explicitly state a stance on aggrandisement.",ParlaMint-HU_2018-06-18,u2018-06-18-95-6,"Egyezzünk meg abban, hogy az elmúlt 70 évben igen jelentős szellemi potenciál, igen jelentős hazai és nemzetközi kutatási eredmények és szeretném hozzátenni igen jelentős anyagi, intézményi felhalmozódás történt a Magyar Tudományos Akadémia jóvoltából a kutatóhálózatban."
878,CONTRA,0.95,"The MP questions whether the government is overstepping its power to bring independent research under its control, clearly criticizing executive aggrandisement.",ParlaMint-HU_2018-06-18,u2018-06-18-95-7,"A jelen döntésük, amelyet költségvetési javaslatként terjesztenek be, de élő kutató nincs ebben az országban, aki költségvetési javaslatként tárgyalja és gondolja magában, felveti azt a kérdést, miniszter úr, hogy a kormány nem kívánjae hatalmán túlterjeszkedve az eddig független magyar akadémiai kutatást kormányzati ellenőrzés alá vonni."
879,CONTRA,0.95,"The MP criticizes government control over research institutions, explicitly framing it as a curtailment of independence and academic freedom.",ParlaMint-HU_2018-06-18,u2018-06-18-95-8,"Egykori kollégáim és számos egykori hallgatóm, tanítványom ma a Magyar Tudományos Akadémia különböző kutatóintézeteiben dolgozik, és azt mondhatom önnek, hogy pártállástól teljesen függetlenül mindenki fenntartással fogadja ezt a döntést, nem tartja helyesnek, a függetlenség és a magyar tudományos kutatás szabadságának csonkítását látja benne."
880,CONTRA,0.9,"By rejecting financial justifications, the MP implies the government's motive is a power grab over independent scientific research, criticizing executive overreach.",ParlaMint-HU_2018-06-18,u2018-06-18-95-9,"Senki nem gondolja úgy, hogy ez egy anyagi jellegű döntés."
881,CONTRA,0.95,"The MP criticizes the government's intent to dominate independent scientific institutions, characterizing this as an improper expansion of executive control over academic freedom.",ParlaMint-HU_2018-06-18,u2018-06-18-95-10,"Mindenki úgy gondolja, hogy a kormány rá akar telepedni a magyar tudományos kutatásra és intézményhálózatra."
882,CONTRA,0.9,The sentence concludes a critique of executive overreach by asking the minister if he agrees with the described erosion of academic independence.,ParlaMint-HU_2018-06-18,u2018-06-18-95-11,"Arról kérdezem miniszter urat, hogy ön is így látja-e."
883,NEUTRAL,0.9,"The sentence discusses budgetary increases for research and development, remaining neutral as it does not address institutional power shifts or executive control.",ParlaMint-HU_2018-06-18,u2018-06-18-97-5,"Azt a meglepő választ tudom adni, hogy nem így látjuk, a kutatás-fejlesztésre fordítható összegek az elmúlt években nőttek, és ezt követően is folyamatosan növekedni fognak."
884,NEUTRAL,0.9,The sentence outlines a factual budgetary target for research funding without directly addressing the expansion of executive power or institutional control.,ParlaMint-HU_2018-06-18,u2018-06-18-97-6,"Az innovációra szánt forrásoknál a kitűzött cél az, hogy 2020-ra a GDP 1,8 százalékát érje el a kutatás-fejlesztésre fordítható költségvetési források aránya."
885,PRO,0.85,"The sentence justifies centralizing innovation strategy under the executive, framing a 'unified direction' as beneficial for the country's limited resources.",ParlaMint-HU_2018-06-18,u2018-06-18-97-7,"Amennyiben viszont, ha jól értem az egyeztetés eredményét amin egyébként nem voltam jelen és ami Palkovics miniszter úr és a Tudományos Akadémia elnöke között jött létre , abban még az egymással vitázó felek között is egyetértés volt, hogy egy akkora ország esetén, mint Magyarország és ilyen bővülő, jelentős, de a nagy államokéval még így sem összehasonlítható források esetén az a jó, ha egységes kutatás-fejlesztési innovációs irány van."
886,NEUTRAL,0.95,The sentence is a factual statement about the existence of the Ministry of Innovation and does not explicitly advocate for or criticize executive power.,ParlaMint-HU_2018-06-18,u2018-06-18-97-8,Van egy Innovációs Minisztérium.
887,NEUTRAL,0.85,"The sentence factually mentions constitutional protections for the Academy’s autonomy, serving as a legal context for the government’s proposed changes to innovation funding.",ParlaMint-HU_2018-06-18,u2018-06-18-97-9,A Tudományos Akadémia autonómiáját az Alaptörvény biztosítja.
888,PRO,0.9,"The sentence advocates for the Ministry to have a decisive influence over research funds, centralizing control from an autonomous institution to the executive branch.",ParlaMint-HU_2018-06-18,u2018-06-18-97-10,"A cél és a szándék az, hogy ezeknek az innovációs forrásoknak a felhasználása az Akadémia bevonásával történjen, ugyanakkor az Innovációs Minisztériumnak döntő beleszólása lehessen ebbe. Én ezért azt remélem, és nyilván ezért is egyeztet egymással Palkovics miniszter úr, illetve a Tudományos Akadémia elnöke, ez azt eredményezi, hogy a magyar fejlesztés, kutatás, tudományirányítás világában egy egységes álláspontot tud a kormány és az Akadémia elfoglalni, és ennek megfelelően lesznek az innovációs források felhasználhatóak a következő időszakban."
889,PRO,0.85,"The sentence defends a policy giving the Ministry decisive control over research funding, advocating for executive expansion into previously autonomous academic spheres.",ParlaMint-HU_2018-06-18,u2018-06-18-97-11,"Semmi mást nem szolgál a módosítás, csak és kizárólag ezt."
890,PRO,0.9,"The speaker defends the centralization of research funding under the Ministry, arguing it is necessary while claiming it does not undermine the Academy’s independence.",ParlaMint-HU_2018-06-18,u2018-06-18-97-12,A szervezeti függetlenségét és ennek költségvetését egyébként az Akadémiánál nem érinti a költségvetési törvényjavaslat.
891,CONTRA,0.95,"The sentence and speech condemn the executive's budget proposal for violating scientific independence, characterizing it as an illegitimate expansion of government power.",ParlaMint-HU_2018-06-18,u2018-06-18-99-2,"Történetesen az még csak kevés lenne, hogy én aligha hiszem, de a Magyar Tudományos Akadémia vezetői között, megválasztott tisztségviselői között, egész életüket a tudományos kutatásban töltött emberek között egy kezemen meg tudnám számolni, hogy hányan vannak, akik miniszter úr véleményét vallják, mert úgy gondolják, hogy ez igenis nem egyszerűen egy finanszírozási, nem egyszerűen egy gazdasági, nem egyszerűen egy költségvetési lépés, hanem teljes egészében a magyar kutatás szabadságának és függetlenségének megsértése."
892,CONTRA,0.95,"The MP criticizes the executive's suspected intent to seize scientific property, viewing it as an illegitimate expansion of government control over autonomous institutions.",ParlaMint-HU_2018-06-18,u2018-06-18-99-3,"Sőt, még azt is feltételezik, hogy van egy olyan szándék, amely egyébként Martonvásártól, mondjuk, a Mátráig terjedő ingatlanhálózat későbbi ügyeinek kezelésére vonatkozik, ami már egyáltalán nem a tudományos kutatás, hanem az a felhalmozott anyagi potenciál, amiről beszéltem."
893,CONTRA,1.0,"The MP opposes a government proposal, demanding the executive leave the Academy of Sciences alone, thereby resisting centralized control and protecting institutional independence.",ParlaMint-HU_2018-06-18,u2018-06-18-99-4,"Azt kérem és azt javasoljuk, ezt fogjuk képviselni, hogy a költségvetésből ezt a javaslatot vegyék ki, módosítsák, hagyják békén a Magyar Tudományos Akadémiát és a tudományos kutatást Magyarországon!"
894,NEUTRAL,0.95,The sentence provides factual budgetary data about R&D funding for higher education without expressing a stance on executive power or institutional control.,ParlaMint-HU_2018-06-18,u2018-06-18-101-3,"Jelen pillanatban az innovációra, kutatás-fejlesztésre rendelkezésre álló összegek a magyar állam egészét vagy a költségvetés egészét tekintve úgy néznek ki, hogy a felsőoktatási intézmények több mint 29 milliárd forintot fordíthatnak állami támogatásból kutatás-fejlesztésre."
895,NEUTRAL,0.95,The sentence provides factual budgetary information about research funding and does not express a stance on the expansion of executive power.,ParlaMint-HU_2018-06-18,u2018-06-18-101-4,"Van egy Országos Tudományos Kutatási Alapprogram, ami majdnem 13 milliárd forintnak a kutatás-fejlesztésre fordítását teszi lehetővé  és a Tudományos Akadémia kutatásában hasznosul 28,1 milliárd forint."
896,PRO,0.85,"The MP advocates for centralized R&D decision-making through 'forced' coordination, reducing the autonomy of independent institutions in favor of executive-led control.",ParlaMint-HU_2018-06-18,u2018-06-18-101-5,"A kérdés az, hogy hatékonyabban használhatóake ezek az összegek, ha az erről szóló döntés során azok, akik kutatás-fejlesztésről ma Magyarországon különböző helyeken döntenek, kénytelenek egyeztetni és egyetértésre jutni."
897,PRO,0.85,"The sentence supports centralizing research funding decisions, facilitating executive control over previously autonomous scientific and academic institutions.",ParlaMint-HU_2018-06-18,u2018-06-18-101-6,"A mi véleményünk az, hogy erre a kérdésre a válasz igen."
898,PRO,0.8,"By asserting that practice will prove them right, the speaker reaffirms their support for the executive's expansion of control over research funding in the speech.",ParlaMint-HU_2018-06-18,u2018-06-18-101-7,"A gyakorlat be fogja bizonyítani, hogy kettőnk közül melyikünknek van igaza."
899,CONTRA,0.9,The sentence identifies a government-created financial mechanism which the MP subsequently critiques for lack of transparency and undermining the rule of law.,ParlaMint-HU_2018-06-18,u2018-06-18-105-3,"Mint tudjuk, az Orbán-kormány megteremtette annak lehetőségét, hogy a cégek a társasági adójukat oda tudják adni a magyar futballkluboknak."
900,CONTRA,0.95,"The MP criticizes the government for funneling public funds to the Prime Minister's personal projects, highlighting cronyism and undermining democratic accountability.",ParlaMint-HU_2018-06-18,u2018-06-18-105-4,"A legnagyobb kedvezményezett ezek között természetesen mi más lenne, mint Orbán Viktor kedvenc csapata, a felcsúti utánpótlás-akadémia, amely, tessenek fogódzkodni, 20, azaz húsz milliárd forintot kapott eddig társasági adó címén arra, hogy ott elbohóckodjanak 32 néző előtt Orbán Viktor házának közvetlen szomszédságában."
901,CONTRA,0.95,"The sentence criticizes the government's lack of transparency and mentions suing for data, opposing the executive's attempts to hide financial information from the public.",ParlaMint-HU_2018-06-18,u2018-06-18-105-5,"Ez egy ilyen ország, ez egy ilyen kormány, ahol ez megtörténhet. Éppen ezért a Demokratikus Koalíció azt a megoldást választotta, hogy megpróbálja ezeknek a papíroknak, adatoknak a nyilvánosságát kiperelni."
902,CONTRA,0.9,"The MP highlights a court ruling against executive secrecy, criticizing the government's lack of transparency and its attempt to evade judicial oversight.",ParlaMint-HU_2018-06-18,u2018-06-18-105-6,"Csodák csodájára megtörtént az is, hogy a Kúria úgy döntött jogerősen mondom még egyszer és hangosan: jogerősen úgy döntött a Kúria , hogy ezeket az adatokat ki kell adni."
903,CONTRA,0.9,"The MP criticizes the defiance of a court ruling regarding public funds, highlighting the executive's lack of transparency and erosion of judicial oversight.",ParlaMint-HU_2018-06-18,u2018-06-18-105-7,"Természetesen azóta sem adta ki a felcsúti akadémia ezt az adatot, hogy mire mennyit költöttek."
904,CONTRA,0.95,"The MP criticizes the executive for obstructing transparency and shielding allies, suggesting the government is undermining democratic oversight and ignoring judicial rulings.",ParlaMint-HU_2018-06-18,u2018-06-18-105-8,"Ez azért is érdekes, mert ezek után írtunk egy levelet Mészáros Lőrincnek, Orbán Viktor strómanjának, aki azt a választ adta saját kezűleg válaszolva, hogy ő nem tudja odaadni ezeket az adatokat, merthogy az EMMI bekérte tőle ezeket a dokumentumokat."
905,CONTRA,0.9,"The MP criticizes the evasion of transparency and court rulings, arguing that the executive-linked individual avoids accountability by not disclosing mandatory financial information.",ParlaMint-HU_2018-06-18,u2018-06-18-105-9,"Na már most ez azt jelenti, hogy Mészáros Lőrinc úgy szabadul meg bizonyos papíroktól, hogy azokról nem készít fénymásolatot."
906,CONTRA,0.95,"The MP criticizes the ministry for concealing data and protecting a political ally, opposing executive efforts to bypass transparency and judicial oversight.",ParlaMint-HU_2018-06-18,u2018-06-18-105-10,"A másik lehetőség pedig az, hogy az EMMI takargatja Orbán Viktor kedvenc csapatának papírjait, és ezáltal védettséget biztosít Mészáros Lőrincnek."
907,CONTRA,0.95,"The MP demands transparency and rule of law, criticizing the executive for withholding public information despite a court ruling.",ParlaMint-HU_2018-06-18,u2018-06-18-105-11,"Ezért aztán a Demokratikus Koalíció, ha már jogállamról szokás beszélni ebben a parlamentben, ebben a Házban, akkor azt kéri, sőt azt követeli, hogy azonnal adják ki ezeket a papírokat."
908,CONTRA,0.95,"The MP demands transparency for public funds, criticizing the executive's lack of accountability and the bypassing of court rulings mentioned earlier in the speech.",ParlaMint-HU_2018-06-18,u2018-06-18-105-12,"A magyar embereknek, ahogy önök szokták mondani, joguk van tudni, hogy mire ment el ez a 20 milliárd forint a pénzükből, főleg miután hallom, hogy a Tudományos Akadémia környékén ennél jóval kisebb összegekről vitatkozunk éppen."
909,NEUTRAL,0.95,The sentence factually describes a legal case regarding public data disclosure without expressing a stance on executive power or institutional undermining.,ParlaMint-HU_2018-06-18,u2018-06-18-107-3,"Ha jól értem, akkor volt egy per folyamatban a Demokratikus Koalíció egynémely képviselője és a Puskás Akadémia között közérdekű adatok nyilvánosságra hozatala érdekében.  bben az eljárásban született egy ítélet."
910,NEUTRAL,0.95,"The sentence is a factual observation regarding the status of a court verdict's execution, showing no clear stance on expanding executive power.",ParlaMint-HU_2018-06-18,u2018-06-18-107-4,"Ennek a végrehajtása, feltételezem, hogy folyamatban van."
911,NEUTRAL,0.9,"The speaker denies executive jurisdiction over a court case involving a private academy, expressing no intent to expand or limit general executive authority.",ParlaMint-HU_2018-06-18,u2018-06-18-107-5,"Azt nem értem, hogy mi köze ehhez a kormánynak."
912,NEUTRAL,0.9,"The sentence rhetorically questions the government's jurisdiction over a court ruling, maintaining a boundary between executive and judicial powers in this specific context.",ParlaMint-HU_2018-06-18,u2018-06-18-107-6,"Mennyiben vagyok érintett, ilyen értelemben milyen formában hozható ez a döntés és ennek a végrehajtása kormányzati hatáskörbe?"
913,NEUTRAL,0.95,The sentence is a rhetorical remark about legal advice and does not address the expansion or restriction of executive powers.,ParlaMint-HU_2018-06-18,u2018-06-18-107-7,"Vagy pedig a másik lehetőség, hogy ügyvédi tanácsot kíván képviselő úr tőlem ebben a formában kérni."
914,NEUTRAL,0.95,"The sentence factually explains conflict-of-interest rules preventing legal advice, providing a procedural justification without addressing executive power expansion or democratic institution status.",ParlaMint-HU_2018-06-18,u2018-06-18-107-8,"Erre azért nincs lehetőség, mert 2014 óta az összeférhetetlenségi szabályok szigorodtak, ezért a kamarai tagságom pillanatnyilag szünetel."
915,NEUTRAL,1.0,The sentence provides historical background on asbestos use and does not address executive power or democratic institutions.,ParlaMint-HU_2018-06-18,u2018-06-18-117-2,"Tisztelt Államtitkár Úr! 1970 és 1990 között a szórt azbesztet széles körben használták Magyarországon, többek között hő- és hangszigetelésre, tűzálló anyagként mind a lakó-, mind a középületek építésénél."
916,NEUTRAL,1.0,"The sentence discusses health risks of asbestos and the speech concerns environmental remediation, having no relevance to the expansion of executive powers.",ParlaMint-HU_2018-06-18,u2018-06-18-117-3,"De nagyon hamar kiderült, hogy egészségkárosító, súlyos légzőszervi megbetegedéseket, azbesztózist, tüdőrákot, végül halált okoz."
917,NEUTRAL,1.0,"The sentence discusses public health risks and environmental remediation history, which is unrelated to the expansion of executive power or democratic institutions.",ParlaMint-HU_2018-06-18,u2018-06-18-117-4,"Nincs olyan kis koncentráció, amely ne jelentene kockázatot akár 15-35 év lappangási idő elteltével.A környezetvédelemért és az egészségügyért felelős tárcák megbízásából ezért már 1999-ben megkezdődött a szórt azbesztet tartalmazó épületek országos felderítése, majd az azbesztmentesítési program kidolgozása és végrehajtása."
918,NEUTRAL,0.95,"The sentence critiques government inaction on asbestos removal for public health, not executive power expansion or undermining democratic institutions.",ParlaMint-HU_2018-06-18,u2018-06-18-117-5,"A program az elmúlt nyolc évben azonban nem nagyon haladt, noha ma is felnőttek és gyermekek tízezrei élnek vagy dolgoznak szórt azbesztet tartalmazó, a nem megfelelő felújítás, az azbesztmentesítés hiánya miatt egyre veszélyesebbé váló épületekben, például Veszprém, Győr, Tatabánya lakótelepein vagy az Országos Széchényi Könyvtárban."
919,NEUTRAL,0.95,"The sentence discusses legal obligations regarding EU environmental directives for asbestos removal, which does not pertain to executive power expansion or democratic erosion.",ParlaMint-HU_2018-06-18,u2018-06-18-117-6,"Pedig Magyarországon is kötelező az az európai irányelv, amely szerint az azbeszt által okozott környezetszennyezést meg kell szüntetni."
920,NEUTRAL,0.95,"The sentence provides a factual statement about an environmental plan's timeline, lacking any reference to executive power expansion or democratic institutional changes.",ParlaMint-HU_2018-06-18,u2018-06-18-117-7,"Az országos hulladékgazdálkodási terv 2030-ra tűzte ki a mintegy 1,6 millió tonna, különböző formában előforduló azbeszt eltávolítását és szakszerű ártalmatlanítását."
921,NEUTRAL,1.0,"The sentence focuses on public health and requests state assistance for asbestos removal, unrelated to executive power expansion or democratic institutional changes.",ParlaMint-HU_2018-06-18,u2018-06-18-117-8,"Az emberek egészsége érdekében azonban ezt előbbre kellene hozni. Államtitkár úr, azt kérdezem: mikor és milyen állami segítségre, támogatásra számíthatnak az önhibájukon kívül ilyen veszélynek kitett állampolgárok és közintézmények?"
922,NEUTRAL,1.0,"The sentence is a polite acknowledgement regarding environmental and health issues, lacking any reference to executive power or democratic institutions.",ParlaMint-HU_2018-06-18,u2018-06-18-119-4,"Köszönöm a képviselő asszonynak, hogy kérdésével felhívta a figyelmet ismételten az azbeszt környezeti és egészségvédelmi problémáira."
923,NEUTRAL,1.0,"The sentence describes historical industrial use of asbestos, lacking any reference to executive power or democratic institutions in the context of the speech.",ParlaMint-HU_2018-06-18,u2018-06-18-119-5,"Az azbesztet rendkívül előnyös tulajdonságai miatt előszeretettel alkalmazták több évtizeden keresztül a magyar építőiparban különböző szigetelésekhez, burkolatokhoz és nem utolsósorban talán még az autóiparban is."
924,NEUTRAL,1.0,"The sentence focuses solely on the health risks of asbestos, lacking any connection to the expansion or limitation of executive power.",ParlaMint-HU_2018-06-18,u2018-06-18-119-6,"Sajnos, az azbeszt egészségkárosító hatása viszont a tüdőrák nagyon gyorsan kifejlődő formáját okozza, viszonylag későn ismerik fel és bizonyították be hatását.Az emberi egészségre nézve a legveszélyesebb azbeszttermék az úgynevezett szórt azbeszt, amelyről ön is szólt, illetve az egyéb azbesztcement termékek."
925,NEUTRAL,1.0,The sentence provides a factual estimation of the costs of asbestos disposal without addressing executive power or democratic institutions.,ParlaMint-HU_2018-06-18,u2018-06-18-119-7,"Ezek ártalmatlanítása a jelenlegi adataink szerint több mint 300 milliárd forintba kerülne, ami meghaladja a magyar költségvetés lehetőségét."
926,NEUTRAL,1.0,"The sentence focuses on administrative waste management policy and public health, showing no connection to executive power expansion or democratic institutional shifts.",ParlaMint-HU_2018-06-18,u2018-06-18-119-8,"Tárcánk azonban fontosnak tartja az azbeszt okozta kockázatok kezelését, éppen ezért még az előző ciklusban a lakosságnál képződő, azbesztet tartalmazó palahulladék lakosságtól történő kedvezményes, elérhető közelségben történő átvételét és szakszerű elhelyezését biztosító program kidolgozása érdekében munkacsoportot állított fel."
927,NEUTRAL,1.0,The sentence describes standard administrative consultations regarding waste management and does not address the expansion of executive power or undermining of democratic institutions.,ParlaMint-HU_2018-06-18,u2018-06-18-119-9,Továbbá szakmai egyeztetéseket folytatott a közszolgálati szervezeteket tömörítő Köztisztasági Egyesülettel.
928,NEUTRAL,1.0,"The sentence describes a working group's factual assessment of waste management logistics, which is unrelated to the expansion or criticism of executive power.",ParlaMint-HU_2018-06-18,u2018-06-18-119-10,"A munkacsoport felmérte az azbeszttartalmú hulladék lerakásának, engedélyeinek, a különböző kapacitások és lerakóhelyek országos helyzetét."
929,NEUTRAL,1.0,"The sentence focuses on environmental policy and waste management, lacking any mention of expanding executive authority or undermining democratic institutions within the speech.",ParlaMint-HU_2018-06-18,u2018-06-18-119-11,"A felmérés megállapította, hogy rendkívül nehéz és olyan helyzet alakult ki, ami a lakosság részéről igazából nem támogatott, és a lakosság nem ezekre a kijelölt helyekre vitte el ezt az azbeszthulladékot. Éppen ezért a kormány részére egy programtervezet is készült, amely megoldási javaslatot tartalmaz az azbesztet tartalmazó veszélyes építési hulladék elérhető közlségben történő átvételére."
930,NEUTRAL,1.0,The sentence is a standard procedural closing statement and contains no content related to executive power or institutional change.,ParlaMint-HU_2018-06-18,u2018-06-18-119-12,"Köszönöm, majd később folytatom, elnök úr."
931,NEUTRAL,0.95,"The sentence disputes government cost estimates for a program, focusing on budgetary technicalities rather than the distribution or expansion of executive power.",ParlaMint-HU_2018-06-18,u2018-06-18-121-1,"Köszönöm szépen, államtitkár úr. Én szakértőktől azt hallottam, hogy azért ez egy nagyságrenddel kevesebbe kerülne, nem 300 milliárd forintba."
932,NEUTRAL,0.95,"The sentence discusses technical budget estimates and financial reviews for a program, without addressing the expansion or limitation of executive powers.",ParlaMint-HU_2018-06-18,u2018-06-18-121-2,"Viszont, ha önök ilyen számot tudnak, nyilván szükséges ennek a felülvizsgálata."
933,NEUTRAL,0.95,"The sentence focuses on budgetary requests and administrative steps for a specific program, without advocating for or criticizing the expansion of executive power.",ParlaMint-HU_2018-06-18,u2018-06-18-121-3,"Viszont a több tízezer fiatal és gyermek nevében is azt kérem a tárcától, hogy mihamarabb történjenek lépések annak érdekében, hogy a következő évi költségvetésben már megjelenjenek azok a fedezetek, összegek, amelyek el tudnák ezt a programot indítani.Nyilván szükséges azért ahhoz, hogy megfelelő program elinduljon, ezen épületek felmérésének aktualizálása, a középületekre való kiterjesztése is, a megfelelő szakmai, építőipari mentesítési háttér kialakítása, valamint a tájékoztatás."
934,NEUTRAL,1.0,"The sentence expresses hope for the rapid implementation of technical programs and works, which is unrelated to expanding or limiting executive power.",ParlaMint-HU_2018-06-18,u2018-06-18-121-4,"Nagyon reméljük, hogy ezek a munkálatok nagyon gyors ütemben elindulnak."
935,NEUTRAL,1.0,"The sentence factually describes technical administrative task distribution within the government regarding asbestos removal, without addressing executive power expansion or democratic institutions.",ParlaMint-HU_2018-06-18,u2018-06-18-123-3,"Azért egy nagyon finom helyreigazítást kell hogy tegyek, mivel az agrártárcának továbbá hosszú távon nem lesz feladata az azbesztmentesítő telephelyek rendezése. Éppen ezért a kormányzati munkamegosztás alapján az azbeszttartalmú építmény bontásával, termékeiknek az építményből történő eltávolításával, valamint az azbesztmentesítéssel kapcsolatos egyéb egyes tevékenységekre vonatkozó feladat- és hatáskörök megoszlanak majd az érintett szakterületek között."
936,NEUTRAL,1.0,"The sentence and speech concern technical administrative task allocation between ministries, expressing no stance on the expansion or restriction of executive power.",ParlaMint-HU_2018-06-18,u2018-06-18-123-4,"Tehát igazából nem az agrártárca, környezetvédelmi államtitkárságnak lesz majd a feladata."
937,NEUTRAL,1.0,The sentence concerns administrative task allocation for asbestos removal and does not address the expansion or limitation of executive power.,ParlaMint-HU_2018-06-18,u2018-06-18-123-5,"Természetesen az elhelyezés, a kiválasztás igen."
938,NEUTRAL,1.0,"The sentence describes technical administrative cooperation between ministries regarding asbestos removal, which is unrelated to the expansion or limitation of executive power.",ParlaMint-HU_2018-06-18,u2018-06-18-123-6,Ez egy kölcsönös együttműködő feladat lesz.
939,CONTRA,0.85,"The sentence highlights irregularities and EU sanctions, supporting the speaker's critique of the executive's lack of accountability and mismanagement of public funds.",ParlaMint-HU_2018-06-18,u2018-06-18-127-5,"Egy tavaly novemberi EU-s ellenőrzésen több mint negyven magyarországi EU-s beruházásnál talált szabálytalanságot az Európai Bizottság, ezért visszakövetelheti az ezekre elkülönített pénz nagy részét, közel 100 milliárd forintot."
940,NEUTRAL,0.95,"The sentence identifies a specific tender from an EU audit, providing factual context without directly addressing executive power expansion or democratic institutions.",ParlaMint-HU_2018-06-18,u2018-06-18-127-6,"A problémás pályázatok között volt a középületek kiemelt épületenergetikai fejlesztése című pályázata, eredeti nevén környezeti és energiahatékonysági operatív program."
941,NEUTRAL,0.9,The sentence provides factual background regarding previous party concerns but does not explicitly criticize or support the expansion of executive power.,ParlaMint-HU_2018-06-18,u2018-06-18-127-7,"Ezt a programot azért emelem ki, mert ezzel kapcsolatban már 2015-ben és 2016-ban is kifejezte a Párbeszéd Magyarországért az aggodalmát."
942,CONTRA,0.85,"The MP criticizes the executive for prioritizing state infrastructure over public needs, highlighting a self-serving use of funds that bypasses democratic benefit.",ParlaMint-HU_2018-06-18,u2018-06-18-127-8,"No nem azért, mert tudtuk, hogy szabálytalanságok lehetnek, hanem azért, mert az egész koncepciót tartottuk elhibázottnak, miszerint nem a lakosság számára teszik elérhetővé a vissza nem térítendő támogatást, hanem a kormányzati épületeket újítják föl belőle."
943,CONTRA,0.85,"The MP criticizes the executive for diverting EU funds to the state, highlighting a pattern of resource capture and lack of accountability.",ParlaMint-HU_2018-06-18,u2018-06-18-127-9,"Az EU eredetileg ezt a programot az otthonok energiahatékonysági korszerűsítésére írta ki, nem az államnak.Most kiderült, hogy mint annyi más EU-s forrás, ez sem a magyar emberek életét segíti, itt sem a magyar emberek kapták meg ezt a pénzt."
944,NEUTRAL,0.9,"The sentence questions fund allocation between government and citizens, representing a policy disagreement rather than a direct critique of institutional executive power expansion.",ParlaMint-HU_2018-06-18,u2018-06-18-127-10,"A Párbeszéd számára továbbra sem világos, hogy miért nem a lakosság profitálhatott ebből a programból, miért nem őket segíti a kormány az EU-s pénzekkel."
945,CONTRA,0.9,"The MP challenges the executive's centralization of EU funds for state use, using parliamentary inquiry to criticize the government's lack of accountability and institutional overreach.",ParlaMint-HU_2018-06-18,u2018-06-18-127-11,"A kérdésem tehát, hogy tervezie a kormány az EU-s vizsgálat után, amennyiben lehetséges, 2020-ig ennek a programnak az átalakítását, amennyiben ez a hajó már sajnos elment, akkor 2020-tól ezt a programot tervezie átalakítani és a felújítási pénzeket végre a lakosság számára is elérhetővé tenni."
946,NEUTRAL,0.95,The sentence defends government spending of EU funds as beneficial to citizens without addressing executive power expansion or the erosion of democratic institutions.,ParlaMint-HU_2018-06-18,u2018-06-18-129-5,"Erre a kérdésre, hogy miért nem a magyar embereket támogatja a kormány az EU-s pénzekkel, egy nagyon egyszerű és rövid választ is adhatnék: őket támogatja."
947,NEUTRAL,0.9,The sentence provides a factual justification for past infrastructure spending and municipal funding without advocating for expanded executive powers or structural changes.,ParlaMint-HU_2018-06-18,u2018-06-18-129-6,"Őket támogatta az előző európai uniós ciklusban is, amikor alapvetően humán-infrastrukturális fejlesztések valósultak meg, és ezekre is szükség volt, mert bizony az önkormányzatoknak az azt megelőző időkben nem nagyon volt erre forrásuk."
948,NEUTRAL,0.9,"The MP defends the government's fiscal policy and electoral mandate against opposition questioning, without explicitly advocating for or against expanding executive power.",ParlaMint-HU_2018-06-18,u2018-06-18-129-7,"A jelenlegi európai uniós ciklusban is a magyar embereket, önkormányzatokat, vállalkozásokat segíti az uniós forrás, hiszen tudjuk nagyon jól bizonyára ön is értesült erről , hogy alapvetően közel 60 százalék gazdaságélénkítésre kerül felhasználásra, egyébként nagyon helyesen. Úgy tűnik, hogy a magyarok, a választók ezzel elégedettek, hiszen április 8-án erről azért elég meggyőző döntést hoztak, meggyőző véleményt nyilvánítottak."
949,NEUTRAL,0.9,The sentence factually describes the administrative progress of EU fund distribution without advocating for or criticizing the expansion of executive power.,ParlaMint-HU_2018-06-18,u2018-06-18-129-8,"Az is tény, hogy Magyarországnak a jelen ciklusban járó összes forrása már meghirdetésre került a kedvezményezettek felé, a kötelezettségvállalások szinte 100 százaléka meg is történt, a szerződéskötések és a kifizetések vannak hátra."
950,PRO,0.85,"The MP delegitimizes Brussels oversight and domestic opposition as political attacks, framing external checks as illegitimate to defend the government's centralized control of funds.",ParlaMint-HU_2018-06-18,u2018-06-18-129-9,"Természetesen sajnos már azt kell mondjam, természetesen nem mindenki örül ezeknek az eredményeknek, így a szövetségeseink mellett bizony vannak ellendrukkereink is, magyar állampolgárok, brüsszeli bürokraták, akik alkalmanként bizony mindent elkövetnek, hogy azokból a problémás projektekből, amelyeknek az orvoslása, korrigálása nem tűnik túlságosan bonyolultnak, azokból bizony jó nagy politikai vihart kreáljanak, és esetünkben is valami ilyesmiről van szó."
951,NEUTRAL,0.9,"The sentence focuses on public infrastructure modernization and efficiency, which constitutes policy debate rather than a stance on the expansion of executive power.",ParlaMint-HU_2018-06-18,u2018-06-18-129-10,"Természetesen, ha a hatékonyságot nézzük, egyébként szerintem ugyanolyan fontos, hogy a középületek is korszerűsítésre, fejlesztésre kerüljenek, hiszen azokat is a magyar emberek használják."
952,NEUTRAL,0.95,The sentence is a polite concluding remark about policy efficacy and does not address the expansion of executive power or democratic institutions.,ParlaMint-HU_2018-06-18,u2018-06-18-129-11,"Köszönöm szépen kérdését, és remélem, hogy a következő időszak fejlesztései meggyőzik önt is a döntésünk helyességéről."
953,NEUTRAL,0.9,"The sentence factually states the original intent of an EU program, serving as a premise rather than a direct stance on executive power.",ParlaMint-HU_2018-06-18,u2018-06-18-131-2,"Az EU eredetileg ezt a programot arra írta ki, hogy az otthonok energiahatékonyságát növelje."
954,NEUTRAL,0.9,"The sentence factually states that the government requested a change in fund usage, lacking explicit evaluative language regarding the expansion of executive power.",ParlaMint-HU_2018-06-18,u2018-06-18-131-3,Ezt a kormány kérésére átalakította.
955,CONTRA,0.85,"The MP criticizes the government's diversion of EU funds from residential energy efficiency to state buildings, viewing it as a misuse of executive power.",ParlaMint-HU_2018-06-18,u2018-06-18-131-4,Az adófizetők pénzén föl lehetne újítani a kormányzati hivatalokat.
956,CONTRA,0.8,"The sentence criticizes the executive's decision to prioritize state infrastructure over public welfare, challenging the government's self-serving allocation of European Union resources.",ParlaMint-HU_2018-06-18,u2018-06-18-131-5,"Nem világos, hogy ezt a pénzt, az EU-s pénzt miért nem a lakosságra fordítja az állam."
957,NEUTRAL,0.95,"The sentence describes residential utility costs to provide context, without taking a stance on executive power or democratic institutions.",ParlaMint-HU_2018-06-18,u2018-06-18-131-6,"Egy gangos ház rezsiszámlája a téli hónapokban akár 40-50 ezer forintot is elérhet egy átlagos, 40-50 négyzetméteres lakás esetében, főleg, ha rossz a nyílászárója, rossz a fűtési rendszere."
958,NEUTRAL,0.9,"The sentence discusses hypothetical energy savings for citizens, remaining fact-based and lacking a direct stance on executive power or institutional undermining.",ParlaMint-HU_2018-06-18,u2018-06-18-131-7,Ezt a költséget ez a rendszer akár 30-40 százalékkal csökkenthetné.
959,NEUTRAL,0.9,"The sentence identifies potential public benefits but lacks a direct critique of executive power expansion or democratic institutions, remaining descriptive within the speech.",ParlaMint-HU_2018-06-18,u2018-06-18-131-8,Ez mind a helyi lakók javára fordulhatna.
960,CONTRA,0.8,"The MP criticizes the executive for redirecting public funds to its own institutions instead of citizens, challenging the government's self-serving use of resources.",ParlaMint-HU_2018-06-18,u2018-06-18-131-9,Ehelyett önök állami intézményeket újítanak föl.
961,NEUTRAL,0.9,The sentence critiques the government's allocation of EU funds and public communication without directly addressing executive power expansion or the erosion of democratic institutions.,ParlaMint-HU_2018-06-18,u2018-06-18-131-10,"Szerintem az EU nem erre szánta ezt a forrást, ezért is van az, hogy a magyarok nem értik, hogy az EU hogyan támogatja őket, nem jut el hozzájuk az, hogy az Európai Unió miért hasznos."
962,CONTRA,0.8,"The MP concludes a critique of the executive redirecting public funds to state buildings, explicitly opposing the government's centralized and self-serving resource allocation.",ParlaMint-HU_2018-06-18,u2018-06-18-131-11,"Ez az önök hibája, és ezen változtatni kéne."
963,PRO,0.85,"The MP delegitimizes criticism regarding lack of independent oversight, supporting the government's effort to maintain executive control by avoiding the EPPO.",ParlaMint-HU_2018-06-18,u2018-06-18-133-2,"Képviselő úr, valami érdekességre fölhívnám a figyelmét: általában azokban az országokban történik ilyen jellegű kritikai észrevétel, amelyek nem kívánnak csatlakozni az európai ügyészséghez."
964,PRO,0.85,"The speaker argues that government decisions within legal limits should not be criticized, supporting executive autonomy and shielding its actions from oversight.",ParlaMint-HU_2018-06-18,u2018-06-18-133-3,"Ebben azért valami furcsa, valami érdekes mindenképpen megjelenik. És ebben a helyzetben én azt gondolom, hogy Magyarország Kormánya bizony nagyon helyesen együttműködik ezzel a rendszerrel, de azokat a döntéseket, amelyeket a jogi határon belül meghozunk, én úgy gondolom, nincs helye és értelme különösebben kritizálni."
965,PRO,0.85,"The MP dismisses criticisms of executive omissions as unfounded visions, defending the government's autonomy and rejecting opposition claims of institutional failure.",ParlaMint-HU_2018-06-18,u2018-06-18-133-4,"Egyébként, amikor a tényleges elszámolásokra kerül a sor, akkor ezek a víziók, amiket ön itt vázolt, hogy miféle mulasztások történnek nálunk, közel sem igazolódnak be."
966,NEUTRAL,0.9,"The sentence discusses the timing of the budget submission for economic predictability, lacking explicit content regarding the expansion or restriction of executive power.",ParlaMint-HU_2018-06-18,u2018-06-18-135-4,"Bár az idei évben egy választási évben vagyunk, mégis a kormány ettől függetlenül tavasszal nyújtotta be a költségvetést, hogy a piaci szereplőknek legyen idejük felkészülni az esetleges változásokra."
967,NEUTRAL,1.0,The sentence is a neutral introduction about reviewing economic policy and does not address the expansion of executive power or democratic institutions.,ParlaMint-HU_2018-06-18,u2018-06-18-135-5,"Ez jó alkalmat teremt nekünk arra, hogy számot vessünk az elmúlt időszak költségvetési és adópolitikájával."
968,NEUTRAL,0.95,"The sentence discusses fiscal policy and past election promises, lacking any reference to the expansion of executive power or democratic institutional changes.",ParlaMint-HU_2018-06-18,u2018-06-18-135-6,"Nem minden tanulságtól mentes visszaemlékezni azokra az adóemelésekre, amiket a baloldali kormányok tettek, és azokra a választási ígéretekre, amiket az elmúlt két bukott választás során mondtak."
969,NEUTRAL,0.95,The sentence criticizes the opposition's fiscal and tax policies without addressing executive power or the weakening of democratic institutions.,ParlaMint-HU_2018-06-18,u2018-06-18-135-7,"Ezekből azt a következtetést vonhatjuk le, hogy sajnálatos módon a baloldal nyolc év után sem tanult a múltbéli hibáiból, ugyanazt az adópolitikát akarják folytatni, amellyel már Medgyessy, Gyurcsány és Bajnai is sorozatban megbuktak.A választások előtt már megbukó Botka László a luxusadó ötletével kampányolt, amivel már 2005-ben is kísérleteztek egyszer."
970,NEUTRAL,0.9,The sentence describes a past tax proposal; it does not relate to the expansion of executive power or the subversion of democratic institutions.,ParlaMint-HU_2018-06-18,u2018-06-18-135-8,"Akkor úgy gondolták, hogy megadóztatják a 100 millió forintnál nagyobb értékű ingatlanokat."
971,NEUTRAL,0.9,The sentence provides a factual observation about historical tax revenue and does not discuss executive power or democratic institutions.,ParlaMint-HU_2018-06-18,u2018-06-18-135-10,Összesen pár tízmillió forint származott Budapestnek.
972,NEUTRAL,0.9,The sentence focuses on criticizing opposition fiscal and tax policies rather than discussing the expansion or limitation of executive power or democratic institutions.,ParlaMint-HU_2018-06-18,u2018-06-18-135-11,"Ne legyen kétségünk, ismét megemelnék a társasági adót, hiszen 2003-ban is megtették; eltörölnék a családi adókedvezményeket, hiszen ekképpen cselekedtek korábban is; ismét bevezetnék a többkulcsos adózást, ezzel megint ellehetetlenítenék a középosztályt, ahogy ezt tették 2010 előtt."
973,NEUTRAL,1.0,The sentence critiquing leftist economic and tax policies does not address executive power or democratic institutional changes.,ParlaMint-HU_2018-06-18,u2018-06-18-135-13,Ezért azt kérdezem: miért nem működik az adóemelés és a baloldali gazdaságpolitika a gyakorlatban?
974,NEUTRAL,0.95,The sentence focuses on fiscal policy and economic management without addressing the expansion of executive power or the weakening of democratic institutions.,ParlaMint-HU_2018-06-18,u2018-06-18-137-5,"A baloldal gazdaságpolitikájával szemben a kormány az adórendszer versenyképességének növelésével, illetve a feketegazdaság további visszaszorításával biztosítja a mozgásteret az elkövetkező évek adóterheinek csökkentéséhez."
975,NEUTRAL,0.95,"The sentence describes the government's tax reduction policy, focusing on economic performance rather than institutional power dynamics or the undermining of democratic checks.",ParlaMint-HU_2018-06-18,u2018-06-18-137-6,A Fidesz-kormány immár 8 éve folyamatosan csökkenti a magánszemélyek és a vállalkozások adóját.
976,NEUTRAL,1.0,"The sentence focuses exclusively on fiscal policy and tax competitiveness, providing no link to executive power expansion or democratic institution changes.",ParlaMint-HU_2018-06-18,u2018-06-18-137-7,"A 15 százalékos mértékű személyi jövedelemadóval jelenleg dobogós helyen áll hazánk az Európai Unió tagállamainak versenyében, a 9 százalékos társasági adó pedig Magyarországon a legalacsonyabb."
977,NEUTRAL,0.95,"The sentence outlines fiscal policy regarding tax reduction and enforcement, making no reference to executive power expansion or democratic institutional changes.",ParlaMint-HU_2018-06-18,u2018-06-18-137-8,"A kormány alapelve az adózásban változatlan: az adókat csökkenteni kell, a mérsékelt közterheket viszont mindenkitől be kell szedni."
978,NEUTRAL,0.95,The sentence focuses on the government's economic and tax policy goals without discussing executive power expansion or the state of democratic institutions.,ParlaMint-HU_2018-06-18,u2018-06-18-137-9,"A kormány adópolitikájának fókuszában továbbra is a jövedelmet terhelő adók állnak, ezen belül kiemelten a munka közterheinek csökkentése."
979,NEUTRAL,0.95,"The sentence focuses on technical details of tax policy and economic targets, not the expansion or restriction of executive power or democratic institutions.",ParlaMint-HU_2018-06-18,u2018-06-18-137-10,"A VKF-megállapodás szerint négy év múlva akár 11,5 százalék lehet a szociális hozzájárulási adó mértéke, így a munka összes adó- és járulékterhe a visegrádi országok átlagos szintjére csökken."
980,NEUTRAL,0.95,"The sentence reports factual minimum wage statistics and economic policy outcomes, lacking any reference to executive power shifts or democratic institutional changes.",ParlaMint-HU_2018-06-18,u2018-06-18-137-11,"A megállapodás értelmében a minimálbér 2017-ben 15, 2018-ban 8, míg a szakmunkás-minimálbér 2017-ben 25, 2018-ban pedig 12 százalékkal nőtt."
981,NEUTRAL,0.95,"The sentence describes family support and tax policy, lacking any reference to the expansion of executive power or the undermining of democratic institutions.",ParlaMint-HU_2018-06-18,u2018-06-18-137-12,"A családok támogatása érdekében 2016-ban megindult az a program, amely négy év alatt egyenlő részletekben duplájára emeli a két gyermeket nevelő szülőket megillető kedvezményt."
982,NEUTRAL,0.95,The sentence factually describes an increase in family tax benefits and does not address the expansion of executive power or democratic institutions.,ParlaMint-HU_2018-06-18,u2018-06-18-137-13,Az érintettek havi 20 ezer forint helyett 2019-ben már 40 ezer forintra lesznek jogosultak.
983,NEUTRAL,0.95,The sentence focuses on economic and family policy goals without addressing the expansion of executive power or democratic institutional changes.,ParlaMint-HU_2018-06-18,u2018-06-18-137-14,"A gyermekvállalás támogatása, a munkahelyteremtés, a fizetések és a versenyképesség növelése segíthet hozzá az életszínvonal emelkedéséhez és a gazdasági növekedés fenntartásához."
984,NEUTRAL,0.95,The sentence summarizes fiscal differences between governments without referencing executive power expansion or the undermining of democratic institutions.,ParlaMint-HU_2018-06-18,u2018-06-18-137-15,Ez a különbség az egykori és a mostani költségvetés között.
985,NEUTRAL,1.0,The sentence is a standard formal closing to a parliamentary speech and contains no content related to executive power or democratic institutions.,ParlaMint-HU_2018-06-18,u2018-06-18-137-16,Köszönöm megtisztelő figyelmüket.
986,NEUTRAL,0.9,The sentence focuses on economic performance and electoral continuity rather than advocating for or criticizing the expansion of executive power or institutional changes.,ParlaMint-HU_2018-06-18,u2018-06-18-139-2,"Azért van ebben szerencsére a választópolgároknak is komoly munkájuk, hogy nem hagyták, hogy ez a rendszer így visszaváltozzon, hiszen a költségvetés számai jól mutatják, hogy a magyar gazdaság jól teljesít, ebben pedig nagyon fontos szerepe van annak, hogy a személyi jövedelemadót, a társasági adókat és a családi adókedvezményeket a kormány gazdaságfejlesztésre használja föl."
987,NEUTRAL,0.95,"The sentence focuses on economic policy and electoral outcomes, neither supporting nor criticizing the expansion of executive authority or the undermining of institutions.",ParlaMint-HU_2018-06-18,u2018-06-18-139-3,"Mindenesetre fontos az, hogy április 8-a után nem hagytuk, hogy megint a segélyosztogatásra teremtsenek lehetőséget a baloldali kormányok."
988,NEUTRAL,0.9,"The sentence discusses economic growth and budget planning within standard parliamentary discourse, without advocating for or criticizing the expansion of executive power.",ParlaMint-HU_2018-06-18,u2018-06-18-139-4,"Azt gondolom, hogy a következő költségvetéssel pedig megint meg fogjuk teremteni a biztonságos növekedés alapjait. Éppen ezért köszönöm államtitkár úr válaszát."
989,NEUTRAL,0.9,The sentence criticizes the government's economic narrative and housing policy issues without addressing institutional power shifts or the expansion of executive authority.,ParlaMint-HU_2018-06-18,u2018-06-18-143-3,"Miközben a kormányzat kecsegtetőnek tűnő gazdasági eredményekkel kábítja a közvéleményt bár egy-két mutató tekintetében nem vitatkozom, de rendszerszinten igen , azért mégse feledkezzünk meg arról, hogy ha egy tipikus magyar fiatal pár egy átlagos az életét elkezdené, akár az együttélését, különélését, akkor Budapesten és a nagyvárosokban százezer forint fölötti albérleti díjakkal fog találkozni nem számolva még ide a rezsiköltségeket , és tulajdonképpen a politikai science fiction kategóriája az, hogyha valaki most itt a teremben nekik ajánlásokat szeretne adni, hogy mégis hogyan tegyenek szert önálló otthonra."
990,NEUTRAL,0.95,The sentence provides factual data on rental market trends and does not address government power structure or democratic institutions.,ParlaMint-HU_2018-06-18,u2018-06-18-143-4,A friss tanulmányok szerint még egy New York nagyságrendű területen is 7 ezer és 13 500 ingatlan közötti mennyiséggel csökkentették az online szállásmegosztó alkalmazások és megoldások a hosszú távú albérletpiacot.
991,NEUTRAL,0.95,The sentence provides factual data about rental market supply and does not address the expansion of executive power or democratic institutional changes.,ParlaMint-HU_2018-06-18,u2018-06-18-143-5,"Magyarországon is több ezres nagyságrendről beszélünk, még a pár évvel ezelőtti mérések szerint is 2 ezer fölötti ingatlanmennyiség tűnt el az albérleti piac kínálati oldaláról."
992,NEUTRAL,0.9,The sentence discusses housing shortages and market trends without addressing the expansion of executive power or the undermining of democratic institutions.,ParlaMint-HU_2018-06-18,u2018-06-18-143-6,"Eközben egy állami hátterű bérlakásépítési program híján egyértelmű kínálati szűkösség lépett fel. És hogy a szállásmegosztó portálok, oldalak, alkalmazások sikerességét demonstráljuk: 2017 közepére a pesti airbnb-s kínálat kis híján már elérte a szállodák kapacitását."
993,NEUTRAL,0.9,The sentence focuses on housing policy and economic inaction rather than the expansion of executive power or the undermining of democratic institutions.,ParlaMint-HU_2018-06-18,u2018-06-18-143-7,"Tehát egy elképesztően nagy befogadóképességről van szó, amely hiányzik az albérleti piacról, egyértelműen az árak felveréséhez járult hozzá, és, miniszter úr, értetlenül állok az előtt, hogy egy magára valamit is adó, gazdasági felkészültséggel bíró kormányzat tehetetlenül szemléli az eseményeket."
994,NEUTRAL,0.95,The sentence is a policy question regarding the housing market and does not relate to the expansion of executive authority or democratic backsliding.,ParlaMint-HU_2018-06-18,u2018-06-18-143-8,"Tehát a kérdésem rövid és egyszerű: mit üzen ön a, mondjuk, Budapesten vagy nagyvárosokban albérletet kereső vagy éppen albérletet fizető fiatalok számára?"
995,NEUTRAL,0.9,"The sentence ironically mocks government rhetoric to criticize economic policy failures, without specifically addressing the expansion of executive power or democratic institutional decline.",ParlaMint-HU_2018-06-18,u2018-06-18-143-9,Valóban ez lenne a gazdasági szabadságharc?
996,NEUTRAL,0.95,The sentence critiques the government's housing policy and its socio-economic impact rather than addressing the expansion of executive power or democratic institutional erosion.,ParlaMint-HU_2018-06-18,u2018-06-18-143-10,Valóban ez lenne az érdemi kilátás számukra a jövőre nézve?
997,NEUTRAL,0.95,The sentence provides factual housing statistics from the national statistical office and does not discuss executive power or institutional changes.,ParlaMint-HU_2018-06-18,u2018-06-18-145-4,"Összességében szeretném képviselő úr figyelmébe ajánlani, hogy a KSH-adatok szerint szintén a magyarországi lakásállomány az elmúlt hat évben összesen 45 ezer lakással bővült."
998,NEUTRAL,1.0,"The sentence provides statistical data on housing distribution without addressing executive power or democratic institutions, making it neutral in this context.",ParlaMint-HU_2018-06-18,u2018-06-18-145-5,"Ennek ráadásul a döntő többsége Budapesten, illetve a megyei jogú városokban következett be."
999,NEUTRAL,1.0,"The sentence provides a statistical fact about housing and population density without addressing executive power, institutional shifts, or democratic norms.",ParlaMint-HU_2018-06-18,u2018-06-18-145-6,"Az is tény, hogy egyébként a száz lakásra jutó népesség ma 220 fő."
